date,model,alpha,return,sigma2,VaR,ES,period,period_start
2008-12-23,Historical Simulation,0.025,-1.0391432729627237,2.1506081269971236,-2.785967584674989,-5.154332941802198,Period I,2005-01-01
2008-12-24,Historical Simulation,0.025,0.5786383218398263,2.1501881952819035,-2.785967584674989,-5.154332941802198,Period I,2005-01-01
2008-12-26,Historical Simulation,0.025,0.5753093522237429,2.1501235740901445,-2.785967584674989,-5.154332941802198,Period I,2005-01-01
2008-12-29,Historical Simulation,0.025,-0.28724095061899446,2.150201645009842,-2.785967584674989,-5.154332941802198,Period I,2005-01-01
2008-12-30,Historical Simulation,0.025,2.342610539089738,2.150254751559114,-2.785967584674989,-5.154332941802198,Period I,2005-01-01
2008-12-31,Historical Simulation,0.025,1.4173516099915529,2.155637782462956,-2.785967584674989,-5.154332941802198,Period I,2005-01-01
2009-01-02,Historical Simulation,0.025,2.9696519178003355,2.1572884127576266,-2.785967584674989,-5.154332941802198,Period I,2005-01-01
2009-01-05,Historical Simulation,0.025,-0.11840118900765961,2.166143015518297,-2.785967584674989,-5.154332941802198,Period I,2005-01-01
2009-01-06,Historical Simulation,0.025,0.6655270889422131,2.165542228347087,-2.785967584674989,-5.154332941802198,Period I,2005-01-01
2009-01-07,Historical Simulation,0.025,-3.0414020791079848,2.16571552510634,-2.785967584674989,-5.154332941802198,Period I,2005-01-01
2009-01-08,Historical Simulation,0.025,0.4072458971089522,2.173694376948105,-3.0082932364508737,-5.155662834843998,Period I,2005-01-01
2009-01-09,Historical Simulation,0.025,-2.1651926807517587,2.172831443813178,-3.0082932364508737,-5.155662834843998,Period I,2005-01-01
2009-01-12,Historical Simulation,0.025,-2.4313847924378575,2.1770669159723774,-3.0082932364508737,-5.155662834843998,Period I,2005-01-01
2009-01-13,Historical Simulation,0.025,0.18384891350325747,2.1825023144833398,-3.0082932364508737,-5.155662834843998,Period I,2005-01-01
2009-01-14,Historical Simulation,0.025,-3.195977410592953,2.1825195973520164,-3.0082932364508737,-5.155662834843998,Period I,2005-01-01
2009-01-15,Historical Simulation,0.025,0.03554989494979771,2.192449193376177,-3.0141267098643945,-5.16295416772458,Period I,2005-01-01
2009-01-16,Historical Simulation,0.025,0.7789441442275626,2.19234370095234,-3.0141267098643945,-5.16295416772458,Period I,2005-01-01
2009-01-20,Historical Simulation,0.025,-5.423049312192624,2.192961633265749,-3.0141267098643945,-5.16295416772458,Period I,2005-01-01
2009-01-21,Historical Simulation,0.025,4.228552816206686,2.2220209759759717,-3.031259018495545,-5.2586361826115535,Period I,2005-01-01
2009-01-22,Historical Simulation,0.025,-1.5587881906289451,2.2397942254149443,-3.031259018495545,-5.2586361826115535,Period I,2005-01-01
2009-01-23,Historical Simulation,0.025,0.43410246516630385,2.241671479440108,-3.031259018495545,-5.2586361826115535,Period I,2005-01-01
2009-01-26,Historical Simulation,0.025,0.6834965054715632,2.24177819424188,-3.031259018495545,-5.2586361826115535,Period I,2005-01-01
2009-01-27,Historical Simulation,0.025,1.010648253622144,2.2422453887514457,-3.031259018495545,-5.2586361826115535,Period I,2005-01-01
2009-01-28,Historical Simulation,0.025,3.3274366155453943,2.2421353807733495,-3.031259018495545,-5.2586361826115535,Period I,2005-01-01
2009-01-29,Historical Simulation,0.025,-3.3037741216518097,2.253432636847579,-3.031259018495545,-5.2586361826115535,Period I,2005-01-01
2009-01-30,Historical Simulation,0.025,-2.055277472235818,2.264115643458865,-3.0417891289517693,-5.269131064313306,Period I,2005-01-01
2009-02-02,Historical Simulation,0.025,-0.30227940853050667,2.2676851560793576,-3.0417891289517693,-5.269131064313306,Period I,2005-01-01
2009-02-03,Historical Simulation,0.025,1.3949192449676409,2.2675982577947877,-3.0417891289517693,-5.269131064313306,Period I,2005-01-01
2009-02-04,Historical Simulation,0.025,-0.49080847130710814,2.2688514077598807,-3.0417891289517693,-5.269131064313306,Period I,2005-01-01
2009-02-05,Historical Simulation,0.025,1.4770939817922155,2.26905629051368,-3.0417891289517693,-5.269131064313306,Period I,2005-01-01
2009-02-06,Historical Simulation,0.025,2.8098655578234966,2.2711823128305313,-3.0417891289517693,-5.269131064313306,Period I,2005-01-01
2009-02-09,Historical Simulation,0.025,0.13786205759479542,2.279271022145078,-3.0417891289517693,-5.269131064313306,Period I,2005-01-01
2009-02-10,Historical Simulation,0.025,-4.689182743092,2.2786925618923815,-3.0417891289517693,-5.269131064313306,Period I,2005-01-01
2009-02-11,Historical Simulation,0.025,0.5878462929680316,2.3003508312384486,-3.058867539140529,-5.334423011122611,Period I,2005-01-01
2009-02-12,Historical Simulation,0.025,0.0717507949255106,2.2986008825105735,-3.058867539140529,-5.334423011122611,Period I,2005-01-01
2009-02-13,Historical Simulation,0.025,-1.081613109807438,2.298050144798251,-3.058867539140529,-5.334423011122611,Period I,2005-01-01
2009-02-17,Historical Simulation,0.025,-4.371607108689898,2.298659088848977,-3.058867539140529,-5.334423011122611,Period I,2005-01-01
2009-02-18,Historical Simulation,0.025,-0.2401295831986448,2.316389024402589,-3.1377165912680844,-5.38383838650597,Period I,2005-01-01
2009-02-19,Historical Simulation,0.025,-1.0813647502500439,2.3160451985631267,-3.1377165912680844,-5.38383838650597,Period I,2005-01-01
2009-02-20,Historical Simulation,0.025,-0.9768742769734874,2.3168332448761135,-3.1377165912680844,-5.38383838650597,Period I,2005-01-01
2009-02-23,Historical Simulation,0.025,-3.6434577072935848,2.3177037250314685,-3.1377165912680844,-5.38383838650597,Period I,2005-01-01
2009-02-24,Historical Simulation,0.025,3.720933743960743,2.3306460587910207,-3.1971116261561145,-5.4017375983739955,Period I,2005-01-01
2009-02-25,Historical Simulation,0.025,-0.7904162773987182,2.343205962480269,-3.1971116261561145,-5.4017375983739955,Period I,2005-01-01
2009-02-26,Historical Simulation,0.025,-1.6394884307632596,2.343750963161487,-3.1971116261561145,-5.4017375983739955,Period I,2005-01-01
2009-02-27,Historical Simulation,0.025,-2.2602131086717105,2.346180430601519,-3.1971116261561145,-5.4017375983739955,Period I,2005-01-01
2009-03-02,Historical Simulation,0.025,-4.608858081073006,2.3499316919180324,-3.1971116261561145,-5.4017375983739955,Period I,2005-01-01
2009-03-03,Historical Simulation,0.025,-0.7535384859036656,2.370645068620669,-3.2429067353327294,-5.45643808029214,Period I,2005-01-01
2009-03-04,Historical Simulation,0.025,2.3414378910774323,2.3707125564205476,-3.2429067353327294,-5.45643808029214,Period I,2005-01-01
2009-03-05,Historical Simulation,0.025,-4.170532764167614,2.3759977489293207,-3.2429067353327294,-5.45643808029214,Period I,2005-01-01
2009-03-06,Historical Simulation,0.025,0.1742595795658918,2.3923589569685237,-3.31154588474711,-5.491108425992772,Period I,2005-01-01
2009-03-09,Historical Simulation,0.025,-1.182233087741168,2.391775193854774,-3.31154588474711,-5.491108425992772,Period I,2005-01-01
2009-03-10,Historical Simulation,0.025,5.790036749828206,2.392980242297331,-3.31154588474711,-5.491108425992772,Period I,2005-01-01
2009-03-11,Historical Simulation,0.025,0.6491304177849674,2.4267483406000823,-3.31154588474711,-5.491108425992772,Period I,2005-01-01
2009-03-12,Historical Simulation,0.025,3.8616930364357995,2.4271320908317753,-3.31154588474711,-5.491108425992772,Period I,2005-01-01
2009-03-13,Historical Simulation,0.025,0.7784145804795887,2.44146687742995,-3.31154588474711,-5.491108425992772,Period I,2005-01-01
2009-03-16,Historical Simulation,0.025,-0.3027257753259416,2.4421262608645873,-3.31154588474711,-5.491108425992772,Period I,2005-01-01
2009-03-17,Historical Simulation,0.025,3.0124319961795063,2.4421671249130297,-3.31154588474711,-5.491108425992772,Period I,2005-01-01
2009-03-18,Historical Simulation,0.025,2.213739118765506,2.451471089807521,-3.31154588474711,-5.491108425992772,Period I,2005-01-01
2009-03-19,Historical Simulation,0.025,-1.2463154293899426,2.4561568767258644,-3.31154588474711,-5.491108425992772,Period I,2005-01-01
2009-03-20,Historical Simulation,0.025,-2.8656035125776578,2.455525650698074,-3.31154588474711,-5.491108425992772,Period I,2005-01-01
2009-03-23,Historical Simulation,0.025,6.936653028023308,2.463487169468309,-3.31154588474711,-5.491108425992772,Period I,2005-01-01
2009-03-24,Historical Simulation,0.025,-1.9899965735440541,2.5120312593091385,-3.31154588474711,-5.491108425992772,Period I,2005-01-01
2009-03-25,Historical Simulation,0.025,1.0490666999103533,2.5158075035091794,-3.31154588474711,-5.491108425992772,Period I,2005-01-01
2009-03-26,Historical Simulation,0.025,2.0175741328649455,2.516726471091574,-3.31154588474711,-5.491108425992772,Period I,2005-01-01
2009-03-27,Historical Simulation,0.025,-1.82132279488019,2.5208028840338623,-3.31154588474711,-5.491108425992772,Period I,2005-01-01
2009-03-30,Historical Simulation,0.025,-3.5165714082594945,2.523659951689379,-3.31154588474711,-5.491108425992772,Period I,2005-01-01
2009-03-31,Historical Simulation,0.025,0.9222423255919477,2.5347510175258927,-3.519023239189603,-5.491108425992772,Period I,2005-01-01
2009-04-01,Historical Simulation,0.025,1.918107094829613,2.5356642734785617,-3.519023239189603,-5.491108425992772,Period I,2005-01-01
2009-04-02,Historical Simulation,0.025,2.8818369490195277,2.539190459078274,-3.519023239189603,-5.491108425992772,Period I,2005-01-01
2009-04-03,Historical Simulation,0.025,0.9899321331862869,2.5463887651624137,-3.519023239189603,-5.491108425992772,Period I,2005-01-01
2009-04-06,Historical Simulation,0.025,-0.7863780065196408,2.545795967109291,-3.519023239189603,-5.491108425992772,Period I,2005-01-01
2009-04-07,Historical Simulation,0.025,-2.360166373399636,2.544466355727944,-3.519023239189603,-5.491108425992772,Period I,2005-01-01
2009-04-08,Historical Simulation,0.025,1.0720010709050372,2.5497751215950744,-3.519023239189603,-5.491108425992772,Period I,2005-01-01
2009-04-09,Historical Simulation,0.025,3.8973672554157055,2.550317067878744,-3.519023239189603,-5.491108425992772,Period I,2005-01-01
2009-04-13,Historical Simulation,0.025,0.023309569590602167,2.5638739800495975,-3.519023239189603,-5.491108425992772,Period I,2005-01-01
2009-04-14,Historical Simulation,0.025,-1.7393826161506316,2.5600604031896577,-3.519023239189603,-5.491108425992772,Period I,2005-01-01
2009-04-15,Historical Simulation,0.025,1.0613325261499618,2.5628604881406334,-3.519023239189603,-5.491108425992772,Period I,2005-01-01
2009-04-16,Historical Simulation,0.025,1.4556297774207454,2.563583408435833,-3.519023239189603,-5.491108425992772,Period I,2005-01-01
2009-04-17,Historical Simulation,0.025,0.6682843455783037,2.564896019871066,-3.519023239189603,-5.491108425992772,Period I,2005-01-01
2009-04-20,Historical Simulation,0.025,-4.281929682176725,2.5652068147167855,-3.519023239189603,-5.491108425992772,Period I,2005-01-01
2009-04-21,Historical Simulation,0.025,1.9348900551471482,2.581785881898605,-3.615364972009578,-5.517799827461288,Period I,2005-01-01
2009-04-22,Historical Simulation,0.025,-0.6132055155160467,2.5837506555171195,-3.615364972009578,-5.517799827461288,Period I,2005-01-01
2009-04-23,Historical Simulation,0.025,0.9769977226737957,2.5837394187355414,-3.615364972009578,-5.517799827461288,Period I,2005-01-01
2009-04-24,Historical Simulation,0.025,1.499767537522274,2.5847163105399775,-3.615364972009578,-5.517799827461288,Period I,2005-01-01
2009-04-27,Historical Simulation,0.025,-0.950740290971751,2.5864211352682323,-3.615364972009578,-5.517799827461288,Period I,2005-01-01
2009-04-28,Historical Simulation,0.025,-0.31503047968277903,2.58726807307246,-3.615364972009578,-5.517799827461288,Period I,2005-01-01
2009-04-29,Historical Simulation,0.025,2.104610179165032,2.58726780599667,-3.615364972009578,-5.517799827461288,Period I,2005-01-01
2009-04-30,Historical Simulation,0.025,0.03432158344524315,2.5914058638708943,-3.615364972009578,-5.517799827461288,Period I,2005-01-01
2009-05-01,Historical Simulation,0.025,0.5361957142381252,2.5903856891052826,-3.615364972009578,-5.517799827461288,Period I,2005-01-01
2009-05-04,Historical Simulation,0.025,3.3453899118707304,2.5903729086682663,-3.615364972009578,-5.517799827461288,Period I,2005-01-01
2009-05-05,Historical Simulation,0.025,-0.34168957334120814,2.600587349483795,-3.615364972009578,-5.517799827461288,Period I,2005-01-01
2009-05-06,Historical Simulation,0.025,1.7186123866239669,2.600657753126883,-3.615364972009578,-5.517799827461288,Period I,2005-01-01
2009-05-07,Historical Simulation,0.025,-1.398928583484315,2.602788622117633,-3.615364972009578,-5.517799827461288,Period I,2005-01-01
2009-05-08,Historical Simulation,0.025,2.3064585317510486,2.6042018463619674,-3.615364972009578,-5.517799827461288,Period I,2005-01-01
2009-05-11,Historical Simulation,0.025,-1.8891078363386136,2.6085422035918087,-3.615364972009578,-5.517799827461288,Period I,2005-01-01
2009-05-12,Historical Simulation,0.025,-0.2963578750162108,2.6118193188589696,-3.615364972009578,-5.517799827461288,Period I,2005-01-01
2009-05-13,Historical Simulation,0.025,-2.5495407063288846,2.6118786020341753,-3.615364972009578,-5.517799827461288,Period I,2005-01-01
2009-05-14,Historical Simulation,0.025,0.8533648513944746,2.6179026063456576,-3.615364972009578,-5.517799827461288,Period I,2005-01-01
2009-05-15,Historical Simulation,0.025,-0.819542449132723,2.6186410010191636,-3.615364972009578,-5.517799827461288,Period I,2005-01-01
2009-05-18,Historical Simulation,0.025,2.8011214941717695,2.619263917605413,-3.615364972009578,-5.517799827461288,Period I,2005-01-01
2009-05-19,Historical Simulation,0.025,-0.12064778723626043,2.6269617515096972,-3.615364972009578,-5.517799827461288,Period I,2005-01-01
2009-05-20,Historical Simulation,0.025,-0.6716983840170287,2.626932724902331,-3.615364972009578,-5.517799827461288,Period I,2005-01-01
2009-05-21,Historical Simulation,0.025,-1.446723477814465,2.626969650304042,-3.615364972009578,-5.517799827461288,Period I,2005-01-01
2009-05-22,Historical Simulation,0.025,-0.2132104785256413,2.6282084394079246,-3.615364972009578,-5.517799827461288,Period I,2005-01-01
2009-05-26,Historical Simulation,0.025,2.5289795148701324,2.6281814499699214,-3.615364972009578,-5.517799827461288,Period I,2005-01-01
2009-05-27,Historical Simulation,0.025,-1.8014576482497175,2.6345029644520803,-3.615364972009578,-5.517799827461288,Period I,2005-01-01
2009-05-28,Historical Simulation,0.025,1.3843734301126625,2.6376461417654107,-3.615364972009578,-5.517799827461288,Period I,2005-01-01
2009-05-29,Historical Simulation,0.025,1.7552924223269621,2.639633677089045,-3.615364972009578,-5.517799827461288,Period I,2005-01-01
2009-06-01,Historical Simulation,0.025,2.391996499177469,2.6427885434342056,-3.615364972009578,-5.517799827461288,Period I,2005-01-01
2009-06-02,Historical Simulation,0.025,0.08438122335373766,2.6483866371700966,-3.615364972009578,-5.517799827461288,Period I,2005-01-01
2009-06-03,Historical Simulation,0.025,-1.2732235110220134,2.6483547060197843,-3.615364972009578,-5.517799827461288,Period I,2005-01-01
2009-06-04,Historical Simulation,0.025,0.9352786340380315,2.649799824894223,-3.615364972009578,-5.517799827461288,Period I,2005-01-01
2009-06-05,Historical Simulation,0.025,0.02115958572229988,2.650656690264843,-3.615364972009578,-5.517799827461288,Period I,2005-01-01
2009-06-08,Historical Simulation,0.025,-0.41333255366907495,2.650612617179413,-3.615364972009578,-5.517799827461288,Period I,2005-01-01
2009-06-09,Historical Simulation,0.025,0.5084711376508008,2.6506846068414696,-3.615364972009578,-5.517799827461288,Period I,2005-01-01
2009-06-10,Historical Simulation,0.025,-0.2539123905512595,2.6509695703036993,-3.615364972009578,-5.517799827461288,Period I,2005-01-01
2009-06-11,Historical Simulation,0.025,0.4439264940071205,2.6510186548511365,-3.615364972009578,-5.517799827461288,Period I,2005-01-01
2009-06-12,Historical Simulation,0.025,0.27383074945380476,2.6512319006812133,-3.615364972009578,-5.517799827461288,Period I,2005-01-01
2009-06-15,Historical Simulation,0.025,-2.319499950528158,2.6513096418573197,-3.615364972009578,-5.517799827461288,Period I,2005-01-01
2009-06-16,Historical Simulation,0.025,-1.3655811319777544,2.654641149599298,-3.615364972009578,-5.517799827461288,Period I,2005-01-01
2009-06-17,Historical Simulation,0.025,-0.09825464701284027,2.6559318032129395,-3.615364972009578,-5.517799827461288,Period I,2005-01-01
2009-06-18,Historical Simulation,0.025,0.7291735560570102,2.6559084041315066,-3.615364972009578,-5.517799827461288,Period I,2005-01-01
2009-06-19,Historical Simulation,0.025,-0.19537649011938807,2.655735775040034,-3.615364972009578,-5.517799827461288,Period I,2005-01-01
2009-06-22,Historical Simulation,0.025,-3.044579015397382,2.6557065631370427,-3.615364972009578,-5.517799827461288,Period I,2005-01-01
2009-06-23,Historical Simulation,0.025,0.0783739567638226,2.6645508136279505,-3.615364972009578,-5.517799827461288,Period I,2005-01-01
2009-06-24,Historical Simulation,0.025,0.8580921513096341,2.664458413560111,-3.615364972009578,-5.517799827461288,Period I,2005-01-01
2009-06-25,Historical Simulation,0.025,2.151563825811823,2.6645583179640164,-3.615364972009578,-5.517799827461288,Period I,2005-01-01
2009-06-26,Historical Simulation,0.025,-0.2609891602732419,2.6686479615651533,-3.615364972009578,-5.517799827461288,Period I,2005-01-01
2009-06-29,Historical Simulation,0.025,0.9320546954641561,2.6685273483354854,-3.615364972009578,-5.517799827461288,Period I,2005-01-01
2009-06-30,Historical Simulation,0.025,-0.8123521790001337,2.6680949761233683,-3.615364972009578,-5.517799827461288,Period I,2005-01-01
2009-07-01,Historical Simulation,0.025,0.4124217755158071,2.668422485141799,-3.615364972009578,-5.517799827461288,Period I,2005-01-01
2009-07-02,Historical Simulation,0.025,-2.767283511743629,2.6685324660455723,-3.615364972009578,-5.517799827461288,Period I,2005-01-01
2009-07-06,Historical Simulation,0.025,-0.011129120663986641,2.676006842293435,-3.615364972009578,-5.517799827461288,Period I,2005-01-01
2009-07-07,Historical Simulation,0.025,-1.9566636688835874,2.6758285748467965,-3.615364972009578,-5.517799827461288,Period I,2005-01-01
2009-07-08,Historical Simulation,0.025,-0.06815581250509894,2.6795347086843475,-3.615364972009578,-5.517799827461288,Period I,2005-01-01
2009-07-09,Historical Simulation,0.025,0.19299338534081464,2.6794014306436438,-3.615364972009578,-5.517799827461288,Period I,2005-01-01
2009-07-10,Historical Simulation,0.025,-0.23845930535050974,2.679116753218531,-3.615364972009578,-5.517799827461288,Period I,2005-01-01
2009-07-13,Historical Simulation,0.025,2.403799240078975,2.679018426261139,-3.615364972009578,-5.517799827461288,Period I,2005-01-01
2009-07-14,Historical Simulation,0.025,0.5644441291098867,2.684653732418055,-3.615364972009578,-5.517799827461288,Period I,2005-01-01
2009-07-15,Historical Simulation,0.025,2.8826725316357917,2.6845224048726823,-3.615364972009578,-5.517799827461288,Period I,2005-01-01
2009-07-16,Historical Simulation,0.025,-0.1609717830750838,2.692946428511306,-3.615364972009578,-5.517799827461288,Period I,2005-01-01
2009-07-17,Historical Simulation,0.025,1.089517992491908,2.6929417141002845,-3.615364972009578,-5.517799827461288,Period I,2005-01-01
2009-07-20,Historical Simulation,0.025,1.0567571965960236,2.694037489963815,-3.615364972009578,-5.517799827461288,Period I,2005-01-01
2009-07-21,Historical Simulation,0.025,0.46146117383865637,2.6947837330701785,-3.615364972009578,-5.517799827461288,Period I,2005-01-01
2009-07-22,Historical Simulation,0.025,-0.02092574597321095,2.694609238966089,-3.615364972009578,-5.517799827461288,Period I,2005-01-01
2009-07-23,Historical Simulation,0.025,2.184239350693466,2.694607056282671,-3.615364972009578,-5.517799827461288,Period I,2005-01-01
2009-07-24,Historical Simulation,0.025,0.408741519394771,2.699105767894984,-3.615364972009578,-5.517799827461288,Period I,2005-01-01
2009-07-27,Historical Simulation,0.025,0.2953017994263744,2.6992096827412895,-3.615364972009578,-5.517799827461288,Period I,2005-01-01
2009-07-28,Historical Simulation,0.025,-0.4688136282021755,2.698700019958869,-3.615364972009578,-5.517799827461288,Period I,2005-01-01
2009-07-29,Historical Simulation,0.025,-0.24547200895752974,2.6984651472084464,-3.615364972009578,-5.517799827461288,Period I,2005-01-01
2009-07-30,Historical Simulation,0.025,1.0391257363027433,2.698487681068033,-3.615364972009578,-5.517799827461288,Period I,2005-01-01
2009-07-31,Historical Simulation,0.025,0.14178591870671048,2.6992261236810906,-3.615364972009578,-5.517799827461288,Period I,2005-01-01
2009-08-03,Historical Simulation,0.025,1.6361769097712722,2.699252365933691,-3.615364972009578,-5.517799827461288,Period I,2005-01-01
2009-08-04,Historical Simulation,0.025,0.258521082258083,2.7018282102216427,-3.615364972009578,-5.517799827461288,Period I,2005-01-01
2009-08-05,Historical Simulation,0.025,-0.28839290561714476,2.701551520279491,-3.615364972009578,-5.517799827461288,Period I,2005-01-01
2009-08-06,Historical Simulation,0.025,-0.519226592908312,2.701218210715661,-3.615364972009578,-5.517799827461288,Period I,2005-01-01
2009-08-07,Historical Simulation,0.025,1.302915226383367,2.699805900635925,-3.615364972009578,-5.517799827461288,Period I,2005-01-01
2009-08-10,Historical Simulation,0.025,-0.20772458120808637,2.701556335429826,-3.615364972009578,-5.517799827461288,Period I,2005-01-01
2009-08-11,Historical Simulation,0.025,-1.255491281157975,2.7015918884984833,-3.615364972009578,-5.517799827461288,Period I,2005-01-01
2009-08-12,Historical Simulation,0.025,1.0671817838648352,2.7030584488318237,-3.615364972009578,-5.517799827461288,Period I,2005-01-01
2009-08-13,Historical Simulation,0.025,0.7609827034181113,2.704241209405589,-3.615364972009578,-5.517799827461288,Period I,2005-01-01
2009-08-14,Historical Simulation,0.025,-0.7709059496523747,2.704821605198014,-3.615364972009578,-5.517799827461288,Period I,2005-01-01
2009-08-17,Historical Simulation,0.025,-2.491342690522046,2.7046180535432467,-3.615364972009578,-5.517799827461288,Period I,2005-01-01
2009-08-18,Historical Simulation,0.025,0.7902764568321541,2.7105862252007387,-3.615364972009578,-5.517799827461288,Period I,2005-01-01
2009-08-19,Historical Simulation,0.025,0.8741605694413355,2.7108023408730397,-3.615364972009578,-5.517799827461288,Period I,2005-01-01
2009-08-20,Historical Simulation,0.025,1.025138407775959,2.710982344453038,-3.615364972009578,-5.517799827461288,Period I,2005-01-01
2009-08-21,Historical Simulation,0.025,1.9416214638024671,2.7118146910859484,-3.615364972009578,-5.517799827461288,Period I,2005-01-01
2009-08-24,Historical Simulation,0.025,-0.009714112779598012,2.7140335953423036,-3.615364972009578,-5.517799827461288,Period I,2005-01-01
2009-08-25,Historical Simulation,0.025,0.19406621166559035,2.714030509638447,-3.615364972009578,-5.517799827461288,Period I,2005-01-01
2009-08-26,Historical Simulation,0.025,0.009687885188834892,2.7140487191004175,-3.615364972009578,-5.517799827461288,Period I,2005-01-01
2009-08-27,Historical Simulation,0.025,0.22268814670309842,2.7126548932586525,-3.615364972009578,-5.517799827461288,Period I,2005-01-01
2009-08-28,Historical Simulation,0.025,-0.01934836313128255,2.712677655799855,-3.615364972009578,-5.517799827461288,Period I,2005-01-01
2009-08-31,Historical Simulation,0.025,-0.8939023624470115,2.7125792784749145,-3.615364972009578,-5.517799827461288,Period I,2005-01-01
2009-09-01,Historical Simulation,0.025,-2.2304311381495983,2.7125254704844797,-3.615364972009578,-5.517799827461288,Period I,2005-01-01
2009-09-02,Historical Simulation,0.025,-0.3799597209896823,2.7173812798459513,-3.615364972009578,-5.517799827461288,Period I,2005-01-01
2009-09-03,Historical Simulation,0.025,0.8280606261845547,2.7172234708830176,-3.615364972009578,-5.517799827461288,Period I,2005-01-01
2009-09-04,Historical Simulation,0.025,1.39116844684933,2.7178265102391337,-3.615364972009578,-5.517799827461288,Period I,2005-01-01
2009-09-08,Historical Simulation,0.025,0.8585466226855942,2.7198176457777024,-3.615364972009578,-5.517799827461288,Period I,2005-01-01
2009-09-09,Historical Simulation,0.025,0.7645083864563935,2.720496144996025,-3.615364972009578,-5.517799827461288,Period I,2005-01-01
2009-09-10,Historical Simulation,0.025,1.0166954417670773,2.721009298812575,-3.615364972009578,-5.517799827461288,Period I,2005-01-01
2009-09-11,Historical Simulation,0.025,-0.019091689973998686,2.7213837571759174,-3.615364972009578,-5.517799827461288,Period I,2005-01-01
2009-09-14,Historical Simulation,0.025,0.4856016658290553,2.720529801917321,-3.615364972009578,-5.517799827461288,Period I,2005-01-01
2009-09-15,Historical Simulation,0.025,0.41706453004734534,2.7206434253381055,-3.615364972009578,-5.517799827461288,Period I,2005-01-01
2009-09-16,Historical Simulation,0.025,1.5020921431161585,2.720820148844247,-3.615364972009578,-5.517799827461288,Period I,2005-01-01
2009-09-17,Historical Simulation,0.025,-0.14919438631904425,2.7231019647046475,-3.615364972009578,-5.517799827461288,Period I,2005-01-01
2009-09-18,Historical Simulation,0.025,-0.4114485244940842,2.7231205108582155,-3.615364972009578,-5.517799827461288,Period I,2005-01-01
2009-09-21,Historical Simulation,0.025,-0.25332309346603893,2.7232670956177807,-3.615364972009578,-5.517799827461288,Period I,2005-01-01
2009-09-22,Historical Simulation,0.025,0.5807460648907438,2.7226448939445533,-3.615364972009578,-5.517799827461288,Period I,2005-01-01
2009-09-23,Historical Simulation,0.025,-0.834705329027164,2.7228943523885825,-3.615364972009578,-5.517799827461288,Period I,2005-01-01
2009-09-24,Historical Simulation,0.025,-1.1080165968645181,2.7234498226241683,-3.615364972009578,-5.517799827461288,Period I,2005-01-01
2009-09-25,Historical Simulation,0.025,-0.5347145275845743,2.7233967523629796,-3.615364972009578,-5.517799827461288,Period I,2005-01-01
2009-09-28,Historical Simulation,0.025,1.7744952749467677,2.721959859151146,-3.615364972009578,-5.517799827461288,Period I,2005-01-01
2009-09-29,Historical Simulation,0.025,-0.3014317422571151,2.725035477973176,-3.615364972009578,-5.517799827461288,Period I,2005-01-01
2009-09-30,Historical Simulation,0.025,-0.3875458975995066,2.724993229708195,-3.615364972009578,-5.517799827461288,Period I,2005-01-01
2009-10-01,Historical Simulation,0.025,-2.512593961247314,2.7244346743859627,-3.615364972009578,-5.517799827461288,Period I,2005-01-01
2009-10-02,Historical Simulation,0.025,-0.46724835234339446,2.7306727971922076,-3.615364972009578,-5.517799827461288,Period I,2005-01-01
2009-10-05,Historical Simulation,0.025,1.4817944072759348,2.7302780712479593,-3.615364972009578,-5.517799827461288,Period I,2005-01-01
2009-10-06,Historical Simulation,0.025,1.4222599327786973,2.732512226211924,-3.615364972009578,-5.517799827461288,Period I,2005-01-01
2009-10-07,Historical Simulation,0.025,0.2744792868079011,2.7334414969253986,-3.615364972009578,-5.517799827461288,Period I,2005-01-01
2009-10-08,Historical Simulation,0.025,0.7626773418680682,2.733377546581115,-3.615364972009578,-5.517799827461288,Period I,2005-01-01
2009-10-09,Historical Simulation,0.025,0.6078491783683554,2.732813320831723,-3.615364972009578,-5.517799827461288,Period I,2005-01-01
2009-10-12,Historical Simulation,0.025,0.3908055259361913,2.7304364369505016,-3.615364972009578,-5.517799827461288,Period I,2005-01-01
2009-10-13,Historical Simulation,0.025,-0.2045191949544844,2.727470705203589,-3.615364972009578,-5.517799827461288,Period I,2005-01-01
2009-10-14,Historical Simulation,0.025,1.7069183190070207,2.7273492806954236,-3.615364972009578,-5.517799827461288,Period I,2005-01-01
2009-10-15,Historical Simulation,0.025,0.36526525133812837,2.7279034025946225,-3.615364972009578,-5.517799827461288,Period I,2005-01-01
2009-10-16,Historical Simulation,0.025,-0.7502319731666001,2.728007014422563,-3.615364972009578,-5.517799827461288,Period I,2005-01-01
2009-10-19,Historical Simulation,0.025,0.8231265832779153,2.728476416382221,-3.615364972009578,-5.517799827461288,Period I,2005-01-01
2009-10-20,Historical Simulation,0.025,-0.5296832759081879,2.7280406278427347,-3.615364972009578,-5.517799827461288,Period I,2005-01-01
2009-10-21,Historical Simulation,0.025,-0.9014002502735659,2.726244360927107,-3.615364972009578,-5.517799827461288,Period I,2005-01-01
2009-10-22,Historical Simulation,0.025,1.011222487063639,2.7269587702594187,-3.615364972009578,-5.517799827461288,Period I,2005-01-01
2009-10-23,Historical Simulation,0.025,-1.1499137600751326,2.7279070998008934,-3.615364972009578,-5.517799827461288,Period I,2005-01-01
2009-10-26,Historical Simulation,0.025,-1.0884317314062935,2.728099993529314,-3.615364972009578,-5.517799827461288,Period I,2005-01-01
2009-10-27,Historical Simulation,0.025,-0.4593881317244379,2.7290656309311343,-3.615364972009578,-5.517799827461288,Period I,2005-01-01
2009-10-28,Historical Simulation,0.025,-1.9068020585961882,2.729250781827937,-3.615364972009578,-5.517799827461288,Period I,2005-01-01
2009-10-29,Historical Simulation,0.025,2.122696784837498,2.7328214282622043,-3.615364972009578,-5.517799827461288,Period I,2005-01-01
2009-10-30,Historical Simulation,0.025,-2.940132791617279,2.737394235377394,-3.615364972009578,-5.517799827461288,Period I,2005-01-01
2009-11-02,Historical Simulation,0.025,0.7311963944424573,2.7459368704440505,-3.615364972009578,-5.517799827461288,Period I,2005-01-01
2009-11-03,Historical Simulation,0.025,0.3158368219829836,2.7458721982587715,-3.615364972009578,-5.517799827461288,Period I,2005-01-01
2009-11-04,Historical Simulation,0.025,0.2576674073968624,2.7458555613993587,-3.615364972009578,-5.517799827461288,Period I,2005-01-01
2009-11-05,Historical Simulation,0.025,1.8227829937826525,2.745929269094111,-3.615364972009578,-5.517799827461288,Period I,2005-01-01
2009-11-06,Historical Simulation,0.025,0.26170571520377806,2.7491894334876728,-3.615364972009578,-5.517799827461288,Period I,2005-01-01
2009-11-09,Historical Simulation,0.025,2.2520586995464766,2.7492185672110834,-3.615364972009578,-5.517799827461288,Period I,2005-01-01
2009-11-10,Historical Simulation,0.025,0.01824844267555441,2.75347127650142,-3.615364972009578,-5.517799827461288,Period I,2005-01-01
2009-11-11,Historical Simulation,0.025,0.5096991042243658,2.753307717756318,-3.615364972009578,-5.517799827461288,Period I,2005-01-01
2009-11-12,Historical Simulation,0.025,-1.022002457882783,2.7533154950991103,-3.615364972009578,-5.517799827461288,Period I,2005-01-01
2009-11-13,Historical Simulation,0.025,0.539680215119228,2.754136667309884,-3.615364972009578,-5.517799827461288,Period I,2005-01-01
2009-11-16,Historical Simulation,0.025,1.4400432924878435,2.7540946545857796,-3.615364972009578,-5.517799827461288,Period I,2005-01-01
2009-11-17,Historical Simulation,0.025,0.1168252265801438,2.756202575525889,-3.615364972009578,-5.517799827461288,Period I,2005-01-01
2009-11-18,Historical Simulation,0.025,-0.06288998637843356,2.7557324665909047,-3.615364972009578,-5.517799827461288,Period I,2005-01-01
2009-11-19,Historical Simulation,0.025,-1.3116990928494368,2.7557253037621385,-3.615364972009578,-5.517799827461288,Period I,2005-01-01
2009-11-20,Historical Simulation,0.025,-0.3557580852726131,2.75713498269499,-3.615364972009578,-5.517799827461288,Period I,2005-01-01
2009-11-23,Historical Simulation,0.025,1.2622182466278804,2.7561911220864155,-3.615364972009578,-5.517799827461288,Period I,2005-01-01
2009-11-24,Historical Simulation,0.025,0.1532827231427791,2.757801983973314,-3.615364972009578,-5.517799827461288,Period I,2005-01-01
2009-11-25,Historical Simulation,0.025,0.35076655851257504,2.757789831472257,-3.615364972009578,-5.517799827461288,Period I,2005-01-01
2009-11-27,Historical Simulation,0.025,-1.6384141869871134,2.7578812945511877,-3.615364972009578,-5.517799827461288,Period I,2005-01-01
2009-11-30,Historical Simulation,0.025,0.3371173007140081,2.760197084060867,-3.615364972009578,-5.517799827461288,Period I,2005-01-01
2009-12-01,Historical Simulation,0.025,1.2294501061477423,2.760317908441097,-3.615364972009578,-5.517799827461288,Period I,2005-01-01
2009-12-02,Historical Simulation,0.025,-0.044936465435678634,2.761787967319525,-3.615364972009578,-5.517799827461288,Period I,2005-01-01
2009-12-03,Historical Simulation,0.025,-0.78509879179629,2.761777399208063,-3.615364972009578,-5.517799827461288,Period I,2005-01-01
2009-12-04,Historical Simulation,0.025,0.569137345975483,2.761894861743388,-3.615364972009578,-5.517799827461288,Period I,2005-01-01
2009-12-07,Historical Simulation,0.025,-0.15326196329653333,2.7620703365186574,-3.615364972009578,-5.517799827461288,Period I,2005-01-01
2009-12-08,Historical Simulation,0.025,-1.115907015915104,2.762013554873619,-3.615364972009578,-5.517799827461288,Period I,2005-01-01
2009-12-09,Historical Simulation,0.025,0.3733520139255921,2.7625275343443416,-3.615364972009578,-5.517799827461288,Period I,2005-01-01
2009-12-10,Historical Simulation,0.025,0.5619544904667438,2.762425340478984,-3.615364972009578,-5.517799827461288,Period I,2005-01-01
2009-12-11,Historical Simulation,0.025,0.42390252491877267,2.7627445703869857,-3.615364972009578,-5.517799827461288,Period I,2005-01-01
2009-12-14,Historical Simulation,0.025,0.6816800321253684,2.76290595301002,-3.615364972009578,-5.517799827461288,Period I,2005-01-01
2009-12-15,Historical Simulation,0.025,-0.4659127410461224,2.7631020076414123,-3.615364972009578,-5.517799827461288,Period I,2005-01-01
2009-12-16,Historical Simulation,0.025,0.15255369106561056,2.7633029937247144,-3.615364972009578,-5.517799827461288,Period I,2005-01-01
2009-12-17,Historical Simulation,0.025,-1.208852209622162,2.762308066286571,-3.615364972009578,-5.517799827461288,Period I,2005-01-01
2009-12-18,Historical Simulation,0.025,0.027223358197046153,2.7636852774390563,-3.615364972009578,-5.517799827461288,Period I,2005-01-01
2009-12-21,Historical Simulation,0.025,1.0111151791373518,2.7634989245048716,-3.615364972009578,-5.517799827461288,Period I,2005-01-01
2009-12-22,Historical Simulation,0.025,0.35864964165904084,2.7642626274653304,-3.615364972009578,-5.517799827461288,Period I,2005-01-01
2008-12-23,GARCH,0.025,-1.0391432729627237,10.173765261086297,-6.374777927435562,-8.392333152813794,Period I,2005-01-01
2008-12-24,GARCH,0.025,0.5786383218398263,10.173765261086297,-6.374777927435562,-8.392333152813794,Period I,2005-01-01
2008-12-26,GARCH,0.025,0.5753093522237429,10.173765261086297,-6.374777927435562,-8.392333152813794,Period I,2005-01-01
2008-12-29,GARCH,0.025,-0.28724095061899446,10.173765261086297,-6.374777927435562,-8.392333152813794,Period I,2005-01-01
2008-12-30,GARCH,0.025,2.342610539089738,10.173765261086297,-6.374777927435562,-8.392333152813794,Period I,2005-01-01
2008-12-31,GARCH,0.025,1.4173516099915529,10.173765261086297,-6.374777927435562,-8.392333152813794,Period I,2005-01-01
2009-01-02,GARCH,0.025,2.9696519178003355,10.173765261086297,-6.374777927435562,-8.392333152813794,Period I,2005-01-01
2009-01-05,GARCH,0.025,-0.11840118900765961,10.173765261086297,-6.374777927435562,-8.392333152813794,Period I,2005-01-01
2009-01-06,GARCH,0.025,0.6655270889422131,10.173765261086297,-6.374777927435562,-8.392333152813794,Period I,2005-01-01
2009-01-07,GARCH,0.025,-3.0414020791079848,10.173765261086297,-6.374777927435562,-8.392333152813794,Period I,2005-01-01
2009-01-08,GARCH,0.025,0.4072458971089522,10.173765261086297,-6.374777927435562,-8.392333152813794,Period I,2005-01-01
2009-01-09,GARCH,0.025,-2.1651926807517587,10.173765261086297,-6.374777927435562,-8.392333152813794,Period I,2005-01-01
2009-01-12,GARCH,0.025,-2.4313847924378575,10.173765261086297,-6.374777927435562,-8.392333152813794,Period I,2005-01-01
2009-01-13,GARCH,0.025,0.18384891350325747,10.173765261086297,-6.374777927435562,-8.392333152813794,Period I,2005-01-01
2009-01-14,GARCH,0.025,-3.195977410592953,10.173765261086297,-6.374777927435562,-8.392333152813794,Period I,2005-01-01
2009-01-15,GARCH,0.025,0.03554989494979771,10.173765261086297,-6.374777927435562,-8.392333152813794,Period I,2005-01-01
2009-01-16,GARCH,0.025,0.7789441442275626,10.173765261086297,-6.374777927435562,-8.392333152813794,Period I,2005-01-01
2009-01-20,GARCH,0.025,-5.423049312192624,10.173765261086297,-6.374777927435562,-8.392333152813794,Period I,2005-01-01
2009-01-21,GARCH,0.025,4.228552816206686,10.173765261086297,-6.374777927435562,-8.392333152813794,Period I,2005-01-01
2009-01-22,GARCH,0.025,-1.5587881906289451,10.173765261086297,-6.374777927435562,-8.392333152813794,Period I,2005-01-01
2009-01-23,GARCH,0.025,0.43410246516630385,7.386032319784031,-5.431057331469201,-7.186212272686836,Period I,2005-01-01
2009-01-26,GARCH,0.025,0.6834965054715632,7.386032319784031,-5.431057331469201,-7.186212272686836,Period I,2005-01-01
2009-01-27,GARCH,0.025,1.010648253622144,7.386032319784031,-5.431057331469201,-7.186212272686836,Period I,2005-01-01
2009-01-28,GARCH,0.025,3.3274366155453943,7.386032319784031,-5.431057331469201,-7.186212272686836,Period I,2005-01-01
2009-01-29,GARCH,0.025,-3.3037741216518097,7.386032319784031,-5.431057331469201,-7.186212272686836,Period I,2005-01-01
2009-01-30,GARCH,0.025,-2.055277472235818,7.386032319784031,-5.431057331469201,-7.186212272686836,Period I,2005-01-01
2009-02-02,GARCH,0.025,-0.30227940853050667,7.386032319784031,-5.431057331469201,-7.186212272686836,Period I,2005-01-01
2009-02-03,GARCH,0.025,1.3949192449676409,7.386032319784031,-5.431057331469201,-7.186212272686836,Period I,2005-01-01
2009-02-04,GARCH,0.025,-0.49080847130710814,7.386032319784031,-5.431057331469201,-7.186212272686836,Period I,2005-01-01
2009-02-05,GARCH,0.025,1.4770939817922155,7.386032319784031,-5.431057331469201,-7.186212272686836,Period I,2005-01-01
2009-02-06,GARCH,0.025,2.8098655578234966,7.386032319784031,-5.431057331469201,-7.186212272686836,Period I,2005-01-01
2009-02-09,GARCH,0.025,0.13786205759479542,7.386032319784031,-5.431057331469201,-7.186212272686836,Period I,2005-01-01
2009-02-10,GARCH,0.025,-4.689182743092,7.386032319784031,-5.431057331469201,-7.186212272686836,Period I,2005-01-01
2009-02-11,GARCH,0.025,0.5878462929680316,7.386032319784031,-5.431057331469201,-7.186212272686836,Period I,2005-01-01
2009-02-12,GARCH,0.025,0.0717507949255106,7.386032319784031,-5.431057331469201,-7.186212272686836,Period I,2005-01-01
2009-02-13,GARCH,0.025,-1.081613109807438,7.386032319784031,-5.431057331469201,-7.186212272686836,Period I,2005-01-01
2009-02-17,GARCH,0.025,-4.371607108689898,7.386032319784031,-5.431057331469201,-7.186212272686836,Period I,2005-01-01
2009-02-18,GARCH,0.025,-0.2401295831986448,7.386032319784031,-5.431057331469201,-7.186212272686836,Period I,2005-01-01
2009-02-19,GARCH,0.025,-1.0813647502500439,7.386032319784031,-5.431057331469201,-7.186212272686836,Period I,2005-01-01
2009-02-20,GARCH,0.025,-0.9768742769734874,7.386032319784031,-5.431057331469201,-7.186212272686836,Period I,2005-01-01
2009-02-23,GARCH,0.025,-3.6434577072935848,4.7692105939152905,-4.363770669903551,-5.788682995790163,Period I,2005-01-01
2009-02-24,GARCH,0.025,3.720933743960743,4.7692105939152905,-4.363770669903551,-5.788682995790163,Period I,2005-01-01
2009-02-25,GARCH,0.025,-0.7904162773987182,4.7692105939152905,-4.363770669903551,-5.788682995790163,Period I,2005-01-01
2009-02-26,GARCH,0.025,-1.6394884307632596,4.7692105939152905,-4.363770669903551,-5.788682995790163,Period I,2005-01-01
2009-02-27,GARCH,0.025,-2.2602131086717105,4.7692105939152905,-4.363770669903551,-5.788682995790163,Period I,2005-01-01
2009-03-02,GARCH,0.025,-4.608858081073006,4.7692105939152905,-4.363770669903551,-5.788682995790163,Period I,2005-01-01
2009-03-03,GARCH,0.025,-0.7535384859036656,4.7692105939152905,-4.363770669903551,-5.788682995790163,Period I,2005-01-01
2009-03-04,GARCH,0.025,2.3414378910774323,4.7692105939152905,-4.363770669903551,-5.788682995790163,Period I,2005-01-01
2009-03-05,GARCH,0.025,-4.170532764167614,4.7692105939152905,-4.363770669903551,-5.788682995790163,Period I,2005-01-01
2009-03-06,GARCH,0.025,0.1742595795658918,4.7692105939152905,-4.363770669903551,-5.788682995790163,Period I,2005-01-01
2009-03-09,GARCH,0.025,-1.182233087741168,4.7692105939152905,-4.363770669903551,-5.788682995790163,Period I,2005-01-01
2009-03-10,GARCH,0.025,5.790036749828206,4.7692105939152905,-4.363770669903551,-5.788682995790163,Period I,2005-01-01
2009-03-11,GARCH,0.025,0.6491304177849674,4.7692105939152905,-4.363770669903551,-5.788682995790163,Period I,2005-01-01
2009-03-12,GARCH,0.025,3.8616930364357995,4.7692105939152905,-4.363770669903551,-5.788682995790163,Period I,2005-01-01
2009-03-13,GARCH,0.025,0.7784145804795887,4.7692105939152905,-4.363770669903551,-5.788682995790163,Period I,2005-01-01
2009-03-16,GARCH,0.025,-0.3027257753259416,4.7692105939152905,-4.363770669903551,-5.788682995790163,Period I,2005-01-01
2009-03-17,GARCH,0.025,3.0124319961795063,4.7692105939152905,-4.363770669903551,-5.788682995790163,Period I,2005-01-01
2009-03-18,GARCH,0.025,2.213739118765506,4.7692105939152905,-4.363770669903551,-5.788682995790163,Period I,2005-01-01
2009-03-19,GARCH,0.025,-1.2463154293899426,4.7692105939152905,-4.363770669903551,-5.788682995790163,Period I,2005-01-01
2009-03-20,GARCH,0.025,-2.8656035125776578,4.7692105939152905,-4.363770669903551,-5.788682995790163,Period I,2005-01-01
2009-03-23,GARCH,0.025,6.936653028023308,6.787715571972942,-5.206577583600773,-6.882816078443948,Period I,2005-01-01
2009-03-24,GARCH,0.025,-1.9899965735440541,6.787715571972942,-5.206577583600773,-6.882816078443948,Period I,2005-01-01
2009-03-25,GARCH,0.025,1.0490666999103533,6.787715571972942,-5.206577583600773,-6.882816078443948,Period I,2005-01-01
2009-03-26,GARCH,0.025,2.0175741328649455,6.787715571972942,-5.206577583600773,-6.882816078443948,Period I,2005-01-01
2009-03-27,GARCH,0.025,-1.82132279488019,6.787715571972942,-5.206577583600773,-6.882816078443948,Period I,2005-01-01
2009-03-30,GARCH,0.025,-3.5165714082594945,6.787715571972942,-5.206577583600773,-6.882816078443948,Period I,2005-01-01
2009-03-31,GARCH,0.025,0.9222423255919477,6.787715571972942,-5.206577583600773,-6.882816078443948,Period I,2005-01-01
2009-04-01,GARCH,0.025,1.918107094829613,6.787715571972942,-5.206577583600773,-6.882816078443948,Period I,2005-01-01
2009-04-02,GARCH,0.025,2.8818369490195277,6.787715571972942,-5.206577583600773,-6.882816078443948,Period I,2005-01-01
2009-04-03,GARCH,0.025,0.9899321331862869,6.787715571972942,-5.206577583600773,-6.882816078443948,Period I,2005-01-01
2009-04-06,GARCH,0.025,-0.7863780065196408,6.787715571972942,-5.206577583600773,-6.882816078443948,Period I,2005-01-01
2009-04-07,GARCH,0.025,-2.360166373399636,6.787715571972942,-5.206577583600773,-6.882816078443948,Period I,2005-01-01
2009-04-08,GARCH,0.025,1.0720010709050372,6.787715571972942,-5.206577583600773,-6.882816078443948,Period I,2005-01-01
2009-04-09,GARCH,0.025,3.8973672554157055,6.787715571972942,-5.206577583600773,-6.882816078443948,Period I,2005-01-01
2009-04-13,GARCH,0.025,0.023309569590602167,6.787715571972942,-5.206577583600773,-6.882816078443948,Period I,2005-01-01
2009-04-14,GARCH,0.025,-1.7393826161506316,6.787715571972942,-5.206577583600773,-6.882816078443948,Period I,2005-01-01
2009-04-15,GARCH,0.025,1.0613325261499618,6.787715571972942,-5.206577583600773,-6.882816078443948,Period I,2005-01-01
2009-04-16,GARCH,0.025,1.4556297774207454,6.787715571972942,-5.206577583600773,-6.882816078443948,Period I,2005-01-01
2009-04-17,GARCH,0.025,0.6682843455783037,6.787715571972942,-5.206577583600773,-6.882816078443948,Period I,2005-01-01
2009-04-20,GARCH,0.025,-4.281929682176725,6.787715571972942,-5.206577583600773,-6.882816078443948,Period I,2005-01-01
2009-04-21,GARCH,0.025,1.9348900551471482,6.002396936527381,-4.895996207197881,-6.478268319133616,Period I,2005-01-01
2009-04-22,GARCH,0.025,-0.6132055155160467,6.002396936527381,-4.895996207197881,-6.478268319133616,Period I,2005-01-01
2009-04-23,GARCH,0.025,0.9769977226737957,6.002396936527381,-4.895996207197881,-6.478268319133616,Period I,2005-01-01
2009-04-24,GARCH,0.025,1.499767537522274,6.002396936527381,-4.895996207197881,-6.478268319133616,Period I,2005-01-01
2009-04-27,GARCH,0.025,-0.950740290971751,6.002396936527381,-4.895996207197881,-6.478268319133616,Period I,2005-01-01
2009-04-28,GARCH,0.025,-0.31503047968277903,6.002396936527381,-4.895996207197881,-6.478268319133616,Period I,2005-01-01
2009-04-29,GARCH,0.025,2.104610179165032,6.002396936527381,-4.895996207197881,-6.478268319133616,Period I,2005-01-01
2009-04-30,GARCH,0.025,0.03432158344524315,6.002396936527381,-4.895996207197881,-6.478268319133616,Period I,2005-01-01
2009-05-01,GARCH,0.025,0.5361957142381252,6.002396936527381,-4.895996207197881,-6.478268319133616,Period I,2005-01-01
2009-05-04,GARCH,0.025,3.3453899118707304,6.002396936527381,-4.895996207197881,-6.478268319133616,Period I,2005-01-01
2009-05-05,GARCH,0.025,-0.34168957334120814,6.002396936527381,-4.895996207197881,-6.478268319133616,Period I,2005-01-01
2009-05-06,GARCH,0.025,1.7186123866239669,6.002396936527381,-4.895996207197881,-6.478268319133616,Period I,2005-01-01
2009-05-07,GARCH,0.025,-1.398928583484315,6.002396936527381,-4.895996207197881,-6.478268319133616,Period I,2005-01-01
2009-05-08,GARCH,0.025,2.3064585317510486,6.002396936527381,-4.895996207197881,-6.478268319133616,Period I,2005-01-01
2009-05-11,GARCH,0.025,-1.8891078363386136,6.002396936527381,-4.895996207197881,-6.478268319133616,Period I,2005-01-01
2009-05-12,GARCH,0.025,-0.2963578750162108,6.002396936527381,-4.895996207197881,-6.478268319133616,Period I,2005-01-01
2009-05-13,GARCH,0.025,-2.5495407063288846,6.002396936527381,-4.895996207197881,-6.478268319133616,Period I,2005-01-01
2009-05-14,GARCH,0.025,0.8533648513944746,6.002396936527381,-4.895996207197881,-6.478268319133616,Period I,2005-01-01
2009-05-15,GARCH,0.025,-0.819542449132723,6.002396936527381,-4.895996207197881,-6.478268319133616,Period I,2005-01-01
2009-05-18,GARCH,0.025,2.8011214941717695,6.002396936527381,-4.895996207197881,-6.478268319133616,Period I,2005-01-01
2009-05-19,GARCH,0.025,-0.12064778723626043,3.6340690492394936,-3.8092924809151514,-5.050552807827105,Period I,2005-01-01
2009-05-20,GARCH,0.025,-0.6716983840170287,3.6340690492394936,-3.8092924809151514,-5.050552807827105,Period I,2005-01-01
2009-05-21,GARCH,0.025,-1.446723477814465,3.6340690492394936,-3.8092924809151514,-5.050552807827105,Period I,2005-01-01
2009-05-22,GARCH,0.025,-0.2132104785256413,3.6340690492394936,-3.8092924809151514,-5.050552807827105,Period I,2005-01-01
2009-05-26,GARCH,0.025,2.5289795148701324,3.6340690492394936,-3.8092924809151514,-5.050552807827105,Period I,2005-01-01
2009-05-27,GARCH,0.025,-1.8014576482497175,3.6340690492394936,-3.8092924809151514,-5.050552807827105,Period I,2005-01-01
2009-05-28,GARCH,0.025,1.3843734301126625,3.6340690492394936,-3.8092924809151514,-5.050552807827105,Period I,2005-01-01
2009-05-29,GARCH,0.025,1.7552924223269621,3.6340690492394936,-3.8092924809151514,-5.050552807827105,Period I,2005-01-01
2009-06-01,GARCH,0.025,2.391996499177469,3.6340690492394936,-3.8092924809151514,-5.050552807827105,Period I,2005-01-01
2009-06-02,GARCH,0.025,0.08438122335373766,3.6340690492394936,-3.8092924809151514,-5.050552807827105,Period I,2005-01-01
2009-06-03,GARCH,0.025,-1.2732235110220134,3.6340690492394936,-3.8092924809151514,-5.050552807827105,Period I,2005-01-01
2009-06-04,GARCH,0.025,0.9352786340380315,3.6340690492394936,-3.8092924809151514,-5.050552807827105,Period I,2005-01-01
2009-06-05,GARCH,0.025,0.02115958572229988,3.6340690492394936,-3.8092924809151514,-5.050552807827105,Period I,2005-01-01
2009-06-08,GARCH,0.025,-0.41333255366907495,3.6340690492394936,-3.8092924809151514,-5.050552807827105,Period I,2005-01-01
2009-06-09,GARCH,0.025,0.5084711376508008,3.6340690492394936,-3.8092924809151514,-5.050552807827105,Period I,2005-01-01
2009-06-10,GARCH,0.025,-0.2539123905512595,3.6340690492394936,-3.8092924809151514,-5.050552807827105,Period I,2005-01-01
2009-06-11,GARCH,0.025,0.4439264940071205,3.6340690492394936,-3.8092924809151514,-5.050552807827105,Period I,2005-01-01
2009-06-12,GARCH,0.025,0.27383074945380476,3.6340690492394936,-3.8092924809151514,-5.050552807827105,Period I,2005-01-01
2009-06-15,GARCH,0.025,-2.319499950528158,3.6340690492394936,-3.8092924809151514,-5.050552807827105,Period I,2005-01-01
2009-06-16,GARCH,0.025,-1.3655811319777544,3.6340690492394936,-3.8092924809151514,-5.050552807827105,Period I,2005-01-01
2009-06-17,GARCH,0.025,-0.09825464701284027,1.9863335513243479,-2.8166216219326654,-3.7193524755268097,Period I,2005-01-01
2009-06-18,GARCH,0.025,0.7291735560570102,1.9863335513243479,-2.8166216219326654,-3.7193524755268097,Period I,2005-01-01
2009-06-19,GARCH,0.025,-0.19537649011938807,1.9863335513243479,-2.8166216219326654,-3.7193524755268097,Period I,2005-01-01
2009-06-22,GARCH,0.025,-3.044579015397382,1.9863335513243479,-2.8166216219326654,-3.7193524755268097,Period I,2005-01-01
2009-06-23,GARCH,0.025,0.0783739567638226,1.9863335513243479,-2.8166216219326654,-3.7193524755268097,Period I,2005-01-01
2009-06-24,GARCH,0.025,0.8580921513096341,1.9863335513243479,-2.8166216219326654,-3.7193524755268097,Period I,2005-01-01
2009-06-25,GARCH,0.025,2.151563825811823,1.9863335513243479,-2.8166216219326654,-3.7193524755268097,Period I,2005-01-01
2009-06-26,GARCH,0.025,-0.2609891602732419,1.9863335513243479,-2.8166216219326654,-3.7193524755268097,Period I,2005-01-01
2009-06-29,GARCH,0.025,0.9320546954641561,1.9863335513243479,-2.8166216219326654,-3.7193524755268097,Period I,2005-01-01
2009-06-30,GARCH,0.025,-0.8123521790001337,1.9863335513243479,-2.8166216219326654,-3.7193524755268097,Period I,2005-01-01
2009-07-01,GARCH,0.025,0.4124217755158071,1.9863335513243479,-2.8166216219326654,-3.7193524755268097,Period I,2005-01-01
2009-07-02,GARCH,0.025,-2.767283511743629,1.9863335513243479,-2.8166216219326654,-3.7193524755268097,Period I,2005-01-01
2009-07-06,GARCH,0.025,-0.011129120663986641,1.9863335513243479,-2.8166216219326654,-3.7193524755268097,Period I,2005-01-01
2009-07-07,GARCH,0.025,-1.9566636688835874,1.9863335513243479,-2.8166216219326654,-3.7193524755268097,Period I,2005-01-01
2009-07-08,GARCH,0.025,-0.06815581250509894,1.9863335513243479,-2.8166216219326654,-3.7193524755268097,Period I,2005-01-01
2009-07-09,GARCH,0.025,0.19299338534081464,1.9863335513243479,-2.8166216219326654,-3.7193524755268097,Period I,2005-01-01
2009-07-10,GARCH,0.025,-0.23845930535050974,1.9863335513243479,-2.8166216219326654,-3.7193524755268097,Period I,2005-01-01
2009-07-13,GARCH,0.025,2.403799240078975,1.9863335513243479,-2.8166216219326654,-3.7193524755268097,Period I,2005-01-01
2009-07-14,GARCH,0.025,0.5644441291098867,1.9863335513243479,-2.8166216219326654,-3.7193524755268097,Period I,2005-01-01
2009-07-15,GARCH,0.025,2.8826725316357917,1.9863335513243479,-2.8166216219326654,-3.7193524755268097,Period I,2005-01-01
2009-07-16,GARCH,0.025,-0.1609717830750838,2.4785549911946525,-3.1458808311931037,-4.172104660378884,Period I,2005-01-01
2009-07-17,GARCH,0.025,1.089517992491908,2.4785549911946525,-3.1458808311931037,-4.172104660378884,Period I,2005-01-01
2009-07-20,GARCH,0.025,1.0567571965960236,2.4785549911946525,-3.1458808311931037,-4.172104660378884,Period I,2005-01-01
2009-07-21,GARCH,0.025,0.46146117383865637,2.4785549911946525,-3.1458808311931037,-4.172104660378884,Period I,2005-01-01
2009-07-22,GARCH,0.025,-0.02092574597321095,2.4785549911946525,-3.1458808311931037,-4.172104660378884,Period I,2005-01-01
2009-07-23,GARCH,0.025,2.184239350693466,2.4785549911946525,-3.1458808311931037,-4.172104660378884,Period I,2005-01-01
2009-07-24,GARCH,0.025,0.408741519394771,2.4785549911946525,-3.1458808311931037,-4.172104660378884,Period I,2005-01-01
2009-07-27,GARCH,0.025,0.2953017994263744,2.4785549911946525,-3.1458808311931037,-4.172104660378884,Period I,2005-01-01
2009-07-28,GARCH,0.025,-0.4688136282021755,2.4785549911946525,-3.1458808311931037,-4.172104660378884,Period I,2005-01-01
2009-07-29,GARCH,0.025,-0.24547200895752974,2.4785549911946525,-3.1458808311931037,-4.172104660378884,Period I,2005-01-01
2009-07-30,GARCH,0.025,1.0391257363027433,2.4785549911946525,-3.1458808311931037,-4.172104660378884,Period I,2005-01-01
2009-07-31,GARCH,0.025,0.14178591870671048,2.4785549911946525,-3.1458808311931037,-4.172104660378884,Period I,2005-01-01
2009-08-03,GARCH,0.025,1.6361769097712722,2.4785549911946525,-3.1458808311931037,-4.172104660378884,Period I,2005-01-01
2009-08-04,GARCH,0.025,0.258521082258083,2.4785549911946525,-3.1458808311931037,-4.172104660378884,Period I,2005-01-01
2009-08-05,GARCH,0.025,-0.28839290561714476,2.4785549911946525,-3.1458808311931037,-4.172104660378884,Period I,2005-01-01
2009-08-06,GARCH,0.025,-0.519226592908312,2.4785549911946525,-3.1458808311931037,-4.172104660378884,Period I,2005-01-01
2009-08-07,GARCH,0.025,1.302915226383367,2.4785549911946525,-3.1458808311931037,-4.172104660378884,Period I,2005-01-01
2009-08-10,GARCH,0.025,-0.20772458120808637,2.4785549911946525,-3.1458808311931037,-4.172104660378884,Period I,2005-01-01
2009-08-11,GARCH,0.025,-1.255491281157975,2.4785549911946525,-3.1458808311931037,-4.172104660378884,Period I,2005-01-01
2009-08-12,GARCH,0.025,1.0671817838648352,2.4785549911946525,-3.1458808311931037,-4.172104660378884,Period I,2005-01-01
2009-08-13,GARCH,0.025,0.7609827034181113,1.1903774955042274,-2.179771447013817,-2.901157889273343,Period I,2005-01-01
2009-08-14,GARCH,0.025,-0.7709059496523747,1.1903774955042274,-2.179771447013817,-2.901157889273343,Period I,2005-01-01
2009-08-17,GARCH,0.025,-2.491342690522046,1.1903774955042274,-2.179771447013817,-2.901157889273343,Period I,2005-01-01
2009-08-18,GARCH,0.025,0.7902764568321541,1.1903774955042274,-2.179771447013817,-2.901157889273343,Period I,2005-01-01
2009-08-19,GARCH,0.025,0.8741605694413355,1.1903774955042274,-2.179771447013817,-2.901157889273343,Period I,2005-01-01
2009-08-20,GARCH,0.025,1.025138407775959,1.1903774955042274,-2.179771447013817,-2.901157889273343,Period I,2005-01-01
2009-08-21,GARCH,0.025,1.9416214638024671,1.1903774955042274,-2.179771447013817,-2.901157889273343,Period I,2005-01-01
2009-08-24,GARCH,0.025,-0.009714112779598012,1.1903774955042274,-2.179771447013817,-2.901157889273343,Period I,2005-01-01
2009-08-25,GARCH,0.025,0.19406621166559035,1.1903774955042274,-2.179771447013817,-2.901157889273343,Period I,2005-01-01
2009-08-26,GARCH,0.025,0.009687885188834892,1.1903774955042274,-2.179771447013817,-2.901157889273343,Period I,2005-01-01
2009-08-27,GARCH,0.025,0.22268814670309842,1.1903774955042274,-2.179771447013817,-2.901157889273343,Period I,2005-01-01
2009-08-28,GARCH,0.025,-0.01934836313128255,1.1903774955042274,-2.179771447013817,-2.901157889273343,Period I,2005-01-01
2009-08-31,GARCH,0.025,-0.8939023624470115,1.1903774955042274,-2.179771447013817,-2.901157889273343,Period I,2005-01-01
2009-09-01,GARCH,0.025,-2.2304311381495983,1.1903774955042274,-2.179771447013817,-2.901157889273343,Period I,2005-01-01
2009-09-02,GARCH,0.025,-0.3799597209896823,1.1903774955042274,-2.179771447013817,-2.901157889273343,Period I,2005-01-01
2009-09-03,GARCH,0.025,0.8280606261845547,1.1903774955042274,-2.179771447013817,-2.901157889273343,Period I,2005-01-01
2009-09-04,GARCH,0.025,1.39116844684933,1.1903774955042274,-2.179771447013817,-2.901157889273343,Period I,2005-01-01
2009-09-08,GARCH,0.025,0.8585466226855942,1.1903774955042274,-2.179771447013817,-2.901157889273343,Period I,2005-01-01
2009-09-09,GARCH,0.025,0.7645083864563935,1.1903774955042274,-2.179771447013817,-2.901157889273343,Period I,2005-01-01
2009-09-10,GARCH,0.025,1.0166954417670773,1.1903774955042274,-2.179771447013817,-2.901157889273343,Period I,2005-01-01
2009-09-11,GARCH,0.025,-0.019091689973998686,1.217064933167861,-2.2039395532104837,-2.9363496990971902,Period I,2005-01-01
2009-09-14,GARCH,0.025,0.4856016658290553,1.217064933167861,-2.2039395532104837,-2.9363496990971902,Period I,2005-01-01
2009-09-15,GARCH,0.025,0.41706453004734534,1.217064933167861,-2.2039395532104837,-2.9363496990971902,Period I,2005-01-01
2009-09-16,GARCH,0.025,1.5020921431161585,1.217064933167861,-2.2039395532104837,-2.9363496990971902,Period I,2005-01-01
2009-09-17,GARCH,0.025,-0.14919438631904425,1.217064933167861,-2.2039395532104837,-2.9363496990971902,Period I,2005-01-01
2009-09-18,GARCH,0.025,-0.4114485244940842,1.217064933167861,-2.2039395532104837,-2.9363496990971902,Period I,2005-01-01
2009-09-21,GARCH,0.025,-0.25332309346603893,1.217064933167861,-2.2039395532104837,-2.9363496990971902,Period I,2005-01-01
2009-09-22,GARCH,0.025,0.5807460648907438,1.217064933167861,-2.2039395532104837,-2.9363496990971902,Period I,2005-01-01
2009-09-23,GARCH,0.025,-0.834705329027164,1.217064933167861,-2.2039395532104837,-2.9363496990971902,Period I,2005-01-01
2009-09-24,GARCH,0.025,-1.1080165968645181,1.217064933167861,-2.2039395532104837,-2.9363496990971902,Period I,2005-01-01
2009-09-25,GARCH,0.025,-0.5347145275845743,1.217064933167861,-2.2039395532104837,-2.9363496990971902,Period I,2005-01-01
2009-09-28,GARCH,0.025,1.7744952749467677,1.217064933167861,-2.2039395532104837,-2.9363496990971902,Period I,2005-01-01
2009-09-29,GARCH,0.025,-0.3014317422571151,1.217064933167861,-2.2039395532104837,-2.9363496990971902,Period I,2005-01-01
2009-09-30,GARCH,0.025,-0.3875458975995066,1.217064933167861,-2.2039395532104837,-2.9363496990971902,Period I,2005-01-01
2009-10-01,GARCH,0.025,-2.512593961247314,1.217064933167861,-2.2039395532104837,-2.9363496990971902,Period I,2005-01-01
2009-10-02,GARCH,0.025,-0.46724835234339446,1.217064933167861,-2.2039395532104837,-2.9363496990971902,Period I,2005-01-01
2009-10-05,GARCH,0.025,1.4817944072759348,1.217064933167861,-2.2039395532104837,-2.9363496990971902,Period I,2005-01-01
2009-10-06,GARCH,0.025,1.4222599327786973,1.217064933167861,-2.2039395532104837,-2.9363496990971902,Period I,2005-01-01
2009-10-07,GARCH,0.025,0.2744792868079011,1.217064933167861,-2.2039395532104837,-2.9363496990971902,Period I,2005-01-01
2009-10-08,GARCH,0.025,0.7626773418680682,1.217064933167861,-2.2039395532104837,-2.9363496990971902,Period I,2005-01-01
2009-10-09,GARCH,0.025,0.6078491783683554,1.2601790884960948,-2.2424074861863073,-2.992441442866028,Period I,2005-01-01
2009-10-12,GARCH,0.025,0.3908055259361913,1.2601790884960948,-2.2424074861863073,-2.992441442866028,Period I,2005-01-01
2009-10-13,GARCH,0.025,-0.2045191949544844,1.2601790884960948,-2.2424074861863073,-2.992441442866028,Period I,2005-01-01
2009-10-14,GARCH,0.025,1.7069183190070207,1.2601790884960948,-2.2424074861863073,-2.992441442866028,Period I,2005-01-01
2009-10-15,GARCH,0.025,0.36526525133812837,1.2601790884960948,-2.2424074861863073,-2.992441442866028,Period I,2005-01-01
2009-10-16,GARCH,0.025,-0.7502319731666001,1.2601790884960948,-2.2424074861863073,-2.992441442866028,Period I,2005-01-01
2009-10-19,GARCH,0.025,0.8231265832779153,1.2601790884960948,-2.2424074861863073,-2.992441442866028,Period I,2005-01-01
2009-10-20,GARCH,0.025,-0.5296832759081879,1.2601790884960948,-2.2424074861863073,-2.992441442866028,Period I,2005-01-01
2009-10-21,GARCH,0.025,-0.9014002502735659,1.2601790884960948,-2.2424074861863073,-2.992441442866028,Period I,2005-01-01
2009-10-22,GARCH,0.025,1.011222487063639,1.2601790884960948,-2.2424074861863073,-2.992441442866028,Period I,2005-01-01
2009-10-23,GARCH,0.025,-1.1499137600751326,1.2601790884960948,-2.2424074861863073,-2.992441442866028,Period I,2005-01-01
2009-10-26,GARCH,0.025,-1.0884317314062935,1.2601790884960948,-2.2424074861863073,-2.992441442866028,Period I,2005-01-01
2009-10-27,GARCH,0.025,-0.4593881317244379,1.2601790884960948,-2.2424074861863073,-2.992441442866028,Period I,2005-01-01
2009-10-28,GARCH,0.025,-1.9068020585961882,1.2601790884960948,-2.2424074861863073,-2.992441442866028,Period I,2005-01-01
2009-10-29,GARCH,0.025,2.122696784837498,1.2601790884960948,-2.2424074861863073,-2.992441442866028,Period I,2005-01-01
2009-10-30,GARCH,0.025,-2.940132791617279,1.2601790884960948,-2.2424074861863073,-2.992441442866028,Period I,2005-01-01
2009-11-02,GARCH,0.025,0.7311963944424573,1.2601790884960948,-2.2424074861863073,-2.992441442866028,Period I,2005-01-01
2009-11-03,GARCH,0.025,0.3158368219829836,1.2601790884960948,-2.2424074861863073,-2.992441442866028,Period I,2005-01-01
2009-11-04,GARCH,0.025,0.2576674073968624,1.2601790884960948,-2.2424074861863073,-2.992441442866028,Period I,2005-01-01
2009-11-05,GARCH,0.025,1.8227829937826525,1.2601790884960948,-2.2424074861863073,-2.992441442866028,Period I,2005-01-01
2009-11-06,GARCH,0.025,0.26170571520377806,1.8153475866986692,-2.6922659298907448,-3.5714980212101315,Period I,2005-01-01
2009-11-09,GARCH,0.025,2.2520586995464766,1.8153475866986692,-2.6922659298907448,-3.5714980212101315,Period I,2005-01-01
2009-11-10,GARCH,0.025,0.01824844267555441,1.8153475866986692,-2.6922659298907448,-3.5714980212101315,Period I,2005-01-01
2009-11-11,GARCH,0.025,0.5096991042243658,1.8153475866986692,-2.6922659298907448,-3.5714980212101315,Period I,2005-01-01
2009-11-12,GARCH,0.025,-1.022002457882783,1.8153475866986692,-2.6922659298907448,-3.5714980212101315,Period I,2005-01-01
2009-11-13,GARCH,0.025,0.539680215119228,1.8153475866986692,-2.6922659298907448,-3.5714980212101315,Period I,2005-01-01
2009-11-16,GARCH,0.025,1.4400432924878435,1.8153475866986692,-2.6922659298907448,-3.5714980212101315,Period I,2005-01-01
2009-11-17,GARCH,0.025,0.1168252265801438,1.8153475866986692,-2.6922659298907448,-3.5714980212101315,Period I,2005-01-01
2009-11-18,GARCH,0.025,-0.06288998637843356,1.8153475866986692,-2.6922659298907448,-3.5714980212101315,Period I,2005-01-01
2009-11-19,GARCH,0.025,-1.3116990928494368,1.8153475866986692,-2.6922659298907448,-3.5714980212101315,Period I,2005-01-01
2009-11-20,GARCH,0.025,-0.3557580852726131,1.8153475866986692,-2.6922659298907448,-3.5714980212101315,Period I,2005-01-01
2009-11-23,GARCH,0.025,1.2622182466278804,1.8153475866986692,-2.6922659298907448,-3.5714980212101315,Period I,2005-01-01
2009-11-24,GARCH,0.025,0.1532827231427791,1.8153475866986692,-2.6922659298907448,-3.5714980212101315,Period I,2005-01-01
2009-11-25,GARCH,0.025,0.35076655851257504,1.8153475866986692,-2.6922659298907448,-3.5714980212101315,Period I,2005-01-01
2009-11-27,GARCH,0.025,-1.6384141869871134,1.8153475866986692,-2.6922659298907448,-3.5714980212101315,Period I,2005-01-01
2009-11-30,GARCH,0.025,0.3371173007140081,1.8153475866986692,-2.6922659298907448,-3.5714980212101315,Period I,2005-01-01
2009-12-01,GARCH,0.025,1.2294501061477423,1.8153475866986692,-2.6922659298907448,-3.5714980212101315,Period I,2005-01-01
2009-12-02,GARCH,0.025,-0.044936465435678634,1.8153475866986692,-2.6922659298907448,-3.5714980212101315,Period I,2005-01-01
2009-12-03,GARCH,0.025,-0.78509879179629,1.8153475866986692,-2.6922659298907448,-3.5714980212101315,Period I,2005-01-01
2009-12-04,GARCH,0.025,0.569137345975483,1.8153475866986692,-2.6922659298907448,-3.5714980212101315,Period I,2005-01-01
2009-12-07,GARCH,0.025,-0.15326196329653333,1.0502777602936204,-2.0475716436421387,-2.7230616147605153,Period I,2005-01-01
2009-12-08,GARCH,0.025,-1.115907015915104,1.0502777602936204,-2.0475716436421387,-2.7230616147605153,Period I,2005-01-01
2009-12-09,GARCH,0.025,0.3733520139255921,1.0502777602936204,-2.0475716436421387,-2.7230616147605153,Period I,2005-01-01
2009-12-10,GARCH,0.025,0.5619544904667438,1.0502777602936204,-2.0475716436421387,-2.7230616147605153,Period I,2005-01-01
2009-12-11,GARCH,0.025,0.42390252491877267,1.0502777602936204,-2.0475716436421387,-2.7230616147605153,Period I,2005-01-01
2009-12-14,GARCH,0.025,0.6816800321253684,1.0502777602936204,-2.0475716436421387,-2.7230616147605153,Period I,2005-01-01
2009-12-15,GARCH,0.025,-0.4659127410461224,1.0502777602936204,-2.0475716436421387,-2.7230616147605153,Period I,2005-01-01
2009-12-16,GARCH,0.025,0.15255369106561056,1.0502777602936204,-2.0475716436421387,-2.7230616147605153,Period I,2005-01-01
2009-12-17,GARCH,0.025,-1.208852209622162,1.0502777602936204,-2.0475716436421387,-2.7230616147605153,Period I,2005-01-01
2009-12-18,GARCH,0.025,0.027223358197046153,1.0502777602936204,-2.0475716436421387,-2.7230616147605153,Period I,2005-01-01
2009-12-21,GARCH,0.025,1.0111151791373518,1.0502777602936204,-2.0475716436421387,-2.7230616147605153,Period I,2005-01-01
2009-12-22,GARCH,0.025,0.35864964165904084,1.0502777602936204,-2.0475716436421387,-2.7230616147605153,Period I,2005-01-01
2008-12-23,EGARCH,0.025,-1.0391432729627237,10.135606382230343,-6.362039191418028,-8.422460745435735,Period I,2005-01-01
2008-12-24,EGARCH,0.025,0.5786383218398263,10.135606382230343,-6.362039191418028,-8.422460745435735,Period I,2005-01-01
2008-12-26,EGARCH,0.025,0.5753093522237429,10.135606382230343,-6.362039191418028,-8.422460745435735,Period I,2005-01-01
2008-12-29,EGARCH,0.025,-0.28724095061899446,10.135606382230343,-6.362039191418028,-8.422460745435735,Period I,2005-01-01
2008-12-30,EGARCH,0.025,2.342610539089738,10.135606382230343,-6.362039191418028,-8.422460745435735,Period I,2005-01-01
2008-12-31,EGARCH,0.025,1.4173516099915529,10.135606382230343,-6.362039191418028,-8.422460745435735,Period I,2005-01-01
2009-01-02,EGARCH,0.025,2.9696519178003355,10.135606382230343,-6.362039191418028,-8.422460745435735,Period I,2005-01-01
2009-01-05,EGARCH,0.025,-0.11840118900765961,10.135606382230343,-6.362039191418028,-8.422460745435735,Period I,2005-01-01
2009-01-06,EGARCH,0.025,0.6655270889422131,10.135606382230343,-6.362039191418028,-8.422460745435735,Period I,2005-01-01
2009-01-07,EGARCH,0.025,-3.0414020791079848,10.135606382230343,-6.362039191418028,-8.422460745435735,Period I,2005-01-01
2009-01-08,EGARCH,0.025,0.4072458971089522,10.135606382230343,-6.362039191418028,-8.422460745435735,Period I,2005-01-01
2009-01-09,EGARCH,0.025,-2.1651926807517587,10.135606382230343,-6.362039191418028,-8.422460745435735,Period I,2005-01-01
2009-01-12,EGARCH,0.025,-2.4313847924378575,10.135606382230343,-6.362039191418028,-8.422460745435735,Period I,2005-01-01
2009-01-13,EGARCH,0.025,0.18384891350325747,10.135606382230343,-6.362039191418028,-8.422460745435735,Period I,2005-01-01
2009-01-14,EGARCH,0.025,-3.195977410592953,10.135606382230343,-6.362039191418028,-8.422460745435735,Period I,2005-01-01
2009-01-15,EGARCH,0.025,0.03554989494979771,10.135606382230343,-6.362039191418028,-8.422460745435735,Period I,2005-01-01
2009-01-16,EGARCH,0.025,0.7789441442275626,10.135606382230343,-6.362039191418028,-8.422460745435735,Period I,2005-01-01
2009-01-20,EGARCH,0.025,-5.423049312192624,10.135606382230343,-6.362039191418028,-8.422460745435735,Period I,2005-01-01
2009-01-21,EGARCH,0.025,4.228552816206686,10.135606382230343,-6.362039191418028,-8.422460745435735,Period I,2005-01-01
2009-01-22,EGARCH,0.025,-1.5587881906289451,10.135606382230343,-6.362039191418028,-8.422460745435735,Period I,2005-01-01
2009-01-23,EGARCH,0.025,0.43410246516630385,7.011959020381596,-5.290661326409197,-7.035024306436515,Period I,2005-01-01
2009-01-26,EGARCH,0.025,0.6834965054715632,7.011959020381596,-5.290661326409197,-7.035024306436515,Period I,2005-01-01
2009-01-27,EGARCH,0.025,1.010648253622144,7.011959020381596,-5.290661326409197,-7.035024306436515,Period I,2005-01-01
2009-01-28,EGARCH,0.025,3.3274366155453943,7.011959020381596,-5.290661326409197,-7.035024306436515,Period I,2005-01-01
2009-01-29,EGARCH,0.025,-3.3037741216518097,7.011959020381596,-5.290661326409197,-7.035024306436515,Period I,2005-01-01
2009-01-30,EGARCH,0.025,-2.055277472235818,7.011959020381596,-5.290661326409197,-7.035024306436515,Period I,2005-01-01
2009-02-02,EGARCH,0.025,-0.30227940853050667,7.011959020381596,-5.290661326409197,-7.035024306436515,Period I,2005-01-01
2009-02-03,EGARCH,0.025,1.3949192449676409,7.011959020381596,-5.290661326409197,-7.035024306436515,Period I,2005-01-01
2009-02-04,EGARCH,0.025,-0.49080847130710814,7.011959020381596,-5.290661326409197,-7.035024306436515,Period I,2005-01-01
2009-02-05,EGARCH,0.025,1.4770939817922155,7.011959020381596,-5.290661326409197,-7.035024306436515,Period I,2005-01-01
2009-02-06,EGARCH,0.025,2.8098655578234966,7.011959020381596,-5.290661326409197,-7.035024306436515,Period I,2005-01-01
2009-02-09,EGARCH,0.025,0.13786205759479542,7.011959020381596,-5.290661326409197,-7.035024306436515,Period I,2005-01-01
2009-02-10,EGARCH,0.025,-4.689182743092,7.011959020381596,-5.290661326409197,-7.035024306436515,Period I,2005-01-01
2009-02-11,EGARCH,0.025,0.5878462929680316,7.011959020381596,-5.290661326409197,-7.035024306436515,Period I,2005-01-01
2009-02-12,EGARCH,0.025,0.0717507949255106,7.011959020381596,-5.290661326409197,-7.035024306436515,Period I,2005-01-01
2009-02-13,EGARCH,0.025,-1.081613109807438,7.011959020381596,-5.290661326409197,-7.035024306436515,Period I,2005-01-01
2009-02-17,EGARCH,0.025,-4.371607108689898,7.011959020381596,-5.290661326409197,-7.035024306436515,Period I,2005-01-01
2009-02-18,EGARCH,0.025,-0.2401295831986448,7.011959020381596,-5.290661326409197,-7.035024306436515,Period I,2005-01-01
2009-02-19,EGARCH,0.025,-1.0813647502500439,7.011959020381596,-5.290661326409197,-7.035024306436515,Period I,2005-01-01
2009-02-20,EGARCH,0.025,-0.9768742769734874,7.011959020381596,-5.290661326409197,-7.035024306436515,Period I,2005-01-01
2009-02-23,EGARCH,0.025,-3.6434577072935848,4.310052733716741,-4.147366002645237,-5.528072400261732,Period I,2005-01-01
2009-02-24,EGARCH,0.025,3.720933743960743,4.310052733716741,-4.147366002645237,-5.528072400261732,Period I,2005-01-01
2009-02-25,EGARCH,0.025,-0.7904162773987182,4.310052733716741,-4.147366002645237,-5.528072400261732,Period I,2005-01-01
2009-02-26,EGARCH,0.025,-1.6394884307632596,4.310052733716741,-4.147366002645237,-5.528072400261732,Period I,2005-01-01
2009-02-27,EGARCH,0.025,-2.2602131086717105,4.310052733716741,-4.147366002645237,-5.528072400261732,Period I,2005-01-01
2009-03-02,EGARCH,0.025,-4.608858081073006,4.310052733716741,-4.147366002645237,-5.528072400261732,Period I,2005-01-01
2009-03-03,EGARCH,0.025,-0.7535384859036656,4.310052733716741,-4.147366002645237,-5.528072400261732,Period I,2005-01-01
2009-03-04,EGARCH,0.025,2.3414378910774323,4.310052733716741,-4.147366002645237,-5.528072400261732,Period I,2005-01-01
2009-03-05,EGARCH,0.025,-4.170532764167614,4.310052733716741,-4.147366002645237,-5.528072400261732,Period I,2005-01-01
2009-03-06,EGARCH,0.025,0.1742595795658918,4.310052733716741,-4.147366002645237,-5.528072400261732,Period I,2005-01-01
2009-03-09,EGARCH,0.025,-1.182233087741168,4.310052733716741,-4.147366002645237,-5.528072400261732,Period I,2005-01-01
2009-03-10,EGARCH,0.025,5.790036749828206,4.310052733716741,-4.147366002645237,-5.528072400261732,Period I,2005-01-01
2009-03-11,EGARCH,0.025,0.6491304177849674,4.310052733716741,-4.147366002645237,-5.528072400261732,Period I,2005-01-01
2009-03-12,EGARCH,0.025,3.8616930364357995,4.310052733716741,-4.147366002645237,-5.528072400261732,Period I,2005-01-01
2009-03-13,EGARCH,0.025,0.7784145804795887,4.310052733716741,-4.147366002645237,-5.528072400261732,Period I,2005-01-01
2009-03-16,EGARCH,0.025,-0.3027257753259416,4.310052733716741,-4.147366002645237,-5.528072400261732,Period I,2005-01-01
2009-03-17,EGARCH,0.025,3.0124319961795063,4.310052733716741,-4.147366002645237,-5.528072400261732,Period I,2005-01-01
2009-03-18,EGARCH,0.025,2.213739118765506,4.310052733716741,-4.147366002645237,-5.528072400261732,Period I,2005-01-01
2009-03-19,EGARCH,0.025,-1.2463154293899426,4.310052733716741,-4.147366002645237,-5.528072400261732,Period I,2005-01-01
2009-03-20,EGARCH,0.025,-2.8656035125776578,4.310052733716741,-4.147366002645237,-5.528072400261732,Period I,2005-01-01
2009-03-23,EGARCH,0.025,6.936653028023308,7.33608822004661,-5.4110666181317475,-7.207074987869607,Period I,2005-01-01
2009-03-24,EGARCH,0.025,-1.9899965735440541,7.33608822004661,-5.4110666181317475,-7.207074987869607,Period I,2005-01-01
2009-03-25,EGARCH,0.025,1.0490666999103533,7.33608822004661,-5.4110666181317475,-7.207074987869607,Period I,2005-01-01
2009-03-26,EGARCH,0.025,2.0175741328649455,7.33608822004661,-5.4110666181317475,-7.207074987869607,Period I,2005-01-01
2009-03-27,EGARCH,0.025,-1.82132279488019,7.33608822004661,-5.4110666181317475,-7.207074987869607,Period I,2005-01-01
2009-03-30,EGARCH,0.025,-3.5165714082594945,7.33608822004661,-5.4110666181317475,-7.207074987869607,Period I,2005-01-01
2009-03-31,EGARCH,0.025,0.9222423255919477,7.33608822004661,-5.4110666181317475,-7.207074987869607,Period I,2005-01-01
2009-04-01,EGARCH,0.025,1.918107094829613,7.33608822004661,-5.4110666181317475,-7.207074987869607,Period I,2005-01-01
2009-04-02,EGARCH,0.025,2.8818369490195277,7.33608822004661,-5.4110666181317475,-7.207074987869607,Period I,2005-01-01
2009-04-03,EGARCH,0.025,0.9899321331862869,7.33608822004661,-5.4110666181317475,-7.207074987869607,Period I,2005-01-01
2009-04-06,EGARCH,0.025,-0.7863780065196408,7.33608822004661,-5.4110666181317475,-7.207074987869607,Period I,2005-01-01
2009-04-07,EGARCH,0.025,-2.360166373399636,7.33608822004661,-5.4110666181317475,-7.207074987869607,Period I,2005-01-01
2009-04-08,EGARCH,0.025,1.0720010709050372,7.33608822004661,-5.4110666181317475,-7.207074987869607,Period I,2005-01-01
2009-04-09,EGARCH,0.025,3.8973672554157055,7.33608822004661,-5.4110666181317475,-7.207074987869607,Period I,2005-01-01
2009-04-13,EGARCH,0.025,0.023309569590602167,7.33608822004661,-5.4110666181317475,-7.207074987869607,Period I,2005-01-01
2009-04-14,EGARCH,0.025,-1.7393826161506316,7.33608822004661,-5.4110666181317475,-7.207074987869607,Period I,2005-01-01
2009-04-15,EGARCH,0.025,1.0613325261499618,7.33608822004661,-5.4110666181317475,-7.207074987869607,Period I,2005-01-01
2009-04-16,EGARCH,0.025,1.4556297774207454,7.33608822004661,-5.4110666181317475,-7.207074987869607,Period I,2005-01-01
2009-04-17,EGARCH,0.025,0.6682843455783037,7.33608822004661,-5.4110666181317475,-7.207074987869607,Period I,2005-01-01
2009-04-20,EGARCH,0.025,-4.281929682176725,7.33608822004661,-5.4110666181317475,-7.207074987869607,Period I,2005-01-01
2009-04-21,EGARCH,0.025,1.9348900551471482,6.587061428483616,-5.127107704678296,-6.835120777532564,Period I,2005-01-01
2009-04-22,EGARCH,0.025,-0.6132055155160467,6.587061428483616,-5.127107704678296,-6.835120777532564,Period I,2005-01-01
2009-04-23,EGARCH,0.025,0.9769977226737957,6.587061428483616,-5.127107704678296,-6.835120777532564,Period I,2005-01-01
2009-04-24,EGARCH,0.025,1.499767537522274,6.587061428483616,-5.127107704678296,-6.835120777532564,Period I,2005-01-01
2009-04-27,EGARCH,0.025,-0.950740290971751,6.587061428483616,-5.127107704678296,-6.835120777532564,Period I,2005-01-01
2009-04-28,EGARCH,0.025,-0.31503047968277903,6.587061428483616,-5.127107704678296,-6.835120777532564,Period I,2005-01-01
2009-04-29,EGARCH,0.025,2.104610179165032,6.587061428483616,-5.127107704678296,-6.835120777532564,Period I,2005-01-01
2009-04-30,EGARCH,0.025,0.03432158344524315,6.587061428483616,-5.127107704678296,-6.835120777532564,Period I,2005-01-01
2009-05-01,EGARCH,0.025,0.5361957142381252,6.587061428483616,-5.127107704678296,-6.835120777532564,Period I,2005-01-01
2009-05-04,EGARCH,0.025,3.3453899118707304,6.587061428483616,-5.127107704678296,-6.835120777532564,Period I,2005-01-01
2009-05-05,EGARCH,0.025,-0.34168957334120814,6.587061428483616,-5.127107704678296,-6.835120777532564,Period I,2005-01-01
2009-05-06,EGARCH,0.025,1.7186123866239669,6.587061428483616,-5.127107704678296,-6.835120777532564,Period I,2005-01-01
2009-05-07,EGARCH,0.025,-1.398928583484315,6.587061428483616,-5.127107704678296,-6.835120777532564,Period I,2005-01-01
2009-05-08,EGARCH,0.025,2.3064585317510486,6.587061428483616,-5.127107704678296,-6.835120777532564,Period I,2005-01-01
2009-05-11,EGARCH,0.025,-1.8891078363386136,6.587061428483616,-5.127107704678296,-6.835120777532564,Period I,2005-01-01
2009-05-12,EGARCH,0.025,-0.2963578750162108,6.587061428483616,-5.127107704678296,-6.835120777532564,Period I,2005-01-01
2009-05-13,EGARCH,0.025,-2.5495407063288846,6.587061428483616,-5.127107704678296,-6.835120777532564,Period I,2005-01-01
2009-05-14,EGARCH,0.025,0.8533648513944746,6.587061428483616,-5.127107704678296,-6.835120777532564,Period I,2005-01-01
2009-05-15,EGARCH,0.025,-0.819542449132723,6.587061428483616,-5.127107704678296,-6.835120777532564,Period I,2005-01-01
2009-05-18,EGARCH,0.025,2.8011214941717695,6.587061428483616,-5.127107704678296,-6.835120777532564,Period I,2005-01-01
2009-05-19,EGARCH,0.025,-0.12064778723626043,4.225366083982445,-4.105951572376325,-5.482418967950073,Period I,2005-01-01
2009-05-20,EGARCH,0.025,-0.6716983840170287,4.225366083982445,-4.105951572376325,-5.482418967950073,Period I,2005-01-01
2009-05-21,EGARCH,0.025,-1.446723477814465,4.225366083982445,-4.105951572376325,-5.482418967950073,Period I,2005-01-01
2009-05-22,EGARCH,0.025,-0.2132104785256413,4.225366083982445,-4.105951572376325,-5.482418967950073,Period I,2005-01-01
2009-05-26,EGARCH,0.025,2.5289795148701324,4.225366083982445,-4.105951572376325,-5.482418967950073,Period I,2005-01-01
2009-05-27,EGARCH,0.025,-1.8014576482497175,4.225366083982445,-4.105951572376325,-5.482418967950073,Period I,2005-01-01
2009-05-28,EGARCH,0.025,1.3843734301126625,4.225366083982445,-4.105951572376325,-5.482418967950073,Period I,2005-01-01
2009-05-29,EGARCH,0.025,1.7552924223269621,4.225366083982445,-4.105951572376325,-5.482418967950073,Period I,2005-01-01
2009-06-01,EGARCH,0.025,2.391996499177469,4.225366083982445,-4.105951572376325,-5.482418967950073,Period I,2005-01-01
2009-06-02,EGARCH,0.025,0.08438122335373766,4.225366083982445,-4.105951572376325,-5.482418967950073,Period I,2005-01-01
2009-06-03,EGARCH,0.025,-1.2732235110220134,4.225366083982445,-4.105951572376325,-5.482418967950073,Period I,2005-01-01
2009-06-04,EGARCH,0.025,0.9352786340380315,4.225366083982445,-4.105951572376325,-5.482418967950073,Period I,2005-01-01
2009-06-05,EGARCH,0.025,0.02115958572229988,4.225366083982445,-4.105951572376325,-5.482418967950073,Period I,2005-01-01
2009-06-08,EGARCH,0.025,-0.41333255366907495,4.225366083982445,-4.105951572376325,-5.482418967950073,Period I,2005-01-01
2009-06-09,EGARCH,0.025,0.5084711376508008,4.225366083982445,-4.105951572376325,-5.482418967950073,Period I,2005-01-01
2009-06-10,EGARCH,0.025,-0.2539123905512595,4.225366083982445,-4.105951572376325,-5.482418967950073,Period I,2005-01-01
2009-06-11,EGARCH,0.025,0.4439264940071205,4.225366083982445,-4.105951572376325,-5.482418967950073,Period I,2005-01-01
2009-06-12,EGARCH,0.025,0.27383074945380476,4.225366083982445,-4.105951572376325,-5.482418967950073,Period I,2005-01-01
2009-06-15,EGARCH,0.025,-2.319499950528158,4.225366083982445,-4.105951572376325,-5.482418967950073,Period I,2005-01-01
2009-06-16,EGARCH,0.025,-1.3655811319777544,4.225366083982445,-4.105951572376325,-5.482418967950073,Period I,2005-01-01
2009-06-17,EGARCH,0.025,-0.09825464701284027,2.14055429850797,-2.9235577726701383,-3.876014389689921,Period I,2005-01-01
2009-06-18,EGARCH,0.025,0.7291735560570102,2.14055429850797,-2.9235577726701383,-3.876014389689921,Period I,2005-01-01
2009-06-19,EGARCH,0.025,-0.19537649011938807,2.14055429850797,-2.9235577726701383,-3.876014389689921,Period I,2005-01-01
2009-06-22,EGARCH,0.025,-3.044579015397382,2.14055429850797,-2.9235577726701383,-3.876014389689921,Period I,2005-01-01
2009-06-23,EGARCH,0.025,0.0783739567638226,2.14055429850797,-2.9235577726701383,-3.876014389689921,Period I,2005-01-01
2009-06-24,EGARCH,0.025,0.8580921513096341,2.14055429850797,-2.9235577726701383,-3.876014389689921,Period I,2005-01-01
2009-06-25,EGARCH,0.025,2.151563825811823,2.14055429850797,-2.9235577726701383,-3.876014389689921,Period I,2005-01-01
2009-06-26,EGARCH,0.025,-0.2609891602732419,2.14055429850797,-2.9235577726701383,-3.876014389689921,Period I,2005-01-01
2009-06-29,EGARCH,0.025,0.9320546954641561,2.14055429850797,-2.9235577726701383,-3.876014389689921,Period I,2005-01-01
2009-06-30,EGARCH,0.025,-0.8123521790001337,2.14055429850797,-2.9235577726701383,-3.876014389689921,Period I,2005-01-01
2009-07-01,EGARCH,0.025,0.4124217755158071,2.14055429850797,-2.9235577726701383,-3.876014389689921,Period I,2005-01-01
2009-07-02,EGARCH,0.025,-2.767283511743629,2.14055429850797,-2.9235577726701383,-3.876014389689921,Period I,2005-01-01
2009-07-06,EGARCH,0.025,-0.011129120663986641,2.14055429850797,-2.9235577726701383,-3.876014389689921,Period I,2005-01-01
2009-07-07,EGARCH,0.025,-1.9566636688835874,2.14055429850797,-2.9235577726701383,-3.876014389689921,Period I,2005-01-01
2009-07-08,EGARCH,0.025,-0.06815581250509894,2.14055429850797,-2.9235577726701383,-3.876014389689921,Period I,2005-01-01
2009-07-09,EGARCH,0.025,0.19299338534081464,2.14055429850797,-2.9235577726701383,-3.876014389689921,Period I,2005-01-01
2009-07-10,EGARCH,0.025,-0.23845930535050974,2.14055429850797,-2.9235577726701383,-3.876014389689921,Period I,2005-01-01
2009-07-13,EGARCH,0.025,2.403799240078975,2.14055429850797,-2.9235577726701383,-3.876014389689921,Period I,2005-01-01
2009-07-14,EGARCH,0.025,0.5644441291098867,2.14055429850797,-2.9235577726701383,-3.876014389689921,Period I,2005-01-01
2009-07-15,EGARCH,0.025,2.8826725316357917,2.14055429850797,-2.9235577726701383,-3.876014389689921,Period I,2005-01-01
2009-07-16,EGARCH,0.025,-0.1609717830750838,2.3719843246397447,-3.076637293303473,-4.102500338320316,Period I,2005-01-01
2009-07-17,EGARCH,0.025,1.089517992491908,2.3719843246397447,-3.076637293303473,-4.102500338320316,Period I,2005-01-01
2009-07-20,EGARCH,0.025,1.0567571965960236,2.3719843246397447,-3.076637293303473,-4.102500338320316,Period I,2005-01-01
2009-07-21,EGARCH,0.025,0.46146117383865637,2.3719843246397447,-3.076637293303473,-4.102500338320316,Period I,2005-01-01
2009-07-22,EGARCH,0.025,-0.02092574597321095,2.3719843246397447,-3.076637293303473,-4.102500338320316,Period I,2005-01-01
2009-07-23,EGARCH,0.025,2.184239350693466,2.3719843246397447,-3.076637293303473,-4.102500338320316,Period I,2005-01-01
2009-07-24,EGARCH,0.025,0.408741519394771,2.3719843246397447,-3.076637293303473,-4.102500338320316,Period I,2005-01-01
2009-07-27,EGARCH,0.025,0.2953017994263744,2.3719843246397447,-3.076637293303473,-4.102500338320316,Period I,2005-01-01
2009-07-28,EGARCH,0.025,-0.4688136282021755,2.3719843246397447,-3.076637293303473,-4.102500338320316,Period I,2005-01-01
2009-07-29,EGARCH,0.025,-0.24547200895752974,2.3719843246397447,-3.076637293303473,-4.102500338320316,Period I,2005-01-01
2009-07-30,EGARCH,0.025,1.0391257363027433,2.3719843246397447,-3.076637293303473,-4.102500338320316,Period I,2005-01-01
2009-07-31,EGARCH,0.025,0.14178591870671048,2.3719843246397447,-3.076637293303473,-4.102500338320316,Period I,2005-01-01
2009-08-03,EGARCH,0.025,1.6361769097712722,2.3719843246397447,-3.076637293303473,-4.102500338320316,Period I,2005-01-01
2009-08-04,EGARCH,0.025,0.258521082258083,2.3719843246397447,-3.076637293303473,-4.102500338320316,Period I,2005-01-01
2009-08-05,EGARCH,0.025,-0.28839290561714476,2.3719843246397447,-3.076637293303473,-4.102500338320316,Period I,2005-01-01
2009-08-06,EGARCH,0.025,-0.519226592908312,2.3719843246397447,-3.076637293303473,-4.102500338320316,Period I,2005-01-01
2009-08-07,EGARCH,0.025,1.302915226383367,2.3719843246397447,-3.076637293303473,-4.102500338320316,Period I,2005-01-01
2009-08-10,EGARCH,0.025,-0.20772458120808637,2.3719843246397447,-3.076637293303473,-4.102500338320316,Period I,2005-01-01
2009-08-11,EGARCH,0.025,-1.255491281157975,2.3719843246397447,-3.076637293303473,-4.102500338320316,Period I,2005-01-01
2009-08-12,EGARCH,0.025,1.0671817838648352,2.3719843246397447,-3.076637293303473,-4.102500338320316,Period I,2005-01-01
2009-08-13,EGARCH,0.025,0.7609827034181113,1.2852251117053213,-2.264200058005138,-3.028656983827579,Period I,2005-01-01
2009-08-14,EGARCH,0.025,-0.7709059496523747,1.2852251117053213,-2.264200058005138,-3.028656983827579,Period I,2005-01-01
2009-08-17,EGARCH,0.025,-2.491342690522046,1.2852251117053213,-2.264200058005138,-3.028656983827579,Period I,2005-01-01
2009-08-18,EGARCH,0.025,0.7902764568321541,1.2852251117053213,-2.264200058005138,-3.028656983827579,Period I,2005-01-01
2009-08-19,EGARCH,0.025,0.8741605694413355,1.2852251117053213,-2.264200058005138,-3.028656983827579,Period I,2005-01-01
2009-08-20,EGARCH,0.025,1.025138407775959,1.2852251117053213,-2.264200058005138,-3.028656983827579,Period I,2005-01-01
2009-08-21,EGARCH,0.025,1.9416214638024671,1.2852251117053213,-2.264200058005138,-3.028656983827579,Period I,2005-01-01
2009-08-24,EGARCH,0.025,-0.009714112779598012,1.2852251117053213,-2.264200058005138,-3.028656983827579,Period I,2005-01-01
2009-08-25,EGARCH,0.025,0.19406621166559035,1.2852251117053213,-2.264200058005138,-3.028656983827579,Period I,2005-01-01
2009-08-26,EGARCH,0.025,0.009687885188834892,1.2852251117053213,-2.264200058005138,-3.028656983827579,Period I,2005-01-01
2009-08-27,EGARCH,0.025,0.22268814670309842,1.2852251117053213,-2.264200058005138,-3.028656983827579,Period I,2005-01-01
2009-08-28,EGARCH,0.025,-0.01934836313128255,1.2852251117053213,-2.264200058005138,-3.028656983827579,Period I,2005-01-01
2009-08-31,EGARCH,0.025,-0.8939023624470115,1.2852251117053213,-2.264200058005138,-3.028656983827579,Period I,2005-01-01
2009-09-01,EGARCH,0.025,-2.2304311381495983,1.2852251117053213,-2.264200058005138,-3.028656983827579,Period I,2005-01-01
2009-09-02,EGARCH,0.025,-0.3799597209896823,1.2852251117053213,-2.264200058005138,-3.028656983827579,Period I,2005-01-01
2009-09-03,EGARCH,0.025,0.8280606261845547,1.2852251117053213,-2.264200058005138,-3.028656983827579,Period I,2005-01-01
2009-09-04,EGARCH,0.025,1.39116844684933,1.2852251117053213,-2.264200058005138,-3.028656983827579,Period I,2005-01-01
2009-09-08,EGARCH,0.025,0.8585466226855942,1.2852251117053213,-2.264200058005138,-3.028656983827579,Period I,2005-01-01
2009-09-09,EGARCH,0.025,0.7645083864563935,1.2852251117053213,-2.264200058005138,-3.028656983827579,Period I,2005-01-01
2009-09-10,EGARCH,0.025,1.0166954417670773,1.2852251117053213,-2.264200058005138,-3.028656983827579,Period I,2005-01-01
2009-09-11,EGARCH,0.025,-0.019091689973998686,1.408101517502736,-2.369628151200596,-3.1753291569155073,Period I,2005-01-01
2009-09-14,EGARCH,0.025,0.4856016658290553,1.408101517502736,-2.369628151200596,-3.1753291569155073,Period I,2005-01-01
2009-09-15,EGARCH,0.025,0.41706453004734534,1.408101517502736,-2.369628151200596,-3.1753291569155073,Period I,2005-01-01
2009-09-16,EGARCH,0.025,1.5020921431161585,1.408101517502736,-2.369628151200596,-3.1753291569155073,Period I,2005-01-01
2009-09-17,EGARCH,0.025,-0.14919438631904425,1.408101517502736,-2.369628151200596,-3.1753291569155073,Period I,2005-01-01
2009-09-18,EGARCH,0.025,-0.4114485244940842,1.408101517502736,-2.369628151200596,-3.1753291569155073,Period I,2005-01-01
2009-09-21,EGARCH,0.025,-0.25332309346603893,1.408101517502736,-2.369628151200596,-3.1753291569155073,Period I,2005-01-01
2009-09-22,EGARCH,0.025,0.5807460648907438,1.408101517502736,-2.369628151200596,-3.1753291569155073,Period I,2005-01-01
2009-09-23,EGARCH,0.025,-0.834705329027164,1.408101517502736,-2.369628151200596,-3.1753291569155073,Period I,2005-01-01
2009-09-24,EGARCH,0.025,-1.1080165968645181,1.408101517502736,-2.369628151200596,-3.1753291569155073,Period I,2005-01-01
2009-09-25,EGARCH,0.025,-0.5347145275845743,1.408101517502736,-2.369628151200596,-3.1753291569155073,Period I,2005-01-01
2009-09-28,EGARCH,0.025,1.7744952749467677,1.408101517502736,-2.369628151200596,-3.1753291569155073,Period I,2005-01-01
2009-09-29,EGARCH,0.025,-0.3014317422571151,1.408101517502736,-2.369628151200596,-3.1753291569155073,Period I,2005-01-01
2009-09-30,EGARCH,0.025,-0.3875458975995066,1.408101517502736,-2.369628151200596,-3.1753291569155073,Period I,2005-01-01
2009-10-01,EGARCH,0.025,-2.512593961247314,1.408101517502736,-2.369628151200596,-3.1753291569155073,Period I,2005-01-01
2009-10-02,EGARCH,0.025,-0.46724835234339446,1.408101517502736,-2.369628151200596,-3.1753291569155073,Period I,2005-01-01
2009-10-05,EGARCH,0.025,1.4817944072759348,1.408101517502736,-2.369628151200596,-3.1753291569155073,Period I,2005-01-01
2009-10-06,EGARCH,0.025,1.4222599327786973,1.408101517502736,-2.369628151200596,-3.1753291569155073,Period I,2005-01-01
2009-10-07,EGARCH,0.025,0.2744792868079011,1.408101517502736,-2.369628151200596,-3.1753291569155073,Period I,2005-01-01
2009-10-08,EGARCH,0.025,0.7626773418680682,1.408101517502736,-2.369628151200596,-3.1753291569155073,Period I,2005-01-01
2009-10-09,EGARCH,0.025,0.6078491783683554,1.4347474702267262,-2.391502566017809,-3.211342870494677,Period I,2005-01-01
2009-10-12,EGARCH,0.025,0.3908055259361913,1.4347474702267262,-2.391502566017809,-3.211342870494677,Period I,2005-01-01
2009-10-13,EGARCH,0.025,-0.2045191949544844,1.4347474702267262,-2.391502566017809,-3.211342870494677,Period I,2005-01-01
2009-10-14,EGARCH,0.025,1.7069183190070207,1.4347474702267262,-2.391502566017809,-3.211342870494677,Period I,2005-01-01
2009-10-15,EGARCH,0.025,0.36526525133812837,1.4347474702267262,-2.391502566017809,-3.211342870494677,Period I,2005-01-01
2009-10-16,EGARCH,0.025,-0.7502319731666001,1.4347474702267262,-2.391502566017809,-3.211342870494677,Period I,2005-01-01
2009-10-19,EGARCH,0.025,0.8231265832779153,1.4347474702267262,-2.391502566017809,-3.211342870494677,Period I,2005-01-01
2009-10-20,EGARCH,0.025,-0.5296832759081879,1.4347474702267262,-2.391502566017809,-3.211342870494677,Period I,2005-01-01
2009-10-21,EGARCH,0.025,-0.9014002502735659,1.4347474702267262,-2.391502566017809,-3.211342870494677,Period I,2005-01-01
2009-10-22,EGARCH,0.025,1.011222487063639,1.4347474702267262,-2.391502566017809,-3.211342870494677,Period I,2005-01-01
2009-10-23,EGARCH,0.025,-1.1499137600751326,1.4347474702267262,-2.391502566017809,-3.211342870494677,Period I,2005-01-01
2009-10-26,EGARCH,0.025,-1.0884317314062935,1.4347474702267262,-2.391502566017809,-3.211342870494677,Period I,2005-01-01
2009-10-27,EGARCH,0.025,-0.4593881317244379,1.4347474702267262,-2.391502566017809,-3.211342870494677,Period I,2005-01-01
2009-10-28,EGARCH,0.025,-1.9068020585961882,1.4347474702267262,-2.391502566017809,-3.211342870494677,Period I,2005-01-01
2009-10-29,EGARCH,0.025,2.122696784837498,1.4347474702267262,-2.391502566017809,-3.211342870494677,Period I,2005-01-01
2009-10-30,EGARCH,0.025,-2.940132791617279,1.4347474702267262,-2.391502566017809,-3.211342870494677,Period I,2005-01-01
2009-11-02,EGARCH,0.025,0.7311963944424573,1.4347474702267262,-2.391502566017809,-3.211342870494677,Period I,2005-01-01
2009-11-03,EGARCH,0.025,0.3158368219829836,1.4347474702267262,-2.391502566017809,-3.211342870494677,Period I,2005-01-01
2009-11-04,EGARCH,0.025,0.2576674073968624,1.4347474702267262,-2.391502566017809,-3.211342870494677,Period I,2005-01-01
2009-11-05,EGARCH,0.025,1.8227829937826525,1.4347474702267262,-2.391502566017809,-3.211342870494677,Period I,2005-01-01
2009-11-06,EGARCH,0.025,0.26170571520377806,2.0603276010578195,-2.867187091525087,-3.827571451726399,Period I,2005-01-01
2009-11-09,EGARCH,0.025,2.2520586995464766,2.0603276010578195,-2.867187091525087,-3.827571451726399,Period I,2005-01-01
2009-11-10,EGARCH,0.025,0.01824844267555441,2.0603276010578195,-2.867187091525087,-3.827571451726399,Period I,2005-01-01
2009-11-11,EGARCH,0.025,0.5096991042243658,2.0603276010578195,-2.867187091525087,-3.827571451726399,Period I,2005-01-01
2009-11-12,EGARCH,0.025,-1.022002457882783,2.0603276010578195,-2.867187091525087,-3.827571451726399,Period I,2005-01-01
2009-11-13,EGARCH,0.025,0.539680215119228,2.0603276010578195,-2.867187091525087,-3.827571451726399,Period I,2005-01-01
2009-11-16,EGARCH,0.025,1.4400432924878435,2.0603276010578195,-2.867187091525087,-3.827571451726399,Period I,2005-01-01
2009-11-17,EGARCH,0.025,0.1168252265801438,2.0603276010578195,-2.867187091525087,-3.827571451726399,Period I,2005-01-01
2009-11-18,EGARCH,0.025,-0.06288998637843356,2.0603276010578195,-2.867187091525087,-3.827571451726399,Period I,2005-01-01
2009-11-19,EGARCH,0.025,-1.3116990928494368,2.0603276010578195,-2.867187091525087,-3.827571451726399,Period I,2005-01-01
2009-11-20,EGARCH,0.025,-0.3557580852726131,2.0603276010578195,-2.867187091525087,-3.827571451726399,Period I,2005-01-01
2009-11-23,EGARCH,0.025,1.2622182466278804,2.0603276010578195,-2.867187091525087,-3.827571451726399,Period I,2005-01-01
2009-11-24,EGARCH,0.025,0.1532827231427791,2.0603276010578195,-2.867187091525087,-3.827571451726399,Period I,2005-01-01
2009-11-25,EGARCH,0.025,0.35076655851257504,2.0603276010578195,-2.867187091525087,-3.827571451726399,Period I,2005-01-01
2009-11-27,EGARCH,0.025,-1.6384141869871134,2.0603276010578195,-2.867187091525087,-3.827571451726399,Period I,2005-01-01
2009-11-30,EGARCH,0.025,0.3371173007140081,2.0603276010578195,-2.867187091525087,-3.827571451726399,Period I,2005-01-01
2009-12-01,EGARCH,0.025,1.2294501061477423,2.0603276010578195,-2.867187091525087,-3.827571451726399,Period I,2005-01-01
2009-12-02,EGARCH,0.025,-0.044936465435678634,2.0603276010578195,-2.867187091525087,-3.827571451726399,Period I,2005-01-01
2009-12-03,EGARCH,0.025,-0.78509879179629,2.0603276010578195,-2.867187091525087,-3.827571451726399,Period I,2005-01-01
2009-12-04,EGARCH,0.025,0.569137345975483,2.0603276010578195,-2.867187091525087,-3.827571451726399,Period I,2005-01-01
2009-12-07,EGARCH,0.025,-0.15326196329653333,1.1642868246853841,-2.1549690053719317,-2.8837625040941326,Period I,2005-01-01
2009-12-08,EGARCH,0.025,-1.115907015915104,1.1642868246853841,-2.1549690053719317,-2.8837625040941326,Period I,2005-01-01
2009-12-09,EGARCH,0.025,0.3733520139255921,1.1642868246853841,-2.1549690053719317,-2.8837625040941326,Period I,2005-01-01
2009-12-10,EGARCH,0.025,0.5619544904667438,1.1642868246853841,-2.1549690053719317,-2.8837625040941326,Period I,2005-01-01
2009-12-11,EGARCH,0.025,0.42390252491877267,1.1642868246853841,-2.1549690053719317,-2.8837625040941326,Period I,2005-01-01
2009-12-14,EGARCH,0.025,0.6816800321253684,1.1642868246853841,-2.1549690053719317,-2.8837625040941326,Period I,2005-01-01
2009-12-15,EGARCH,0.025,-0.4659127410461224,1.1642868246853841,-2.1549690053719317,-2.8837625040941326,Period I,2005-01-01
2009-12-16,EGARCH,0.025,0.15255369106561056,1.1642868246853841,-2.1549690053719317,-2.8837625040941326,Period I,2005-01-01
2009-12-17,EGARCH,0.025,-1.208852209622162,1.1642868246853841,-2.1549690053719317,-2.8837625040941326,Period I,2005-01-01
2009-12-18,EGARCH,0.025,0.027223358197046153,1.1642868246853841,-2.1549690053719317,-2.8837625040941326,Period I,2005-01-01
2009-12-21,EGARCH,0.025,1.0111151791373518,1.1642868246853841,-2.1549690053719317,-2.8837625040941326,Period I,2005-01-01
2009-12-22,EGARCH,0.025,0.35864964165904084,1.1642868246853841,-2.1549690053719317,-2.8837625040941326,Period I,2005-01-01
2008-12-23,GJR-GARCH,0.025,-1.0391432729627237,9.432411160560228,-6.137721158806171,-8.010810275679962,Period I,2005-01-01
2008-12-24,GJR-GARCH,0.025,0.5786383218398263,9.432411160560228,-6.137721158806171,-8.010810275679962,Period I,2005-01-01
2008-12-26,GJR-GARCH,0.025,0.5753093522237429,9.432411160560228,-6.137721158806171,-8.010810275679962,Period I,2005-01-01
2008-12-29,GJR-GARCH,0.025,-0.28724095061899446,9.432411160560228,-6.137721158806171,-8.010810275679962,Period I,2005-01-01
2008-12-30,GJR-GARCH,0.025,2.342610539089738,9.432411160560228,-6.137721158806171,-8.010810275679962,Period I,2005-01-01
2008-12-31,GJR-GARCH,0.025,1.4173516099915529,9.432411160560228,-6.137721158806171,-8.010810275679962,Period I,2005-01-01
2009-01-02,GJR-GARCH,0.025,2.9696519178003355,9.432411160560228,-6.137721158806171,-8.010810275679962,Period I,2005-01-01
2009-01-05,GJR-GARCH,0.025,-0.11840118900765961,9.432411160560228,-6.137721158806171,-8.010810275679962,Period I,2005-01-01
2009-01-06,GJR-GARCH,0.025,0.6655270889422131,9.432411160560228,-6.137721158806171,-8.010810275679962,Period I,2005-01-01
2009-01-07,GJR-GARCH,0.025,-3.0414020791079848,9.432411160560228,-6.137721158806171,-8.010810275679962,Period I,2005-01-01
2009-01-08,GJR-GARCH,0.025,0.4072458971089522,9.432411160560228,-6.137721158806171,-8.010810275679962,Period I,2005-01-01
2009-01-09,GJR-GARCH,0.025,-2.1651926807517587,9.432411160560228,-6.137721158806171,-8.010810275679962,Period I,2005-01-01
2009-01-12,GJR-GARCH,0.025,-2.4313847924378575,9.432411160560228,-6.137721158806171,-8.010810275679962,Period I,2005-01-01
2009-01-13,GJR-GARCH,0.025,0.18384891350325747,9.432411160560228,-6.137721158806171,-8.010810275679962,Period I,2005-01-01
2009-01-14,GJR-GARCH,0.025,-3.195977410592953,9.432411160560228,-6.137721158806171,-8.010810275679962,Period I,2005-01-01
2009-01-15,GJR-GARCH,0.025,0.03554989494979771,9.432411160560228,-6.137721158806171,-8.010810275679962,Period I,2005-01-01
2009-01-16,GJR-GARCH,0.025,0.7789441442275626,9.432411160560228,-6.137721158806171,-8.010810275679962,Period I,2005-01-01
2009-01-20,GJR-GARCH,0.025,-5.423049312192624,9.432411160560228,-6.137721158806171,-8.010810275679962,Period I,2005-01-01
2009-01-21,GJR-GARCH,0.025,4.228552816206686,9.432411160560228,-6.137721158806171,-8.010810275679962,Period I,2005-01-01
2009-01-22,GJR-GARCH,0.025,-1.5587881906289451,9.432411160560228,-6.137721158806171,-8.010810275679962,Period I,2005-01-01
2009-01-23,GJR-GARCH,0.025,0.43410246516630385,8.603412971336558,-5.862113603811767,-7.671591859855348,Period I,2005-01-01
2009-01-26,GJR-GARCH,0.025,0.6834965054715632,8.603412971336558,-5.862113603811767,-7.671591859855348,Period I,2005-01-01
2009-01-27,GJR-GARCH,0.025,1.010648253622144,8.603412971336558,-5.862113603811767,-7.671591859855348,Period I,2005-01-01
2009-01-28,GJR-GARCH,0.025,3.3274366155453943,8.603412971336558,-5.862113603811767,-7.671591859855348,Period I,2005-01-01
2009-01-29,GJR-GARCH,0.025,-3.3037741216518097,8.603412971336558,-5.862113603811767,-7.671591859855348,Period I,2005-01-01
2009-01-30,GJR-GARCH,0.025,-2.055277472235818,8.603412971336558,-5.862113603811767,-7.671591859855348,Period I,2005-01-01
2009-02-02,GJR-GARCH,0.025,-0.30227940853050667,8.603412971336558,-5.862113603811767,-7.671591859855348,Period I,2005-01-01
2009-02-03,GJR-GARCH,0.025,1.3949192449676409,8.603412971336558,-5.862113603811767,-7.671591859855348,Period I,2005-01-01
2009-02-04,GJR-GARCH,0.025,-0.49080847130710814,8.603412971336558,-5.862113603811767,-7.671591859855348,Period I,2005-01-01
2009-02-05,GJR-GARCH,0.025,1.4770939817922155,8.603412971336558,-5.862113603811767,-7.671591859855348,Period I,2005-01-01
2009-02-06,GJR-GARCH,0.025,2.8098655578234966,8.603412971336558,-5.862113603811767,-7.671591859855348,Period I,2005-01-01
2009-02-09,GJR-GARCH,0.025,0.13786205759479542,8.603412971336558,-5.862113603811767,-7.671591859855348,Period I,2005-01-01
2009-02-10,GJR-GARCH,0.025,-4.689182743092,8.603412971336558,-5.862113603811767,-7.671591859855348,Period I,2005-01-01
2009-02-11,GJR-GARCH,0.025,0.5878462929680316,8.603412971336558,-5.862113603811767,-7.671591859855348,Period I,2005-01-01
2009-02-12,GJR-GARCH,0.025,0.0717507949255106,8.603412971336558,-5.862113603811767,-7.671591859855348,Period I,2005-01-01
2009-02-13,GJR-GARCH,0.025,-1.081613109807438,8.603412971336558,-5.862113603811767,-7.671591859855348,Period I,2005-01-01
2009-02-17,GJR-GARCH,0.025,-4.371607108689898,8.603412971336558,-5.862113603811767,-7.671591859855348,Period I,2005-01-01
2009-02-18,GJR-GARCH,0.025,-0.2401295831986448,8.603412971336558,-5.862113603811767,-7.671591859855348,Period I,2005-01-01
2009-02-19,GJR-GARCH,0.025,-1.0813647502500439,8.603412971336558,-5.862113603811767,-7.671591859855348,Period I,2005-01-01
2009-02-20,GJR-GARCH,0.025,-0.9768742769734874,8.603412971336558,-5.862113603811767,-7.671591859855348,Period I,2005-01-01
2009-02-23,GJR-GARCH,0.025,-3.6434577072935848,6.6786635529328455,-5.165035020662504,-6.775071451580375,Period I,2005-01-01
2009-02-24,GJR-GARCH,0.025,3.720933743960743,6.6786635529328455,-5.165035020662504,-6.775071451580375,Period I,2005-01-01
2009-02-25,GJR-GARCH,0.025,-0.7904162773987182,6.6786635529328455,-5.165035020662504,-6.775071451580375,Period I,2005-01-01
2009-02-26,GJR-GARCH,0.025,-1.6394884307632596,6.6786635529328455,-5.165035020662504,-6.775071451580375,Period I,2005-01-01
2009-02-27,GJR-GARCH,0.025,-2.2602131086717105,6.6786635529328455,-5.165035020662504,-6.775071451580375,Period I,2005-01-01
2009-03-02,GJR-GARCH,0.025,-4.608858081073006,6.6786635529328455,-5.165035020662504,-6.775071451580375,Period I,2005-01-01
2009-03-03,GJR-GARCH,0.025,-0.7535384859036656,6.6786635529328455,-5.165035020662504,-6.775071451580375,Period I,2005-01-01
2009-03-04,GJR-GARCH,0.025,2.3414378910774323,6.6786635529328455,-5.165035020662504,-6.775071451580375,Period I,2005-01-01
2009-03-05,GJR-GARCH,0.025,-4.170532764167614,6.6786635529328455,-5.165035020662504,-6.775071451580375,Period I,2005-01-01
2009-03-06,GJR-GARCH,0.025,0.1742595795658918,6.6786635529328455,-5.165035020662504,-6.775071451580375,Period I,2005-01-01
2009-03-09,GJR-GARCH,0.025,-1.182233087741168,6.6786635529328455,-5.165035020662504,-6.775071451580375,Period I,2005-01-01
2009-03-10,GJR-GARCH,0.025,5.790036749828206,6.6786635529328455,-5.165035020662504,-6.775071451580375,Period I,2005-01-01
2009-03-11,GJR-GARCH,0.025,0.6491304177849674,6.6786635529328455,-5.165035020662504,-6.775071451580375,Period I,2005-01-01
2009-03-12,GJR-GARCH,0.025,3.8616930364357995,6.6786635529328455,-5.165035020662504,-6.775071451580375,Period I,2005-01-01
2009-03-13,GJR-GARCH,0.025,0.7784145804795887,6.6786635529328455,-5.165035020662504,-6.775071451580375,Period I,2005-01-01
2009-03-16,GJR-GARCH,0.025,-0.3027257753259416,6.6786635529328455,-5.165035020662504,-6.775071451580375,Period I,2005-01-01
2009-03-17,GJR-GARCH,0.025,3.0124319961795063,6.6786635529328455,-5.165035020662504,-6.775071451580375,Period I,2005-01-01
2009-03-18,GJR-GARCH,0.025,2.213739118765506,6.6786635529328455,-5.165035020662504,-6.775071451580375,Period I,2005-01-01
2009-03-19,GJR-GARCH,0.025,-1.2463154293899426,6.6786635529328455,-5.165035020662504,-6.775071451580375,Period I,2005-01-01
2009-03-20,GJR-GARCH,0.025,-2.8656035125776578,6.6786635529328455,-5.165035020662504,-6.775071451580375,Period I,2005-01-01
2009-03-23,GJR-GARCH,0.025,6.936653028023308,5.412644422165952,-4.649729599855822,-6.089463618005655,Period I,2005-01-01
2009-03-24,GJR-GARCH,0.025,-1.9899965735440541,5.412644422165952,-4.649729599855822,-6.089463618005655,Period I,2005-01-01
2009-03-25,GJR-GARCH,0.025,1.0490666999103533,5.412644422165952,-4.649729599855822,-6.089463618005655,Period I,2005-01-01
2009-03-26,GJR-GARCH,0.025,2.0175741328649455,5.412644422165952,-4.649729599855822,-6.089463618005655,Period I,2005-01-01
2009-03-27,GJR-GARCH,0.025,-1.82132279488019,5.412644422165952,-4.649729599855822,-6.089463618005655,Period I,2005-01-01
2009-03-30,GJR-GARCH,0.025,-3.5165714082594945,5.412644422165952,-4.649729599855822,-6.089463618005655,Period I,2005-01-01
2009-03-31,GJR-GARCH,0.025,0.9222423255919477,5.412644422165952,-4.649729599855822,-6.089463618005655,Period I,2005-01-01
2009-04-01,GJR-GARCH,0.025,1.918107094829613,5.412644422165952,-4.649729599855822,-6.089463618005655,Period I,2005-01-01
2009-04-02,GJR-GARCH,0.025,2.8818369490195277,5.412644422165952,-4.649729599855822,-6.089463618005655,Period I,2005-01-01
2009-04-03,GJR-GARCH,0.025,0.9899321331862869,5.412644422165952,-4.649729599855822,-6.089463618005655,Period I,2005-01-01
2009-04-06,GJR-GARCH,0.025,-0.7863780065196408,5.412644422165952,-4.649729599855822,-6.089463618005655,Period I,2005-01-01
2009-04-07,GJR-GARCH,0.025,-2.360166373399636,5.412644422165952,-4.649729599855822,-6.089463618005655,Period I,2005-01-01
2009-04-08,GJR-GARCH,0.025,1.0720010709050372,5.412644422165952,-4.649729599855822,-6.089463618005655,Period I,2005-01-01
2009-04-09,GJR-GARCH,0.025,3.8973672554157055,5.412644422165952,-4.649729599855822,-6.089463618005655,Period I,2005-01-01
2009-04-13,GJR-GARCH,0.025,0.023309569590602167,5.412644422165952,-4.649729599855822,-6.089463618005655,Period I,2005-01-01
2009-04-14,GJR-GARCH,0.025,-1.7393826161506316,5.412644422165952,-4.649729599855822,-6.089463618005655,Period I,2005-01-01
2009-04-15,GJR-GARCH,0.025,1.0613325261499618,5.412644422165952,-4.649729599855822,-6.089463618005655,Period I,2005-01-01
2009-04-16,GJR-GARCH,0.025,1.4556297774207454,5.412644422165952,-4.649729599855822,-6.089463618005655,Period I,2005-01-01
2009-04-17,GJR-GARCH,0.025,0.6682843455783037,5.412644422165952,-4.649729599855822,-6.089463618005655,Period I,2005-01-01
2009-04-20,GJR-GARCH,0.025,-4.281929682176725,5.412644422165952,-4.649729599855822,-6.089463618005655,Period I,2005-01-01
2009-04-21,GJR-GARCH,0.025,1.9348900551471482,5.715733956957996,-4.778162323280735,-6.2603584800358485,Period I,2005-01-01
2009-04-22,GJR-GARCH,0.025,-0.6132055155160467,5.715733956957996,-4.778162323280735,-6.2603584800358485,Period I,2005-01-01
2009-04-23,GJR-GARCH,0.025,0.9769977226737957,5.715733956957996,-4.778162323280735,-6.2603584800358485,Period I,2005-01-01
2009-04-24,GJR-GARCH,0.025,1.499767537522274,5.715733956957996,-4.778162323280735,-6.2603584800358485,Period I,2005-01-01
2009-04-27,GJR-GARCH,0.025,-0.950740290971751,5.715733956957996,-4.778162323280735,-6.2603584800358485,Period I,2005-01-01
2009-04-28,GJR-GARCH,0.025,-0.31503047968277903,5.715733956957996,-4.778162323280735,-6.2603584800358485,Period I,2005-01-01
2009-04-29,GJR-GARCH,0.025,2.104610179165032,5.715733956957996,-4.778162323280735,-6.2603584800358485,Period I,2005-01-01
2009-04-30,GJR-GARCH,0.025,0.03432158344524315,5.715733956957996,-4.778162323280735,-6.2603584800358485,Period I,2005-01-01
2009-05-01,GJR-GARCH,0.025,0.5361957142381252,5.715733956957996,-4.778162323280735,-6.2603584800358485,Period I,2005-01-01
2009-05-04,GJR-GARCH,0.025,3.3453899118707304,5.715733956957996,-4.778162323280735,-6.2603584800358485,Period I,2005-01-01
2009-05-05,GJR-GARCH,0.025,-0.34168957334120814,5.715733956957996,-4.778162323280735,-6.2603584800358485,Period I,2005-01-01
2009-05-06,GJR-GARCH,0.025,1.7186123866239669,5.715733956957996,-4.778162323280735,-6.2603584800358485,Period I,2005-01-01
2009-05-07,GJR-GARCH,0.025,-1.398928583484315,5.715733956957996,-4.778162323280735,-6.2603584800358485,Period I,2005-01-01
2009-05-08,GJR-GARCH,0.025,2.3064585317510486,5.715733956957996,-4.778162323280735,-6.2603584800358485,Period I,2005-01-01
2009-05-11,GJR-GARCH,0.025,-1.8891078363386136,5.715733956957996,-4.778162323280735,-6.2603584800358485,Period I,2005-01-01
2009-05-12,GJR-GARCH,0.025,-0.2963578750162108,5.715733956957996,-4.778162323280735,-6.2603584800358485,Period I,2005-01-01
2009-05-13,GJR-GARCH,0.025,-2.5495407063288846,5.715733956957996,-4.778162323280735,-6.2603584800358485,Period I,2005-01-01
2009-05-14,GJR-GARCH,0.025,0.8533648513944746,5.715733956957996,-4.778162323280735,-6.2603584800358485,Period I,2005-01-01
2009-05-15,GJR-GARCH,0.025,-0.819542449132723,5.715733956957996,-4.778162323280735,-6.2603584800358485,Period I,2005-01-01
2009-05-18,GJR-GARCH,0.025,2.8011214941717695,5.715733956957996,-4.778162323280735,-6.2603584800358485,Period I,2005-01-01
2009-05-19,GJR-GARCH,0.025,-0.12064778723626043,2.6231815138161916,-3.2370069691540047,-4.2530781417400645,Period I,2005-01-01
2009-05-20,GJR-GARCH,0.025,-0.6716983840170287,2.6231815138161916,-3.2370069691540047,-4.2530781417400645,Period I,2005-01-01
2009-05-21,GJR-GARCH,0.025,-1.446723477814465,2.6231815138161916,-3.2370069691540047,-4.2530781417400645,Period I,2005-01-01
2009-05-22,GJR-GARCH,0.025,-0.2132104785256413,2.6231815138161916,-3.2370069691540047,-4.2530781417400645,Period I,2005-01-01
2009-05-26,GJR-GARCH,0.025,2.5289795148701324,2.6231815138161916,-3.2370069691540047,-4.2530781417400645,Period I,2005-01-01
2009-05-27,GJR-GARCH,0.025,-1.8014576482497175,2.6231815138161916,-3.2370069691540047,-4.2530781417400645,Period I,2005-01-01
2009-05-28,GJR-GARCH,0.025,1.3843734301126625,2.6231815138161916,-3.2370069691540047,-4.2530781417400645,Period I,2005-01-01
2009-05-29,GJR-GARCH,0.025,1.7552924223269621,2.6231815138161916,-3.2370069691540047,-4.2530781417400645,Period I,2005-01-01
2009-06-01,GJR-GARCH,0.025,2.391996499177469,2.6231815138161916,-3.2370069691540047,-4.2530781417400645,Period I,2005-01-01
2009-06-02,GJR-GARCH,0.025,0.08438122335373766,2.6231815138161916,-3.2370069691540047,-4.2530781417400645,Period I,2005-01-01
2009-06-03,GJR-GARCH,0.025,-1.2732235110220134,2.6231815138161916,-3.2370069691540047,-4.2530781417400645,Period I,2005-01-01
2009-06-04,GJR-GARCH,0.025,0.9352786340380315,2.6231815138161916,-3.2370069691540047,-4.2530781417400645,Period I,2005-01-01
2009-06-05,GJR-GARCH,0.025,0.02115958572229988,2.6231815138161916,-3.2370069691540047,-4.2530781417400645,Period I,2005-01-01
2009-06-08,GJR-GARCH,0.025,-0.41333255366907495,2.6231815138161916,-3.2370069691540047,-4.2530781417400645,Period I,2005-01-01
2009-06-09,GJR-GARCH,0.025,0.5084711376508008,2.6231815138161916,-3.2370069691540047,-4.2530781417400645,Period I,2005-01-01
2009-06-10,GJR-GARCH,0.025,-0.2539123905512595,2.6231815138161916,-3.2370069691540047,-4.2530781417400645,Period I,2005-01-01
2009-06-11,GJR-GARCH,0.025,0.4439264940071205,2.6231815138161916,-3.2370069691540047,-4.2530781417400645,Period I,2005-01-01
2009-06-12,GJR-GARCH,0.025,0.27383074945380476,2.6231815138161916,-3.2370069691540047,-4.2530781417400645,Period I,2005-01-01
2009-06-15,GJR-GARCH,0.025,-2.319499950528158,2.6231815138161916,-3.2370069691540047,-4.2530781417400645,Period I,2005-01-01
2009-06-16,GJR-GARCH,0.025,-1.3655811319777544,2.6231815138161916,-3.2370069691540047,-4.2530781417400645,Period I,2005-01-01
2009-06-17,GJR-GARCH,0.025,-0.09825464701284027,2.000947700012054,-2.8267096214044094,-3.68029358130263,Period I,2005-01-01
2009-06-18,GJR-GARCH,0.025,0.7291735560570102,2.000947700012054,-2.8267096214044094,-3.68029358130263,Period I,2005-01-01
2009-06-19,GJR-GARCH,0.025,-0.19537649011938807,2.000947700012054,-2.8267096214044094,-3.68029358130263,Period I,2005-01-01
2009-06-22,GJR-GARCH,0.025,-3.044579015397382,2.000947700012054,-2.8267096214044094,-3.68029358130263,Period I,2005-01-01
2009-06-23,GJR-GARCH,0.025,0.0783739567638226,2.000947700012054,-2.8267096214044094,-3.68029358130263,Period I,2005-01-01
2009-06-24,GJR-GARCH,0.025,0.8580921513096341,2.000947700012054,-2.8267096214044094,-3.68029358130263,Period I,2005-01-01
2009-06-25,GJR-GARCH,0.025,2.151563825811823,2.000947700012054,-2.8267096214044094,-3.68029358130263,Period I,2005-01-01
2009-06-26,GJR-GARCH,0.025,-0.2609891602732419,2.000947700012054,-2.8267096214044094,-3.68029358130263,Period I,2005-01-01
2009-06-29,GJR-GARCH,0.025,0.9320546954641561,2.000947700012054,-2.8267096214044094,-3.68029358130263,Period I,2005-01-01
2009-06-30,GJR-GARCH,0.025,-0.8123521790001337,2.000947700012054,-2.8267096214044094,-3.68029358130263,Period I,2005-01-01
2009-07-01,GJR-GARCH,0.025,0.4124217755158071,2.000947700012054,-2.8267096214044094,-3.68029358130263,Period I,2005-01-01
2009-07-02,GJR-GARCH,0.025,-2.767283511743629,2.000947700012054,-2.8267096214044094,-3.68029358130263,Period I,2005-01-01
2009-07-06,GJR-GARCH,0.025,-0.011129120663986641,2.000947700012054,-2.8267096214044094,-3.68029358130263,Period I,2005-01-01
2009-07-07,GJR-GARCH,0.025,-1.9566636688835874,2.000947700012054,-2.8267096214044094,-3.68029358130263,Period I,2005-01-01
2009-07-08,GJR-GARCH,0.025,-0.06815581250509894,2.000947700012054,-2.8267096214044094,-3.68029358130263,Period I,2005-01-01
2009-07-09,GJR-GARCH,0.025,0.19299338534081464,2.000947700012054,-2.8267096214044094,-3.68029358130263,Period I,2005-01-01
2009-07-10,GJR-GARCH,0.025,-0.23845930535050974,2.000947700012054,-2.8267096214044094,-3.68029358130263,Period I,2005-01-01
2009-07-13,GJR-GARCH,0.025,2.403799240078975,2.000947700012054,-2.8267096214044094,-3.68029358130263,Period I,2005-01-01
2009-07-14,GJR-GARCH,0.025,0.5644441291098867,2.000947700012054,-2.8267096214044094,-3.68029358130263,Period I,2005-01-01
2009-07-15,GJR-GARCH,0.025,2.8826725316357917,2.000947700012054,-2.8267096214044094,-3.68029358130263,Period I,2005-01-01
2009-07-16,GJR-GARCH,0.025,-0.1609717830750838,1.862430304809062,-2.7275262771825055,-3.57859520093068,Period I,2005-01-01
2009-07-17,GJR-GARCH,0.025,1.089517992491908,1.862430304809062,-2.7275262771825055,-3.57859520093068,Period I,2005-01-01
2009-07-20,GJR-GARCH,0.025,1.0567571965960236,1.862430304809062,-2.7275262771825055,-3.57859520093068,Period I,2005-01-01
2009-07-21,GJR-GARCH,0.025,0.46146117383865637,1.862430304809062,-2.7275262771825055,-3.57859520093068,Period I,2005-01-01
2009-07-22,GJR-GARCH,0.025,-0.02092574597321095,1.862430304809062,-2.7275262771825055,-3.57859520093068,Period I,2005-01-01
2009-07-23,GJR-GARCH,0.025,2.184239350693466,1.862430304809062,-2.7275262771825055,-3.57859520093068,Period I,2005-01-01
2009-07-24,GJR-GARCH,0.025,0.408741519394771,1.862430304809062,-2.7275262771825055,-3.57859520093068,Period I,2005-01-01
2009-07-27,GJR-GARCH,0.025,0.2953017994263744,1.862430304809062,-2.7275262771825055,-3.57859520093068,Period I,2005-01-01
2009-07-28,GJR-GARCH,0.025,-0.4688136282021755,1.862430304809062,-2.7275262771825055,-3.57859520093068,Period I,2005-01-01
2009-07-29,GJR-GARCH,0.025,-0.24547200895752974,1.862430304809062,-2.7275262771825055,-3.57859520093068,Period I,2005-01-01
2009-07-30,GJR-GARCH,0.025,1.0391257363027433,1.862430304809062,-2.7275262771825055,-3.57859520093068,Period I,2005-01-01
2009-07-31,GJR-GARCH,0.025,0.14178591870671048,1.862430304809062,-2.7275262771825055,-3.57859520093068,Period I,2005-01-01
2009-08-03,GJR-GARCH,0.025,1.6361769097712722,1.862430304809062,-2.7275262771825055,-3.57859520093068,Period I,2005-01-01
2009-08-04,GJR-GARCH,0.025,0.258521082258083,1.862430304809062,-2.7275262771825055,-3.57859520093068,Period I,2005-01-01
2009-08-05,GJR-GARCH,0.025,-0.28839290561714476,1.862430304809062,-2.7275262771825055,-3.57859520093068,Period I,2005-01-01
2009-08-06,GJR-GARCH,0.025,-0.519226592908312,1.862430304809062,-2.7275262771825055,-3.57859520093068,Period I,2005-01-01
2009-08-07,GJR-GARCH,0.025,1.302915226383367,1.862430304809062,-2.7275262771825055,-3.57859520093068,Period I,2005-01-01
2009-08-10,GJR-GARCH,0.025,-0.20772458120808637,1.862430304809062,-2.7275262771825055,-3.57859520093068,Period I,2005-01-01
2009-08-11,GJR-GARCH,0.025,-1.255491281157975,1.862430304809062,-2.7275262771825055,-3.57859520093068,Period I,2005-01-01
2009-08-12,GJR-GARCH,0.025,1.0671817838648352,1.862430304809062,-2.7275262771825055,-3.57859520093068,Period I,2005-01-01
2009-08-13,GJR-GARCH,0.025,0.7609827034181113,0.7279867586547754,-1.705263204249309,-2.239255585488488,Period I,2005-01-01
2009-08-14,GJR-GARCH,0.025,-0.7709059496523747,0.7279867586547754,-1.705263204249309,-2.239255585488488,Period I,2005-01-01
2009-08-17,GJR-GARCH,0.025,-2.491342690522046,0.7279867586547754,-1.705263204249309,-2.239255585488488,Period I,2005-01-01
2009-08-18,GJR-GARCH,0.025,0.7902764568321541,0.7279867586547754,-1.705263204249309,-2.239255585488488,Period I,2005-01-01
2009-08-19,GJR-GARCH,0.025,0.8741605694413355,0.7279867586547754,-1.705263204249309,-2.239255585488488,Period I,2005-01-01
2009-08-20,GJR-GARCH,0.025,1.025138407775959,0.7279867586547754,-1.705263204249309,-2.239255585488488,Period I,2005-01-01
2009-08-21,GJR-GARCH,0.025,1.9416214638024671,0.7279867586547754,-1.705263204249309,-2.239255585488488,Period I,2005-01-01
2009-08-24,GJR-GARCH,0.025,-0.009714112779598012,0.7279867586547754,-1.705263204249309,-2.239255585488488,Period I,2005-01-01
2009-08-25,GJR-GARCH,0.025,0.19406621166559035,0.7279867586547754,-1.705263204249309,-2.239255585488488,Period I,2005-01-01
2009-08-26,GJR-GARCH,0.025,0.009687885188834892,0.7279867586547754,-1.705263204249309,-2.239255585488488,Period I,2005-01-01
2009-08-27,GJR-GARCH,0.025,0.22268814670309842,0.7279867586547754,-1.705263204249309,-2.239255585488488,Period I,2005-01-01
2009-08-28,GJR-GARCH,0.025,-0.01934836313128255,0.7279867586547754,-1.705263204249309,-2.239255585488488,Period I,2005-01-01
2009-08-31,GJR-GARCH,0.025,-0.8939023624470115,0.7279867586547754,-1.705263204249309,-2.239255585488488,Period I,2005-01-01
2009-09-01,GJR-GARCH,0.025,-2.2304311381495983,0.7279867586547754,-1.705263204249309,-2.239255585488488,Period I,2005-01-01
2009-09-02,GJR-GARCH,0.025,-0.3799597209896823,0.7279867586547754,-1.705263204249309,-2.239255585488488,Period I,2005-01-01
2009-09-03,GJR-GARCH,0.025,0.8280606261845547,0.7279867586547754,-1.705263204249309,-2.239255585488488,Period I,2005-01-01
2009-09-04,GJR-GARCH,0.025,1.39116844684933,0.7279867586547754,-1.705263204249309,-2.239255585488488,Period I,2005-01-01
2009-09-08,GJR-GARCH,0.025,0.8585466226855942,0.7279867586547754,-1.705263204249309,-2.239255585488488,Period I,2005-01-01
2009-09-09,GJR-GARCH,0.025,0.7645083864563935,0.7279867586547754,-1.705263204249309,-2.239255585488488,Period I,2005-01-01
2009-09-10,GJR-GARCH,0.025,1.0166954417670773,0.7279867586547754,-1.705263204249309,-2.239255585488488,Period I,2005-01-01
2009-09-11,GJR-GARCH,0.025,-0.019091689973998686,1.0395779708751096,-2.0377087696682015,-2.6873652816664446,Period I,2005-01-01
2009-09-14,GJR-GARCH,0.025,0.4856016658290553,1.0395779708751096,-2.0377087696682015,-2.6873652816664446,Period I,2005-01-01
2009-09-15,GJR-GARCH,0.025,0.41706453004734534,1.0395779708751096,-2.0377087696682015,-2.6873652816664446,Period I,2005-01-01
2009-09-16,GJR-GARCH,0.025,1.5020921431161585,1.0395779708751096,-2.0377087696682015,-2.6873652816664446,Period I,2005-01-01
2009-09-17,GJR-GARCH,0.025,-0.14919438631904425,1.0395779708751096,-2.0377087696682015,-2.6873652816664446,Period I,2005-01-01
2009-09-18,GJR-GARCH,0.025,-0.4114485244940842,1.0395779708751096,-2.0377087696682015,-2.6873652816664446,Period I,2005-01-01
2009-09-21,GJR-GARCH,0.025,-0.25332309346603893,1.0395779708751096,-2.0377087696682015,-2.6873652816664446,Period I,2005-01-01
2009-09-22,GJR-GARCH,0.025,0.5807460648907438,1.0395779708751096,-2.0377087696682015,-2.6873652816664446,Period I,2005-01-01
2009-09-23,GJR-GARCH,0.025,-0.834705329027164,1.0395779708751096,-2.0377087696682015,-2.6873652816664446,Period I,2005-01-01
2009-09-24,GJR-GARCH,0.025,-1.1080165968645181,1.0395779708751096,-2.0377087696682015,-2.6873652816664446,Period I,2005-01-01
2009-09-25,GJR-GARCH,0.025,-0.5347145275845743,1.0395779708751096,-2.0377087696682015,-2.6873652816664446,Period I,2005-01-01
2009-09-28,GJR-GARCH,0.025,1.7744952749467677,1.0395779708751096,-2.0377087696682015,-2.6873652816664446,Period I,2005-01-01
2009-09-29,GJR-GARCH,0.025,-0.3014317422571151,1.0395779708751096,-2.0377087696682015,-2.6873652816664446,Period I,2005-01-01
2009-09-30,GJR-GARCH,0.025,-0.3875458975995066,1.0395779708751096,-2.0377087696682015,-2.6873652816664446,Period I,2005-01-01
2009-10-01,GJR-GARCH,0.025,-2.512593961247314,1.0395779708751096,-2.0377087696682015,-2.6873652816664446,Period I,2005-01-01
2009-10-02,GJR-GARCH,0.025,-0.46724835234339446,1.0395779708751096,-2.0377087696682015,-2.6873652816664446,Period I,2005-01-01
2009-10-05,GJR-GARCH,0.025,1.4817944072759348,1.0395779708751096,-2.0377087696682015,-2.6873652816664446,Period I,2005-01-01
2009-10-06,GJR-GARCH,0.025,1.4222599327786973,1.0395779708751096,-2.0377087696682015,-2.6873652816664446,Period I,2005-01-01
2009-10-07,GJR-GARCH,0.025,0.2744792868079011,1.0395779708751096,-2.0377087696682015,-2.6873652816664446,Period I,2005-01-01
2009-10-08,GJR-GARCH,0.025,0.7626773418680682,1.0395779708751096,-2.0377087696682015,-2.6873652816664446,Period I,2005-01-01
2009-10-09,GJR-GARCH,0.025,0.6078491783683554,1.1401317861572289,-2.133913007314083,-2.8187309496389528,Period I,2005-01-01
2009-10-12,GJR-GARCH,0.025,0.3908055259361913,1.1401317861572289,-2.133913007314083,-2.8187309496389528,Period I,2005-01-01
2009-10-13,GJR-GARCH,0.025,-0.2045191949544844,1.1401317861572289,-2.133913007314083,-2.8187309496389528,Period I,2005-01-01
2009-10-14,GJR-GARCH,0.025,1.7069183190070207,1.1401317861572289,-2.133913007314083,-2.8187309496389528,Period I,2005-01-01
2009-10-15,GJR-GARCH,0.025,0.36526525133812837,1.1401317861572289,-2.133913007314083,-2.8187309496389528,Period I,2005-01-01
2009-10-16,GJR-GARCH,0.025,-0.7502319731666001,1.1401317861572289,-2.133913007314083,-2.8187309496389528,Period I,2005-01-01
2009-10-19,GJR-GARCH,0.025,0.8231265832779153,1.1401317861572289,-2.133913007314083,-2.8187309496389528,Period I,2005-01-01
2009-10-20,GJR-GARCH,0.025,-0.5296832759081879,1.1401317861572289,-2.133913007314083,-2.8187309496389528,Period I,2005-01-01
2009-10-21,GJR-GARCH,0.025,-0.9014002502735659,1.1401317861572289,-2.133913007314083,-2.8187309496389528,Period I,2005-01-01
2009-10-22,GJR-GARCH,0.025,1.011222487063639,1.1401317861572289,-2.133913007314083,-2.8187309496389528,Period I,2005-01-01
2009-10-23,GJR-GARCH,0.025,-1.1499137600751326,1.1401317861572289,-2.133913007314083,-2.8187309496389528,Period I,2005-01-01
2009-10-26,GJR-GARCH,0.025,-1.0884317314062935,1.1401317861572289,-2.133913007314083,-2.8187309496389528,Period I,2005-01-01
2009-10-27,GJR-GARCH,0.025,-0.4593881317244379,1.1401317861572289,-2.133913007314083,-2.8187309496389528,Period I,2005-01-01
2009-10-28,GJR-GARCH,0.025,-1.9068020585961882,1.1401317861572289,-2.133913007314083,-2.8187309496389528,Period I,2005-01-01
2009-10-29,GJR-GARCH,0.025,2.122696784837498,1.1401317861572289,-2.133913007314083,-2.8187309496389528,Period I,2005-01-01
2009-10-30,GJR-GARCH,0.025,-2.940132791617279,1.1401317861572289,-2.133913007314083,-2.8187309496389528,Period I,2005-01-01
2009-11-02,GJR-GARCH,0.025,0.7311963944424573,1.1401317861572289,-2.133913007314083,-2.8187309496389528,Period I,2005-01-01
2009-11-03,GJR-GARCH,0.025,0.3158368219829836,1.1401317861572289,-2.133913007314083,-2.8187309496389528,Period I,2005-01-01
2009-11-04,GJR-GARCH,0.025,0.2576674073968624,1.1401317861572289,-2.133913007314083,-2.8187309496389528,Period I,2005-01-01
2009-11-05,GJR-GARCH,0.025,1.8227829937826525,1.1401317861572289,-2.133913007314083,-2.8187309496389528,Period I,2005-01-01
2009-11-06,GJR-GARCH,0.025,0.26170571520377806,1.9125631325549561,-2.7639887096697353,-3.634167043977702,Period I,2005-01-01
2009-11-09,GJR-GARCH,0.025,2.2520586995464766,1.9125631325549561,-2.7639887096697353,-3.634167043977702,Period I,2005-01-01
2009-11-10,GJR-GARCH,0.025,0.01824844267555441,1.9125631325549561,-2.7639887096697353,-3.634167043977702,Period I,2005-01-01
2009-11-11,GJR-GARCH,0.025,0.5096991042243658,1.9125631325549561,-2.7639887096697353,-3.634167043977702,Period I,2005-01-01
2009-11-12,GJR-GARCH,0.025,-1.022002457882783,1.9125631325549561,-2.7639887096697353,-3.634167043977702,Period I,2005-01-01
2009-11-13,GJR-GARCH,0.025,0.539680215119228,1.9125631325549561,-2.7639887096697353,-3.634167043977702,Period I,2005-01-01
2009-11-16,GJR-GARCH,0.025,1.4400432924878435,1.9125631325549561,-2.7639887096697353,-3.634167043977702,Period I,2005-01-01
2009-11-17,GJR-GARCH,0.025,0.1168252265801438,1.9125631325549561,-2.7639887096697353,-3.634167043977702,Period I,2005-01-01
2009-11-18,GJR-GARCH,0.025,-0.06288998637843356,1.9125631325549561,-2.7639887096697353,-3.634167043977702,Period I,2005-01-01
2009-11-19,GJR-GARCH,0.025,-1.3116990928494368,1.9125631325549561,-2.7639887096697353,-3.634167043977702,Period I,2005-01-01
2009-11-20,GJR-GARCH,0.025,-0.3557580852726131,1.9125631325549561,-2.7639887096697353,-3.634167043977702,Period I,2005-01-01
2009-11-23,GJR-GARCH,0.025,1.2622182466278804,1.9125631325549561,-2.7639887096697353,-3.634167043977702,Period I,2005-01-01
2009-11-24,GJR-GARCH,0.025,0.1532827231427791,1.9125631325549561,-2.7639887096697353,-3.634167043977702,Period I,2005-01-01
2009-11-25,GJR-GARCH,0.025,0.35076655851257504,1.9125631325549561,-2.7639887096697353,-3.634167043977702,Period I,2005-01-01
2009-11-27,GJR-GARCH,0.025,-1.6384141869871134,1.9125631325549561,-2.7639887096697353,-3.634167043977702,Period I,2005-01-01
2009-11-30,GJR-GARCH,0.025,0.3371173007140081,1.9125631325549561,-2.7639887096697353,-3.634167043977702,Period I,2005-01-01
2009-12-01,GJR-GARCH,0.025,1.2294501061477423,1.9125631325549561,-2.7639887096697353,-3.634167043977702,Period I,2005-01-01
2009-12-02,GJR-GARCH,0.025,-0.044936465435678634,1.9125631325549561,-2.7639887096697353,-3.634167043977702,Period I,2005-01-01
2009-12-03,GJR-GARCH,0.025,-0.78509879179629,1.9125631325549561,-2.7639887096697353,-3.634167043977702,Period I,2005-01-01
2009-12-04,GJR-GARCH,0.025,0.569137345975483,1.9125631325549561,-2.7639887096697353,-3.634167043977702,Period I,2005-01-01
2009-12-07,GJR-GARCH,0.025,-0.15326196329653333,1.0098206481627308,-2.008306653558803,-2.6504190798340947,Period I,2005-01-01
2009-12-08,GJR-GARCH,0.025,-1.115907015915104,1.0098206481627308,-2.008306653558803,-2.6504190798340947,Period I,2005-01-01
2009-12-09,GJR-GARCH,0.025,0.3733520139255921,1.0098206481627308,-2.008306653558803,-2.6504190798340947,Period I,2005-01-01
2009-12-10,GJR-GARCH,0.025,0.5619544904667438,1.0098206481627308,-2.008306653558803,-2.6504190798340947,Period I,2005-01-01
2009-12-11,GJR-GARCH,0.025,0.42390252491877267,1.0098206481627308,-2.008306653558803,-2.6504190798340947,Period I,2005-01-01
2009-12-14,GJR-GARCH,0.025,0.6816800321253684,1.0098206481627308,-2.008306653558803,-2.6504190798340947,Period I,2005-01-01
2009-12-15,GJR-GARCH,0.025,-0.4659127410461224,1.0098206481627308,-2.008306653558803,-2.6504190798340947,Period I,2005-01-01
2009-12-16,GJR-GARCH,0.025,0.15255369106561056,1.0098206481627308,-2.008306653558803,-2.6504190798340947,Period I,2005-01-01
2009-12-17,GJR-GARCH,0.025,-1.208852209622162,1.0098206481627308,-2.008306653558803,-2.6504190798340947,Period I,2005-01-01
2009-12-18,GJR-GARCH,0.025,0.027223358197046153,1.0098206481627308,-2.008306653558803,-2.6504190798340947,Period I,2005-01-01
2009-12-21,GJR-GARCH,0.025,1.0111151791373518,1.0098206481627308,-2.008306653558803,-2.6504190798340947,Period I,2005-01-01
2009-12-22,GJR-GARCH,0.025,0.35864964165904084,1.0098206481627308,-2.008306653558803,-2.6504190798340947,Period I,2005-01-01
2008-12-23,Original GARCHNet,0.025,-1.0391432729627237,0.9575755596160889,-1.9324340060058176,-2.352259324892202,Period I,2005-01-01
2008-12-24,Original GARCHNet,0.025,0.5786383218398263,0.9629335403442383,-1.937838628189833,-2.3588601353054366,Period I,2005-01-01
2008-12-26,Original GARCHNet,0.025,0.5753093522237429,0.9461490511894226,-1.9208536343299683,-2.3381021316861945,Period I,2005-01-01
2008-12-29,Original GARCHNet,0.025,-0.28724095061899446,0.9363213181495667,-1.9108425310088608,-2.325882347012708,Period I,2005-01-01
2008-12-30,Original GARCHNet,0.025,2.342610539089738,0.9366347789764404,-1.911162301476674,-2.3262713540675373,Period I,2005-01-01
2008-12-31,Original GARCHNet,0.025,1.4173516099915529,0.9188061356544495,-1.892862923772986,-2.3039116454715463,Period I,2005-01-01
2009-01-02,Original GARCHNet,0.025,2.9696519178003355,0.9113840460777283,-1.8851921873259152,-2.2945374828618874,Period I,2005-01-01
2009-01-05,Original GARCHNet,0.025,-0.11840118900765961,0.901653528213501,-1.8750533899776691,-2.2820161478253205,Period I,2005-01-01
2009-01-06,Original GARCHNet,0.025,0.6655270889422131,0.9022009372711182,-1.8756703535229786,-2.2829474015771534,Period I,2005-01-01
2009-01-07,Original GARCHNet,0.025,-3.0414020791079848,0.9025891423225403,-1.8760767103997078,-2.2834527878525694,Period I,2005-01-01
2009-01-08,Original GARCHNet,0.025,0.4072458971089522,0.9348379373550415,-1.909325810634787,-2.324026830493419,Period I,2005-01-01
2009-01-09,Original GARCHNet,0.025,-2.1651926807517587,0.92757248878479,-1.9018854131444016,-2.3149462469471813,Period I,2005-01-01
2009-01-12,Original GARCHNet,0.025,-2.4313847924378575,0.9529326558113098,-1.927738243308576,-2.346523506231565,Period I,2005-01-01
2009-01-13,Original GARCHNet,0.025,0.18384891350325747,0.9765528440475464,-1.951512541172963,-2.3755731396681727,Period I,2005-01-01
2009-01-14,Original GARCHNet,0.025,-3.195977410592953,0.9614968299865723,-1.9363913985843098,-2.357094514363485,Period I,2005-01-01
2009-01-15,Original GARCHNet,0.025,0.03554989494979771,0.9926597476005554,-1.9675578410153225,-2.3951706497101877,Period I,2005-01-01
2009-01-16,Original GARCHNet,0.025,0.7789441442275626,0.976539671421051,-1.9514973169020198,-2.375546814210526,Period I,2005-01-01
2009-01-20,Original GARCHNet,0.025,-5.423049312192624,0.9536358118057251,-1.9284454822876653,-2.3473698281575452,Period I,2005-01-01
2009-01-21,Original GARCHNet,0.025,4.228552816206686,1.012941837310791,-1.9875803676993495,-2.419633682748799,Period I,2005-01-01
2009-01-22,Original GARCHNet,0.025,-1.5587881906289451,0.9458146691322327,-1.9205109016597852,-2.337672588933221,Period I,2005-01-01
2009-01-23,Original GARCHNet,0.025,0.43410246516630385,1.162726879119873,-2.1296946511325165,-2.5934964331933177,Period I,2005-01-01
2009-01-26,Original GARCHNet,0.025,0.6834965054715632,1.1459119319915771,-2.1142192976621645,-2.5745755289355423,Period I,2005-01-01
2009-01-27,Original GARCHNet,0.025,1.010648253622144,1.1285405158996582,-2.0981116221816394,-2.5548797648366137,Period I,2005-01-01
2009-01-28,Original GARCHNet,0.025,3.3274366155453943,1.1080200672149658,-2.0789251457704587,-2.531425925015855,Period I,2005-01-01
2009-01-29,Original GARCHNet,0.025,-3.3037741216518097,1.0581598281860352,-2.031525640483897,-2.473383591477372,Period I,2005-01-01
2009-01-30,Original GARCHNet,0.025,-2.055277472235818,1.1190979480743408,-2.08930136207344,-2.5440971364672085,Period I,2005-01-01
2009-02-02,Original GARCHNet,0.025,-0.30227940853050667,1.1597983837127686,-2.1270088112895458,-2.590217397452868,Period I,2005-01-01
2009-02-03,Original GARCHNet,0.025,1.3949192449676409,1.1605809926986694,-2.127729411218104,-2.591106670239212,Period I,2005-01-01
2009-02-04,Original GARCHNet,0.025,-0.49080847130710814,1.1225743293762207,-2.0925510950094757,-2.54808134805141,Period I,2005-01-01
2009-02-05,Original GARCHNet,0.025,1.4770939817922155,1.1296573877334595,-2.099151026820387,-2.5561509691203073,Period I,2005-01-01
2009-02-06,Original GARCHNet,0.025,2.8098655578234966,1.0924583673477173,-2.064256431311986,-2.513495119522267,Period I,2005-01-01
2009-02-09,Original GARCHNet,0.025,0.13786205759479542,1.0513942241668701,-2.025020408846026,-2.465462374019357,Period I,2005-01-01
2009-02-10,Original GARCHNet,0.025,-4.689182743092,1.0488739013671875,-2.0226129074426606,-2.4626110752387143,Period I,2005-01-01
2009-02-11,Original GARCHNet,0.025,0.5878462929680316,1.135332465171814,-2.104427515131153,-2.562615409060635,Period I,2005-01-01
2009-02-12,Original GARCHNet,0.025,0.0717507949255106,1.1182841062545776,-2.088548694045923,-2.543207861806305,Period I,2005-01-01
2009-02-13,Original GARCHNet,0.025,-1.081613109807438,1.108576774597168,-2.07945103223931,-2.5320802859758795,Period I,2005-01-01
2009-02-17,Original GARCHNet,0.025,-4.371607108689898,1.1278843879699707,-2.097506350230967,-2.5541606991468253,Period I,2005-01-01
2009-02-18,Original GARCHNet,0.025,-0.2401295831986448,1.2050234079360962,-2.1681560608040664,-2.6406057929325817,Period I,2005-01-01
2009-02-19,Original GARCHNet,0.025,-1.0813647502500439,1.1901332139968872,-2.1546999292966724,-2.6241459762799306,Period I,2005-01-01
2009-02-20,Original GARCHNet,0.025,-0.9768742769734874,1.2015678882598877,-2.1650332853750394,-2.636757449572924,Period I,2005-01-01
2009-02-23,Original GARCHNet,0.025,-3.6434577072935848,1.7662303447723389,-2.626067447496226,-3.2027057305847553,Period I,2005-01-01
2009-02-24,Original GARCHNet,0.025,3.720933743960743,1.8508131504058838,-2.68835759841477,-3.2792414223886035,Period I,2005-01-01
2009-02-25,Original GARCHNet,0.025,-0.7904162773987182,1.7304143905639648,-2.5992188272279826,-3.169626162057866,Period I,2005-01-01
2009-02-26,Original GARCHNet,0.025,-1.6394884307632596,1.7637892961502075,-2.624225593584315,-3.200356273084088,Period I,2005-01-01
2009-02-27,Original GARCHNet,0.025,-2.2602131086717105,1.830309510231018,-2.673358602803903,-3.260686623007804,Period I,2005-01-01
2009-03-02,Original GARCHNet,0.025,-4.608858081073006,1.8499222993850708,-2.6876848600723213,-3.2783207217945316,Period I,2005-01-01
2009-03-03,Original GARCHNet,0.025,-0.7535384859036656,1.9229484796524048,-2.7403581090800597,-3.343108577293778,Period I,2005-01-01
2009-03-04,Original GARCHNet,0.025,2.3414378910774323,1.9230049848556519,-2.740391612808845,-3.3431230354951587,Period I,2005-01-01
2009-03-05,Original GARCHNet,0.025,-4.170532764167614,1.8493465185165405,-2.687250332618631,-3.277727437227907,Period I,2005-01-01
2009-03-06,Original GARCHNet,0.025,0.1742595795658918,1.93742036819458,-2.7506615859733143,-3.355721322080039,Period I,2005-01-01
2009-03-09,Original GARCHNet,0.025,-1.182233087741168,1.9239227771759033,-2.7410224233522955,-3.343802464862321,Period I,2005-01-01
2009-03-10,Original GARCHNet,0.025,5.790036749828206,1.954135775566101,-2.7625105821243303,-3.3702103188385726,Period I,2005-01-01
2009-03-11,Original GARCHNet,0.025,0.6491304177849674,1.763445258140564,-2.6238653327913415,-3.199511735879535,Period I,2005-01-01
2009-03-12,Original GARCHNet,0.025,3.8616930364357995,1.7197577953338623,-2.5911495586886697,-3.1595788377998226,Period I,2005-01-01
2009-03-13,Original GARCHNet,0.025,0.7784145804795887,1.6197360754013062,-2.514425878628329,-3.0650800022704052,Period I,2005-01-01
2009-03-16,Original GARCHNet,0.025,-0.3027257753259416,1.614406943321228,-2.510334295495614,-3.0602786131365405,Period I,2005-01-01
2009-03-17,Original GARCHNet,0.025,3.0124319961795063,1.6297013759613037,-2.522260692091978,-3.0750626694356358,Period I,2005-01-01
2009-03-18,Original GARCHNet,0.025,2.213739118765506,1.5072054862976074,-2.425383447393193,-2.9560521662524413,Period I,2005-01-01
2009-03-19,Original GARCHNet,0.025,-1.2463154293899426,1.4559681415557861,-2.3837255708786094,-2.9049869419140375,Period I,2005-01-01
2009-03-20,Original GARCHNet,0.025,-2.8656035125776578,1.4939279556274414,-2.4147281167665846,-2.9432633498704526,Period I,2005-01-01
2009-03-23,Original GARCHNet,0.025,6.936653028023308,1.5721335411071777,-2.4778505323863085,-3.0230154144398034,Period I,2005-01-01
2009-03-24,Original GARCHNet,0.025,-1.9899965735440541,1.215847134590149,-2.1782519655896952,-2.654356020601108,Period I,2005-01-01
2009-03-25,Original GARCHNet,0.025,1.0490666999103533,1.342546820640564,-2.2892914444508405,-2.791042078349935,Period I,2005-01-01
2009-03-26,Original GARCHNet,0.025,2.0175741328649455,1.2712974548339844,-2.2275615685404,-2.7151835372292186,Period I,2005-01-01
2009-03-27,Original GARCHNet,0.025,-1.82132279488019,1.1612539291381836,-2.1287264089498796,-2.593772768688338,Period I,2005-01-01
2009-03-30,Original GARCHNet,0.025,-3.5165714082594945,1.1971890926361084,-2.161537245795687,-2.6342312514506903,Period I,2005-01-01
2009-03-31,Original GARCHNet,0.025,0.9222423255919477,1.3089550733566284,-2.260413874707987,-2.7556185141541127,Period I,2005-01-01
2009-04-01,Original GARCHNet,0.025,1.918107094829613,1.291555643081665,-2.245323969986404,-2.7371599846087498,Period I,2005-01-01
2009-04-02,Original GARCHNet,0.025,2.8818369490195277,1.2521750926971436,-2.210721151181513,-2.6945646040256612,Period I,2005-01-01
2009-04-03,Original GARCHNet,0.025,0.9899321331862869,1.1531457901000977,-2.12125835165321,-2.584583458285466,Period I,2005-01-01
2009-04-06,Original GARCHNet,0.025,-0.7863780065196408,1.1430844068527222,-2.1119725169054844,-2.573225725869207,Period I,2005-01-01
2009-04-07,Original GARCHNet,0.025,-2.360166373399636,1.190744400024414,-2.1556853028966283,-2.6269991887623076,Period I,2005-01-01
2009-04-08,Original GARCHNet,0.025,1.0720010709050372,1.3210813999176025,-2.270893531425942,-2.7685232179755266,Period I,2005-01-01
2009-04-09,Original GARCHNet,0.025,3.8973672554157055,1.3035529851913452,-2.2557525822734665,-2.7499666560386533,Period I,2005-01-01
2009-04-13,Original GARCHNet,0.025,0.023309569590602167,1.2028744220733643,-2.1666163523277424,-2.6402393682017866,Period I,2005-01-01
2009-04-14,Original GARCHNet,0.025,-1.7393826161506316,1.2231758832931519,-2.184890923149138,-2.6627686033384066,Period I,2005-01-01
2009-04-15,Original GARCHNet,0.025,1.0613325261499618,1.3016583919525146,-2.254098561941807,-2.747895521634882,Period I,2005-01-01
2009-04-16,Original GARCHNet,0.025,1.4556297774207454,1.3005107641220093,-2.253100098478215,-2.74666069372875,Period I,2005-01-01
2009-04-17,Original GARCHNet,0.025,0.6682843455783037,1.2790814638137817,-2.2343951661178294,-2.723607363664667,Period I,2005-01-01
2009-04-20,Original GARCHNet,0.025,-4.281929682176725,1.2469161748886108,-2.20605505204997,-2.6888044666904727,Period I,2005-01-01
2009-04-21,Original GARCHNet,0.025,1.9348900551471482,1.3590888977050781,-2.303778739095439,-2.8103641055039033,Period I,2005-01-01
2009-04-22,Original GARCHNet,0.025,-0.6132055155160467,1.3552874326705933,-2.3005691907314114,-2.806505916603566,Period I,2005-01-01
2009-04-23,Original GARCHNet,0.025,0.9769977226737957,1.3607796430587769,-2.3052358650653675,-2.812237705415161,Period I,2005-01-01
2009-04-24,Original GARCHNet,0.025,1.499767537522274,1.342437982559204,-2.289597546378458,-2.7929657886974835,Period I,2005-01-01
2009-04-27,Original GARCHNet,0.025,-0.950740290971751,1.31364905834198,-2.264817057926149,-2.76235932970883,Period I,2005-01-01
2009-04-28,Original GARCHNet,0.025,-0.31503047968277903,1.3252551555633545,-2.2748516364150864,-2.7748000071998247,Period I,2005-01-01
2009-04-29,Original GARCHNet,0.025,2.104610179165032,1.3162387609481812,-2.2670749199005056,-2.765216665861522,Period I,2005-01-01
2009-04-30,Original GARCHNet,0.025,0.03432158344524315,1.2449864149093628,-2.204649943092167,-2.6882619052484,Period I,2005-01-01
2009-05-01,Original GARCHNet,0.025,0.5361957142381252,1.2743122577667236,-2.230554326440818,-2.720198473369487,Period I,2005-01-01
2009-05-04,Original GARCHNet,0.025,3.3453899118707304,1.2972873449325562,-2.2506355069524244,-2.7449337404567595,Period I,2005-01-01
2009-05-05,Original GARCHNet,0.025,-0.34168957334120814,1.1699297428131104,-2.1369325052164014,-2.604806269122675,Period I,2005-01-01
2009-05-06,Original GARCHNet,0.025,1.7186123866239669,1.168412208557129,-2.135569766403954,-2.603236389578905,Period I,2005-01-01
2009-05-07,Original GARCHNet,0.025,-1.398928583484315,1.079609751701355,-2.0525735501652385,-2.501148024109943,Period I,2005-01-01
2009-05-08,Original GARCHNet,0.025,2.3064585317510486,1.157556176185608,-2.125620866716125,-2.5910907585501857,Period I,2005-01-01
2009-05-11,Original GARCHNet,0.025,-1.8891078363386136,1.118994951248169,-2.089788322681614,-2.5469194701455,Period I,2005-01-01
2009-05-12,Original GARCHNet,0.025,-0.2963578750162108,1.2043355703353882,-2.16826693239905,-2.643542993833786,Period I,2005-01-01
2009-05-13,Original GARCHNet,0.025,-2.5495407063288846,1.2056524753570557,-2.1694592475600585,-2.645024423111516,Period I,2005-01-01
2009-05-14,Original GARCHNet,0.025,0.8533648513944746,1.3631925582885742,-2.307268089777528,-2.814675172263663,Period I,2005-01-01
2009-05-15,Original GARCHNet,0.025,-0.819542449132723,1.3614088296890259,-2.3057723929813054,-2.812906502954234,Period I,2005-01-01
2009-05-18,Original GARCHNet,0.025,2.8011214941717695,1.4312472343444824,-2.364362811450999,-2.8851217833106646,Period I,2005-01-01
2009-05-19,Original GARCHNet,0.025,-0.12064778723626043,1.1614121198654175,-2.1293958498174317,-2.59661216246466,Period I,2005-01-01
2009-05-20,Original GARCHNet,0.025,-0.6716983840170287,1.1882398128509521,-2.1539448009130444,-2.6269193088245175,Period I,2005-01-01
2009-05-21,Original GARCHNet,0.025,-1.446723477814465,1.2372792959213257,-2.1980970004295144,-2.6813675201436884,Period I,2005-01-01
2009-05-22,Original GARCHNet,0.025,-0.2132104785256413,1.3580951690673828,-2.3032887357679876,-2.81114810044728,Period I,2005-01-01
2009-05-26,Original GARCHNet,0.025,2.5289795148701324,1.4152493476867676,-2.3514470711293445,-2.870681967772578,Period I,2005-01-01
2009-05-27,Original GARCHNet,0.025,-1.8014576482497175,1.2656058073043823,-2.2232026344711233,-2.7123296852373326,Period I,2005-01-01
2009-05-28,Original GARCHNet,0.025,1.3843734301126625,1.3909826278686523,-2.331126515139894,-2.845583172783688,Period I,2005-01-01
2009-05-29,Original GARCHNet,0.025,1.7552924223269621,1.347377896308899,-2.294179227842526,-2.8000165453726846,Period I,2005-01-01
2009-06-01,Original GARCHNet,0.025,2.391996499177469,1.2502251863479614,-2.209599494037266,-2.6955272814849955,Period I,2005-01-01
2009-06-02,Original GARCHNet,0.025,0.08438122335373766,1.131195306777954,-2.101400395415088,-2.5620387139977594,Period I,2005-01-01
2009-06-03,Original GARCHNet,0.025,-1.2732235110220134,1.1910500526428223,-2.156488065858037,-2.630012018598956,Period I,2005-01-01
2009-06-04,Original GARCHNet,0.025,0.9352786340380315,1.2357280254364014,-2.196705052015069,-2.6796166247260054,Period I,2005-01-01
2009-06-05,Original GARCHNet,0.025,0.02115958572229988,1.2386335134506226,-2.1993079262106168,-2.6828772120200535,Period I,2005-01-01
2009-06-08,Original GARCHNet,0.025,-0.41333255366907495,1.1604360342025757,-2.1285123634439063,-2.5955794969789237,Period I,2005-01-01
2009-06-09,Original GARCHNet,0.025,0.5084711376508008,1.2599095106124878,-2.2181713954910434,-2.7061037273913686,Period I,2005-01-01
2009-06-10,Original GARCHNet,0.025,-0.2539123905512595,1.1418064832687378,-2.111303795004734,-2.5743854372096426,Period I,2005-01-01
2009-06-11,Original GARCHNet,0.025,0.4439264940071205,1.1523075103759766,-2.121017291844173,-2.5863343340072453,Period I,2005-01-01
2009-06-12,Original GARCHNet,0.025,0.27383074945380476,1.1058048009872437,-2.0776421704501593,-2.532915276713332,Period I,2005-01-01
2009-06-15,Original GARCHNet,0.025,-2.319499950528158,1.1111466884613037,-2.082670388635649,-2.5391070657242163,Period I,2005-01-01
2009-06-16,Original GARCHNet,0.025,-1.3655811319777544,1.2570298910140991,-2.215610677558159,-2.70288448491521,Period I,2005-01-01
2009-06-17,Original GARCHNet,0.025,-0.09825464701284027,1.2866625785827637,-2.2418820774783206,-2.7361437670879862,Period I,2005-01-01
2009-06-18,Original GARCHNet,0.025,0.7291735560570102,1.3190433979034424,-2.2700460265213236,-2.7710254911003847,Period I,2005-01-01
2009-06-19,Original GARCHNet,0.025,-0.19537649011938807,1.2731727361679077,-2.2300910248668346,-2.7217227636081436,Period I,2005-01-01
2009-06-22,Original GARCHNet,0.025,-3.044579015397382,1.2880263328552246,-2.24311078717521,-2.7378044580041965,Period I,2005-01-01
2009-06-23,Original GARCHNet,0.025,0.0783739567638226,1.564881682395935,-2.473457565970634,-3.022926254062937,Period I,2005-01-01
2009-06-24,Original GARCHNet,0.025,0.8580921513096341,1.6430197954177856,-2.534787632070151,-3.099210604242171,Period I,2005-01-01
2009-06-25,Original GARCHNet,0.025,2.151563825811823,1.587406873703003,-2.4913393950376475,-3.0453593915986743,Period I,2005-01-01
2009-06-26,Original GARCHNet,0.025,-0.2609891602732419,1.43941068649292,-2.371866823698847,-2.897328677172615,Period I,2005-01-01
2009-06-29,Original GARCHNet,0.025,0.9320546954641561,1.5089097023010254,-2.4286855472642164,-2.9676682702790886,Period I,2005-01-01
2009-06-30,Original GARCHNet,0.025,-0.8123521790001337,1.5475572347640991,-2.4597468868750716,-3.00624609939482,Period I,2005-01-01
2009-07-01,Original GARCHNet,0.025,0.4124217755158071,1.6137703657150269,-2.512038910547224,-3.0710527095002242,Period I,2005-01-01
2009-07-02,Original GARCHNet,0.025,-2.767283511743629,1.4533895254135132,-2.3833663878827633,-2.911416538720427,Period I,2005-01-01
2009-07-06,Original GARCHNet,0.025,-0.011129120663986641,1.7910385131835938,-2.6470806801683597,-3.2388549031461737,Period I,2005-01-01
2009-07-07,Original GARCHNet,0.025,-1.9566636688835874,1.8323420286178589,-2.677622468470582,-3.2770181270716723,Period I,2005-01-01
2009-07-08,Original GARCHNet,0.025,-0.06815581250509894,2.0017783641815186,-2.79938966952062,-3.4289609593887045,Period I,2005-01-01
2009-07-09,Original GARCHNet,0.025,0.19299338534081464,2.1784822940826416,-2.9211747082578823,-3.5816744544060533,Period I,2005-01-01
2009-07-10,Original GARCHNet,0.025,-0.23845930535050974,2.1595237255096436,-2.908374078010855,-3.565717378109477,Period I,2005-01-01
2009-07-13,Original GARCHNet,0.025,2.403799240078975,2.3517086505889893,-3.0359677210994955,-3.726154506678377,Period I,2005-01-01
2009-07-14,Original GARCHNet,0.025,0.5644441291098867,2.175159215927124,-2.91904395084852,-3.579478122670537,Period I,2005-01-01
2009-07-15,Original GARCHNet,0.025,2.8826725316357917,1.5135478973388672,-2.4324481001880005,-2.9723969251672866,Period I,2005-01-01
2009-07-16,Original GARCHNet,0.025,-0.1609717830750838,1.1124980449676514,-2.084200444376442,-2.5419971466074913,Period I,2005-01-01
2009-07-17,Original GARCHNet,0.025,1.089517992491908,1.07721745967865,-2.050788231925549,-2.5008651942932,Period I,2005-01-01
2009-07-20,Original GARCHNet,0.025,1.0567571965960236,1.0195413827896118,-1.994912247788858,-2.4318765733466123,Period I,2005-01-01
2009-07-21,Original GARCHNet,0.025,0.46146117383865637,0.9420355558395386,-1.917300571840015,-2.3361635230503444,Period I,2005-01-01
2009-07-22,Original GARCHNet,0.025,-0.02092574597321095,0.8820939660072327,-1.8550695302676643,-2.2594587160118156,Period I,2005-01-01
2009-07-23,Original GARCHNet,0.025,2.184239350693466,0.8870992064476013,-1.8603614570890044,-2.2660426355911882,Period I,2005-01-01
2009-07-24,Original GARCHNet,0.025,0.408741519394771,0.8570685386657715,-1.828450218965007,-2.226597502223916,Period I,2005-01-01
2009-07-27,Original GARCHNet,0.025,0.2953017994263744,0.8626070618629456,-1.834377303839595,-2.233924408407631,Period I,2005-01-01
2009-07-28,Original GARCHNet,0.025,-0.4688136282021755,0.8604846000671387,-1.8321153270492117,-2.2311551979055064,Period I,2005-01-01
2009-07-29,Original GARCHNet,0.025,-0.24547200895752974,0.88735032081604,-1.860633494741765,-2.2664073735528962,Period I,2005-01-01
2009-07-30,Original GARCHNet,0.025,1.0391257363027433,0.9077534079551697,-1.8819798388338735,-2.292702745929037,Period I,2005-01-01
2009-07-31,Original GARCHNet,0.025,0.14178591870671048,0.8882426619529724,-1.8615621970375353,-2.267513378631235,Period I,2005-01-01
2009-08-03,Original GARCHNet,0.025,1.6361769097712722,0.891691267490387,-1.8651887927151218,-2.2719931735962344,Period I,2005-01-01
2009-08-04,Original GARCHNet,0.025,0.258521082258083,0.8658196330070496,-1.8378017907650246,-2.2381397264889182,Period I,2005-01-01
2009-08-05,Original GARCHNet,0.025,-0.28839290561714476,0.8673794865608215,-1.8394689841118148,-2.2402174825971697,Period I,2005-01-01
2009-08-06,Original GARCHNet,0.025,-0.519226592908312,0.8854502439498901,-1.8586290973975648,-2.26392292320417,Period I,2005-01-01
2009-08-07,Original GARCHNet,0.025,1.302915226383367,0.9244058728218079,-1.899227114711283,-2.313957274109501,Period I,2005-01-01
2009-08-10,Original GARCHNet,0.025,-0.20772458120808637,0.8932228088378906,-1.8667901310533015,-2.273944648561931,Period I,2005-01-01
2009-08-11,Original GARCHNet,0.025,-1.255491281157975,0.9135856032371521,-1.8880328526813022,-2.3001416321164663,Period I,2005-01-01
2009-08-12,Original GARCHNet,0.025,1.0671817838648352,0.9974827766418457,-1.9731210494982172,-2.4049556418421845,Period I,2005-01-01
2009-08-13,Original GARCHNet,0.025,0.7609827034181113,0.9398987889289856,-1.9151604352907574,-2.333692245260823,Period I,2005-01-01
2009-08-14,Original GARCHNet,0.025,-0.7709059496523747,0.9141894578933716,-1.888686561300716,-2.3010522460088443,Period I,2005-01-01
2009-08-17,Original GARCHNet,0.025,-2.491342690522046,0.964183509349823,-1.9398209497474685,-2.364036804473825,Period I,2005-01-01
2009-08-18,Original GARCHNet,0.025,0.7902764568321541,1.2048020362854004,-2.1692176604595725,-2.6467699193816587,Period I,2005-01-01
2009-08-19,Original GARCHNet,0.025,0.8741605694413355,1.1567902565002441,-2.1254254625366995,-2.592825307908409,Period I,2005-01-01
2009-08-20,Original GARCHNet,0.025,1.025138407775959,1.083371877670288,-2.0566485836456923,-2.5080519274186854,Period I,2005-01-01
2009-08-21,Original GARCHNet,0.025,1.9416214638024671,1.0092382431030273,-1.9847992774765675,-2.4195197973954756,Period I,2005-01-01
2009-08-24,Original GARCHNet,0.025,-0.009714112779598012,0.9160091280937195,-1.890558020902549,-2.303304376345192,Period I,2005-01-01
2009-08-25,Original GARCHNet,0.025,0.19406621166559035,0.9108865857124329,-1.885259263711351,-2.2968291994747205,Period I,2005-01-01
2009-08-26,Original GARCHNet,0.025,0.009687885188834892,0.9049420952796936,-1.8790797682267677,-2.2892326287544393,Period I,2005-01-01
2009-08-27,Original GARCHNet,0.025,0.22268814670309842,0.9111998081207275,-1.8855915201477587,-2.2972651747799104,Period I,2005-01-01
2009-08-28,Original GARCHNet,0.025,-0.01934836313128255,0.9128419160842896,-1.8872954027151596,-2.299362495854894,Period I,2005-01-01
2009-08-31,Original GARCHNet,0.025,-0.8939023624470115,0.9239200949668884,-1.8987543087642291,-2.313481934241675,Period I,2005-01-01
2009-09-01,Original GARCHNet,0.025,-2.2304311381495983,0.9973728060722351,-1.9730255311017912,-2.404890301032329,Period I,2005-01-01
2009-09-02,Original GARCHNet,0.025,-0.3799597209896823,1.2214994430541992,-2.184251977042545,-2.665327331756788,Period I,2005-01-01
2009-09-03,Original GARCHNet,0.025,0.8280606261845547,1.2832049131393433,-2.2389733003239596,-2.7330095983544007,Period I,2005-01-01
2009-09-04,Original GARCHNet,0.025,1.39116844684933,1.2104718685150146,-2.174374533953038,-2.6532921247435666,Period I,2005-01-01
2009-09-08,Original GARCHNet,0.025,0.8585466226855942,1.090193271636963,-2.0631479911085124,-2.516113038470003,Period I,2005-01-01
2009-09-09,Original GARCHNet,0.025,0.7645083864563935,1.013899326324463,-1.989392999774556,-2.4251802611713784,Period I,2005-01-01
2009-09-10,Original GARCHNet,0.025,1.0166954417670773,0.9555582404136658,-1.9310985989061642,-2.353305638175033,Period I,2005-01-01
2009-09-11,Original GARCHNet,0.025,-0.019091689973998686,0.8870306015014648,-1.8603149078507855,-2.2660828434906852,Period I,2005-01-01
2009-09-14,Original GARCHNet,0.025,0.4856016658290553,0.8883121609687805,-1.8616754662365933,-2.267805757662807,Period I,2005-01-01
2009-09-15,Original GARCHNet,0.025,0.41706453004734534,0.8761553764343262,-1.8488388248976921,-2.2519626413519145,Period I,2005-01-01
2009-09-16,Original GARCHNet,0.025,1.5020921431161585,0.8676844835281372,-1.839842938249983,-2.240865517394685,Period I,2005-01-01
2009-09-17,Original GARCHNet,0.025,-0.14919438631904425,0.8453124165534973,-1.8158563477088976,-2.2112215831215365,Period I,2005-01-01
2009-09-18,Original GARCHNet,0.025,-0.4114485244940842,0.8540157675743103,-1.8252272142116779,-2.222810540774271,Period I,2005-01-01
2009-09-21,Original GARCHNet,0.025,-0.25332309346603893,0.8773078322410583,-1.8500683635317337,-2.253513675973683,Period I,2005-01-01
2009-09-22,Original GARCHNet,0.025,0.5807460648907438,0.9083071351051331,-1.8825839702115206,-2.293554323712439,Period I,2005-01-01
2009-09-23,Original GARCHNet,0.025,-0.834705329027164,0.8947057127952576,-1.8683872103732109,-2.2760738927099546,Period I,2005-01-01
2009-09-24,Original GARCHNet,0.025,-1.1080165968645181,0.956519603729248,-1.9320448223506053,-2.354362887695763,Period I,2005-01-01
2009-09-25,Original GARCHNet,0.025,-0.5347145275845743,1.0691149234771729,-2.0429323402784103,-2.4907864789544223,Period I,2005-01-01
2009-09-28,Original GARCHNet,0.025,1.7744952749467677,1.1351627111434937,-2.105301686566948,-2.5676469517052793,Period I,2005-01-01
2009-09-29,Original GARCHNet,0.025,-0.3014317422571151,0.9901989102363586,-1.9658927566585376,-2.3961030458352326,Period I,2005-01-01
2009-09-30,Original GARCHNet,0.025,-0.3875458975995066,1.008540391921997,-1.9840584610905165,-2.418406400034706,Period I,2005-01-01
2009-10-01,Original GARCHNet,0.025,-2.512593961247314,1.0418697595596313,-2.0166703512186603,-2.4585231216195695,Period I,2005-01-01
2009-10-02,Original GARCHNet,0.025,-0.46724835234339446,1.3158811330795288,-2.2672741088626975,-2.767447835649858,Period I,2005-01-01
2009-10-05,Original GARCHNet,0.025,1.4817944072759348,1.3968746662139893,-2.3362909564797634,-2.852807097195826,Period I,2005-01-01
2009-10-06,Original GARCHNet,0.025,1.4222599327786973,1.2460445165634155,-2.206117815473431,-2.692125133109165,Period I,2005-01-01
2009-10-07,Original GARCHNet,0.025,0.2744792868079011,1.0920131206512451,-2.064815657175089,-2.517938501389478,Period I,2005-01-01
2009-10-08,Original GARCHNet,0.025,0.7626773418680682,1.050734281539917,-2.0252815296788484,-2.469215022537516,Period I,2005-01-01
2009-10-09,Original GARCHNet,0.025,0.6078491783683554,1.0071791410446167,-1.982618471411792,-2.4162637241979374,Period I,2005-01-01
2009-10-12,Original GARCHNet,0.025,0.3908055259361913,0.9473401308059692,-1.9226771951662143,-2.3426613340832048,Period I,2005-01-01
2009-10-13,Original GARCHNet,0.025,-0.2045191949544844,0.9187991619110107,-1.893421065969963,-2.306739084209858,Period I,2005-01-01
2009-10-14,Original GARCHNet,0.025,1.7069183190070207,0.9340904355049133,-1.9091425919845988,-2.3260101935659416,Period I,2005-01-01
2009-10-15,Original GARCHNet,0.025,0.36526525133812837,0.8729552030563354,-1.8454305868940084,-2.2477018676891705,Period I,2005-01-01
2009-10-16,Original GARCHNet,0.025,-0.7502319731666001,0.8599897623062134,-1.8316303688435565,-2.2307241001811815,Period I,2005-01-01
2009-10-19,Original GARCHNet,0.025,0.8231265832779153,0.8927062153816223,-1.8662722326606098,-2.2733978297008384,Period I,2005-01-01
2009-10-20,Original GARCHNet,0.025,-0.5296832759081879,0.8703392744064331,-1.8426615616088275,-2.2443219667795073,Period I,2005-01-01
2009-10-21,Original GARCHNet,0.025,-0.9014002502735659,0.9092863202095032,-1.8835616136971303,-2.294604516145012,Period I,2005-01-01
2009-10-22,Original GARCHNet,0.025,1.011222487063639,0.9979687333106995,-1.9734851274340013,-2.4049510370040545,Period I,2005-01-01
2009-10-23,Original GARCHNet,0.025,-1.1499137600751326,0.9293688535690308,-1.9043006652098282,-2.320070019619348,Period I,2005-01-01
2009-10-26,Original GARCHNet,0.025,-1.0884317314062935,1.0475136041641235,-2.0220000400494955,-2.4645375510360896,Period I,2005-01-01
2009-10-27,Original GARCHNet,0.025,-0.4593881317244379,1.1920911073684692,-2.1573890904001227,-2.6309505996533877,Period I,2005-01-01
2009-10-28,Original GARCHNet,0.025,-1.9068020585961882,1.2621301412582397,-2.2200474335055818,-2.7080881491563913,Period I,2005-01-01
2009-10-29,Original GARCHNet,0.025,2.122696784837498,1.5342997312545776,-2.448480162220254,-2.9896492648220185,Period I,2005-01-01
2009-10-30,Original GARCHNet,0.025,-2.940132791617279,1.2913473844528198,-2.245713724440476,-2.7398547528725588,Period I,2005-01-01
2009-11-02,Original GARCHNet,0.025,0.7311963944424573,1.7131037712097168,-2.5877473689596617,-3.1617998861267833,Period I,2005-01-01
2009-11-03,Original GARCHNet,0.025,0.3158368219829836,1.6739192008972168,-2.5579055248444273,-3.125036697017487,Period I,2005-01-01
2009-11-04,Original GARCHNet,0.025,0.2576674073968624,1.652635097503662,-2.5415412633772085,-3.1048436160413257,Period I,2005-01-01
2009-11-05,Original GARCHNet,0.025,1.8227829937826525,1.6135518550872803,-2.5112022289131004,-3.0673544647736133,Period I,2005-01-01
2009-11-06,Original GARCHNet,0.025,0.26170571520377806,1.2616620063781738,-2.21952796003607,-2.7070346005871007,Period I,2005-01-01
2009-11-09,Original GARCHNet,0.025,2.2520586995464766,1.1706798076629639,-2.137790832543664,-2.606523073273427,Period I,2005-01-01
2009-11-10,Original GARCHNet,0.025,0.01824844267555441,0.9331731200218201,-1.9081792967201991,-2.3247384144647203,Period I,2005-01-01
2009-11-11,Original GARCHNet,0.025,0.5096991042243658,0.9030007719993591,-1.8770162401984896,-2.2865393652656136,Period I,2005-01-01
2009-11-12,Original GARCHNet,0.025,-1.022002457882783,0.8820487260818481,-1.8550590734977919,-2.259587531554975,Period I,2005-01-01
2009-11-13,Original GARCHNet,0.025,0.539680215119228,0.957391083240509,-1.9328190766373563,-2.3549010106712096,Period I,2005-01-01
2009-11-16,Original GARCHNet,0.025,1.4400432924878435,0.9073284268379211,-1.8815146733142645,-2.292042125317084,Period I,2005-01-01
2009-11-17,Original GARCHNet,0.025,0.1168252265801438,0.8564647436141968,-1.827870651928778,-2.226137487198378,Period I,2005-01-01
2009-11-18,Original GARCHNet,0.025,-0.06288998637843356,0.8521013855934143,-1.8231876190213123,-2.2203543974394244,Period I,2005-01-01
2009-11-19,Original GARCHNet,0.025,-1.3116990928494368,0.8580160140991211,-1.8295321339081283,-2.2281871266279185,Period I,2005-01-01
2009-11-20,Original GARCHNet,0.025,-0.3557580852726131,0.9757562279701233,-1.9513046324576402,-2.3775593274055438,Period I,2005-01-01
2009-11-23,Original GARCHNet,0.025,1.2622182466278804,1.0331312417984009,-2.0079728404544124,-2.4470623246001977,Period I,2005-01-01
2009-11-24,Original GARCHNet,0.025,0.1532827231427791,0.9240981936454773,-1.898858025892051,-2.313304747438588,Period I,2005-01-01
2009-11-25,Original GARCHNet,0.025,0.35076655851257504,0.9166268110275269,-1.8911506509159537,-2.303855444349419,Period I,2005-01-01
2009-11-27,Original GARCHNet,0.025,-1.6384141869871134,0.8986547589302063,-1.8724871369100744,-2.280996320506426,Period I,2005-01-01
2009-11-30,Original GARCHNet,0.025,0.3371173007140081,1.084241271018982,-2.0571470186863525,-2.5073958227746265,Period I,2005-01-01
2009-12-01,Original GARCHNet,0.025,1.2294501061477423,1.0588442087173462,-2.0328641519103066,-2.477617112744808,Period I,2005-01-01
2009-12-02,Original GARCHNet,0.025,-0.044936465435678634,0.9385547041893005,-1.9136882708123346,-2.3315061809713433,Period I,2005-01-01
2009-12-03,Original GARCHNet,0.025,-0.78509879179629,0.9402300715446472,-1.9153908911003334,-2.3335627995612658,Period I,2005-01-01
2009-12-04,Original GARCHNet,0.025,0.569137345975483,1.0286791324615479,-2.003634208091742,-2.441746318850346,Period I,2005-01-01
2009-12-07,Original GARCHNet,0.025,-0.15326196329653333,0.9807047843933105,-1.9562282038848515,-2.3834886667921373,Period I,2005-01-01
2009-12-08,Original GARCHNet,0.025,-1.115907015915104,0.9990967512130737,-1.974517497847645,-2.4058918325866516,Period I,2005-01-01
2009-12-09,Original GARCHNet,0.025,0.3733520139255921,1.1492085456848145,-2.117938901714309,-2.5817122372796484,Period I,2005-01-01
2009-12-10,Original GARCHNet,0.025,0.5619544904667438,1.1027263402938843,-2.074588985795984,-2.528578554205991,Period I,2005-01-01
2009-12-11,Original GARCHNet,0.025,0.42390252491877267,1.023219108581543,-1.9982622440125646,-2.4350174370570348,Period I,2005-01-01
2009-12-14,Original GARCHNet,0.025,0.6816800321253684,0.96340012550354,-1.9388653938639033,-2.3622300061956936,Period I,2005-01-01
2009-12-15,Original GARCHNet,0.025,-0.4659127410461224,0.9007246494293213,-1.8746319918214849,-2.283569476507479,Period I,2005-01-01
2009-12-16,Original GARCHNet,0.025,0.15255369106561056,0.9413748979568481,-1.9165311404803989,-2.3348544515485767,Period I,2005-01-01
2009-12-17,Original GARCHNet,0.025,-1.208852209622162,0.9323945045471191,-1.907352086809868,-2.32361212171628,Period I,2005-01-01
2009-12-18,Original GARCHNet,0.025,0.027223358197046153,1.0875420570373535,-2.060220469665584,-2.5109282168522706,Period I,2005-01-01
2009-12-21,Original GARCHNet,0.025,1.0111151791373518,1.091350793838501,-2.063834021055928,-2.51536734047248,Period I,2005-01-01
2009-12-22,Original GARCHNet,0.025,0.35864964165904084,0.970460057258606,-1.945971184630701,-2.370943393664602,Period I,2005-01-01
2008-12-23,GARCHNet++,0.025,-1.0391432729627237,0.8355938196182251,-1.806015886513723,-2.201646073506025,Period I,2005-01-01
2008-12-24,GARCHNet++,0.025,0.5786383218398263,0.8182387351989746,-1.7871017772473352,-2.178355231488575,Period I,2005-01-01
2008-12-26,GARCHNet++,0.025,0.5753093522237429,0.7929702997207642,-1.7591652234288044,-2.143817345053461,Period I,2005-01-01
2008-12-29,GARCHNet++,0.025,-0.28724095061899446,0.7693721055984497,-1.7326669083548771,-2.1110456741316628,Period I,2005-01-01
2008-12-30,GARCHNet++,0.025,2.342610539089738,0.7486301064491272,-1.709048979840719,-2.081878721014797,Period I,2005-01-01
2008-12-31,GARCHNet++,0.025,1.4173516099915529,0.7622565627098083,-1.7245384565800113,-2.100768958283718,Period I,2005-01-01
2009-01-02,GARCHNet++,0.025,2.9696519178003355,0.7579770088195801,-1.7196763871586305,-2.094791933647004,Period I,2005-01-01
2009-01-05,GARCHNet++,0.025,-0.11840118900765961,0.7883456349372864,-1.7538681139213639,-2.1367489959650396,Period I,2005-01-01
2009-01-06,GARCHNet++,0.025,0.6655270889422131,0.772564172744751,-1.736209427451689,-2.1151776178757156,Period I,2005-01-01
2009-01-07,GARCHNet++,0.025,-3.0414020791079848,0.7545557618141174,-1.7157802330025085,-2.0900048534781126,Period I,2005-01-01
2009-01-08,GARCHNet++,0.025,0.4072458971089522,0.8167852163314819,-1.785387756484961,-2.1757806692684962,Period I,2005-01-01
2009-01-09,GARCHNet++,0.025,-2.1651926807517587,0.7963455319404602,-1.7628894571650142,-2.148295625428792,Period I,2005-01-01
2009-01-12,GARCHNet++,0.025,-2.4313847924378575,0.8205130696296692,-1.7895328168857323,-2.1811222539353494,Period I,2005-01-01
2009-01-13,GARCHNet++,0.025,0.18384891350325747,0.8483026623725891,-1.8196977121295184,-2.2183230869086956,Period I,2005-01-01
2009-01-14,GARCHNet++,0.025,-3.195977410592953,0.8226093649864197,-1.7918820761553271,-2.1842351285663972,Period I,2005-01-01
2009-01-15,GARCHNet++,0.025,0.03554989494979771,0.8687702417373657,-1.8415442004114662,-2.2450511019245023,Period I,2005-01-01
2009-01-16,GARCHNet++,0.025,0.7789441442275626,0.8400025367736816,-1.8107893658236243,-2.207524547146315,Period I,2005-01-01
2009-01-20,GARCHNet++,0.025,-5.423049312192624,0.8137398958206177,-1.782127495133122,-2.1720814777575677,Period I,2005-01-01
2009-01-21,GARCHNet++,0.025,4.228552816206686,0.8922402858734131,-1.8662063569391936,-2.2749355829971725,Period I,2005-01-01
2009-01-22,GARCHNet++,0.025,-1.5587881906289451,0.9069513082504272,-1.8816351200156396,-2.294156950394586,Period I,2005-01-01
2009-01-23,GARCHNet++,0.025,0.43410246516630385,1.156469464302063,-2.1262643000414356,-2.5983388598284827,Period I,2005-01-01
2009-01-26,GARCHNet++,0.025,0.6834965054715632,1.126446008682251,-2.0984039489256427,-2.563977852350763,Period I,2005-01-01
2009-01-27,GARCHNet++,0.025,1.010648253622144,1.0952504873275757,-2.0690038163244173,-2.527495571692574,Period I,2005-01-01
2009-01-28,GARCHNet++,0.025,3.3274366155453943,1.0686732530593872,-2.04361669745852,-2.495965078826377,Period I,2005-01-01
2009-01-29,GARCHNet++,0.025,-3.3037741216518097,1.091096043586731,-2.064951620219004,-2.5220492585659082,Period I,2005-01-01
2009-01-30,GARCHNet++,0.025,-2.055277472235818,1.1489136219024658,-2.1192389287491995,-2.589481048130978,Period I,2005-01-01
2009-02-02,GARCHNet++,0.025,-0.30227940853050667,1.1623367071151733,-2.131700747319956,-2.6051814441569534,Period I,2005-01-01
2009-02-03,GARCHNet++,0.025,1.3949192449676409,1.1296323537826538,-2.101424587013966,-2.567888772080743,Period I,2005-01-01
2009-02-04,GARCHNet++,0.025,-0.49080847130710814,1.1065815687179565,-2.0797504948018384,-2.5409099581045798,Period I,2005-01-01
2009-02-05,GARCHNet++,0.025,1.4770939817922155,1.078147530555725,-2.05274142898694,-2.5074518796109615,Period I,2005-01-01
2009-02-06,GARCHNet++,0.025,2.8098655578234966,1.0577986240386963,-2.033152922107926,-2.483028258562096,Period I,2005-01-01
2009-02-09,GARCHNet++,0.025,0.13786205759479542,1.0752044916152954,-2.0498092917505484,-2.5033584768684785,Period I,2005-01-01
2009-02-10,GARCHNet++,0.025,-4.689182743092,1.0495671033859253,-2.0251649770310167,-2.473027488872604,Period I,2005-01-01
2009-02-11,GARCHNet++,0.025,0.5878462929680316,1.1292269229888916,-2.100858201475852,-2.5664391142620793,Period I,2005-01-01
2009-02-12,GARCHNet++,0.025,0.0717507949255106,1.1099305152893066,-2.0828432430621957,-2.5444808471265468,Period I,2005-01-01
2009-02-13,GARCHNet++,0.025,-1.081613109807438,1.075639009475708,-2.0502809700573255,-2.5041634049265595,Period I,2005-01-01
2009-02-17,GARCHNet++,0.025,-4.371607108689898,1.0609256029129028,-2.036162983882029,-2.486732818670955,Period I,2005-01-01
2009-02-18,GARCHNet++,0.025,-0.2401295831986448,1.1317362785339355,-2.10321890754853,-2.5694338514062087,Period I,2005-01-01
2009-02-19,GARCHNet++,0.025,-1.0813647502500439,1.1060190200805664,-2.079175856444795,-2.5400242645421423,Period I,2005-01-01
2009-02-20,GARCHNet++,0.025,-0.9768742769734874,1.0876230001449585,-2.0617498641635046,-2.5184867093622714,Period I,2005-01-01
2009-02-23,GARCHNet++,0.025,-3.6434577072935848,1.5108014345169067,-2.4328678406347564,-2.983774276689039,Period I,2005-01-01
2009-02-24,GARCHNet++,0.025,3.720933743960743,1.573602557182312,-2.483322494756501,-3.0473855085291937,Period I,2005-01-01
2009-02-25,GARCHNet++,0.025,-0.7904162773987182,1.5833828449249268,-2.491160586843459,-3.0575759570845604,Period I,2005-01-01
2009-02-26,GARCHNet++,0.025,-1.6394884307632596,1.5681884288787842,-2.4790700165982282,-3.0422671226661953,Period I,2005-01-01
2009-02-27,GARCHNet++,0.025,-2.2602131086717105,1.570695400238037,-2.4810353050384806,-3.0446122614220243,Period I,2005-01-01
2009-03-02,GARCHNet++,0.025,-4.608858081073006,1.585652470588684,-2.4928985301765674,-3.059507194855902,Period I,2005-01-01
2009-03-03,GARCHNet++,0.025,-0.7535384859036656,1.6010549068450928,-2.505129712181407,-3.075178233130837,Period I,2005-01-01
2009-03-04,GARCHNet++,0.025,2.3414378910774323,1.5832664966583252,-2.4909842079013647,-3.056993934826632,Period I,2005-01-01
2009-03-05,GARCHNet++,0.025,-4.170532764167614,1.5823163986206055,-2.490285904429262,-3.0563488861142254,Period I,2005-01-01
2009-03-06,GARCHNet++,0.025,0.1742595795658918,1.6161211729049683,-2.5170034222199504,-3.0902491237919083,Period I,2005-01-01
2009-03-09,GARCHNet++,0.025,-1.182233087741168,1.5850480794906616,-2.4924377494861645,-3.059003570255963,Period I,2005-01-01
2009-03-10,GARCHNet++,0.025,5.790036749828206,1.573753833770752,-2.48344622575376,-3.0475561229411783,Period I,2005-01-01
2009-03-11,GARCHNet++,0.025,0.6491304177849674,1.5136692523956299,-2.4351609773778033,-2.9865236015664,Period I,2005-01-01
2009-03-12,GARCHNet++,0.025,3.8616930364357995,1.517970085144043,-2.438703520464999,-2.9912323622449675,Period I,2005-01-01
2009-03-13,GARCHNet++,0.025,0.7784145804795887,1.5432214736938477,-2.4590720702171027,-3.016935207177852,Period I,2005-01-01
2009-03-16,GARCHNet++,0.025,-0.3027257753259416,1.5300573110580444,-2.4485039264346624,-3.003724138819175,Period I,2005-01-01
2009-03-17,GARCHNet++,0.025,3.0124319961795063,1.5122894048690796,-2.434102339081965,-2.985444849372722,Period I,2005-01-01
2009-03-18,GARCHNet++,0.025,2.213739118765506,1.529309630393982,-2.4478924301573337,-3.0029176317935953,Period I,2005-01-01
2009-03-19,GARCHNet++,0.025,-1.2463154293899426,1.5349525213241577,-2.452463685352461,-3.008778897007034,Period I,2005-01-01
2009-03-20,GARCHNet++,0.025,-2.8656035125776578,1.5375525951385498,-2.454537105019779,-3.0113105351204967,Period I,2005-01-01
2009-03-23,GARCHNet++,0.025,6.936653028023308,2.2127997875213623,-2.951282961177123,-3.6515468408576264,Period I,2005-01-01
2009-03-24,GARCHNet++,0.025,-1.9899965735440541,1.967137336730957,-2.780291649135826,-3.4286645686994723,Period I,2005-01-01
2009-03-25,GARCHNet++,0.025,1.0490666999103533,2.114079713821411,-2.883976328432428,-3.5647137389285772,Period I,2005-01-01
2009-03-26,GARCHNet++,0.025,2.0175741328649455,2.1224985122680664,-2.889611710725031,-3.571185894864186,Period I,2005-01-01
2009-03-27,GARCHNet++,0.025,-1.82132279488019,2.1316027641296387,-2.8958451464389867,-3.579097565621476,Period I,2005-01-01
2009-03-30,GARCHNet++,0.025,-3.5165714082594945,2.16864013671875,-2.921215442297436,-3.612021114234279,Period I,2005-01-01
2009-03-31,GARCHNet++,0.025,0.9222423255919477,2.2267863750457764,-2.9608093663403015,-3.6643994641809456,Period I,2005-01-01
2009-04-01,GARCHNet++,0.025,1.918107094829613,2.1818044185638428,-2.930166568458184,-3.62357188654675,Period I,2005-01-01
2009-04-02,GARCHNet++,0.025,2.8818369490195277,2.1684799194335938,-2.921067300394917,-3.6116404973954785,Period I,2005-01-01
2009-04-03,GARCHNet++,0.025,0.9899321331862869,2.16796612739563,-2.920771472045931,-3.6115213565885407,Period I,2005-01-01
2009-04-06,GARCHNet++,0.025,-0.7863780065196408,2.141627550125122,-2.9027246494868204,-3.5879805953993564,Period I,2005-01-01
2009-04-07,GARCHNet++,0.025,-2.360166373399636,2.125612735748291,-2.8916624841732754,-3.573388164904608,Period I,2005-01-01
2009-04-08,GARCHNet++,0.025,1.0720010709050372,2.1767139434814453,-2.926692740005534,-3.6190124711335043,Period I,2005-01-01
2009-04-09,GARCHNet++,0.025,3.8973672554157055,2.1379528045654297,-2.900148138638851,-3.5843809475158146,Period I,2005-01-01
2009-04-13,GARCHNet++,0.025,0.023309569590602167,2.14347505569458,-2.9039975598474386,-3.5896572198167456,Period I,2005-01-01
2009-04-14,GARCHNet++,0.025,-1.7393826161506316,2.1245856285095215,-2.89099750364279,-3.5727303678990765,Period I,2005-01-01
2009-04-15,GARCHNet++,0.025,1.0613325261499618,2.1580934524536133,-2.913981626846905,-3.6024793869686778,Period I,2005-01-01
2009-04-16,GARCHNet++,0.025,1.4556297774207454,2.1221354007720947,-2.889272037751224,-3.570316575871634,Period I,2005-01-01
2009-04-17,GARCHNet++,0.025,0.6682843455783037,2.1056132316589355,-2.8778633447008244,-3.5555435518744454,Period I,2005-01-01
2009-04-20,GARCHNet++,0.025,-4.281929682176725,2.077322244644165,-2.8582086995730505,-3.530027032023693,Period I,2005-01-01
2009-04-21,GARCHNet++,0.025,1.9348900551471482,2.9867587089538574,-3.440225249617534,-4.322789185794198,Period I,2005-01-01
2009-04-22,GARCHNet++,0.025,-0.6132055155160467,2.95408034324646,-3.4204657250038273,-4.291953633362073,Period I,2005-01-01
2009-04-23,GARCHNet++,0.025,0.9769977226737957,2.9228365421295166,-3.4017342468039087,-4.264531363920858,Period I,2005-01-01
2009-04-24,GARCHNet++,0.025,1.499767537522274,2.8928258419036865,-3.383794433852199,-4.239255973344963,Period I,2005-01-01
2009-04-27,GARCHNet++,0.025,-0.950740290971751,2.8799326419830322,-3.3760860806003086,-4.228579897269646,Period I,2005-01-01
2009-04-28,GARCHNet++,0.025,-0.31503047968277903,2.8733415603637695,-3.372133139006442,-4.223071602181985,Period I,2005-01-01
2009-04-29,GARCHNet++,0.025,2.104610179165032,2.7825026512145996,-3.3172609510958972,-4.1472369055815435,Period I,2005-01-01
2009-04-30,GARCHNet++,0.025,0.03432158344524315,2.8109354972839355,-3.334583418847357,-4.1714646884846145,Period I,2005-01-01
2009-05-01,GARCHNet++,0.025,0.5361957142381252,2.7783570289611816,-3.3147354480447055,-4.143752691155674,Period I,2005-01-01
2009-05-04,GARCHNet++,0.025,3.3453899118707304,2.7261502742767334,-3.2828024405802267,-4.099945143965942,Period I,2005-01-01
2009-05-05,GARCHNet++,0.025,-0.34168957334120814,2.8034331798553467,-3.3301738215380534,-4.166217681136936,Period I,2005-01-01
2009-05-06,GARCHNet++,0.025,1.7186123866239669,2.801898241043091,-3.3291144616674266,-4.163977081681942,Period I,2005-01-01
2009-05-07,GARCHNet++,0.025,-1.398928583484315,2.769716262817383,-3.3095333620119343,-4.136983071040082,Period I,2005-01-01
2009-05-08,GARCHNet++,0.025,2.3064585317510486,2.823735475540161,-3.342390952827256,-4.182627177577967,Period I,2005-01-01
2009-05-11,GARCHNet++,0.025,-1.8891078363386136,2.783541440963745,-3.3180276145946754,-4.1491010746151025,Period I,2005-01-01
2009-05-12,GARCHNet++,0.025,-0.2963578750162108,2.8791091442108154,-3.375818971261595,-4.229626609703392,Period I,2005-01-01
2009-05-13,GARCHNet++,0.025,-2.5495407063288846,2.815175771713257,-3.337149481278713,-4.174997364365722,Period I,2005-01-01
2009-05-14,GARCHNet++,0.025,0.8533648513944746,2.9307475090026855,-3.4067669946144603,-4.273678698555412,Period I,2005-01-01
2009-05-15,GARCHNet++,0.025,-0.819542449132723,2.878811836242676,-3.375505241306034,-4.2283392025118,Period I,2005-01-01
2009-05-18,GARCHNet++,0.025,2.8011214941717695,2.8682613372802734,-3.369124884588535,-4.219139628176164,Period I,2005-01-01
2009-05-19,GARCHNet++,0.025,-0.12064778723626043,3.003862142562866,-3.4517234897644693,-4.3490648963204315,Period I,2005-01-01
2009-05-20,GARCHNet++,0.025,-0.6716983840170287,3.034409999847412,-3.4695029938116195,-4.373486263326646,Period I,2005-01-01
2009-05-21,GARCHNet++,0.025,-1.446723477814465,3.0865895748138428,-3.4999097832780923,-4.417138241062587,Period I,2005-01-01
2009-05-22,GARCHNet++,0.025,-0.2132104785256413,3.241642951965332,-3.588965557069743,-4.547596277763721,Period I,2005-01-01
2009-05-26,GARCHNet++,0.025,2.5289795148701324,3.2109415531158447,-3.5713909485119255,-4.520766529618476,Period I,2005-01-01
2009-05-27,GARCHNet++,0.025,-1.8014576482497175,3.317607879638672,-3.631632028298296,-4.609212141113921,Period I,2005-01-01
2009-05-28,GARCHNet++,0.025,1.3843734301126625,3.509763479232788,-3.737938768356769,-4.769860730054922,Period I,2005-01-01
2009-05-29,GARCHNet++,0.025,1.7552924223269621,3.4760046005249023,-3.7192910960395222,-4.739457861262799,Period I,2005-01-01
2009-06-01,GARCHNet++,0.025,2.391996499177469,3.5127696990966797,-3.739303931375188,-4.769086243998718,Period I,2005-01-01
2009-06-02,GARCHNet++,0.025,0.08438122335373766,3.5837042331695557,-3.7777581956822046,-4.827893618538986,Period I,2005-01-01
2009-06-03,GARCHNet++,0.025,-1.2732235110220134,3.4438045024871826,-3.7014414711119943,-4.710849376831125,Period I,2005-01-01
2009-06-04,GARCHNet++,0.025,0.9352786340380315,3.5221548080444336,-3.744424154201781,-4.7769836366521945,Period I,2005-01-01
2009-06-05,GARCHNet++,0.025,0.02115958572229988,3.462250232696533,-3.7116077774399177,-4.726441500363064,Period I,2005-01-01
2009-06-08,GARCHNet++,0.025,-0.41333255366907495,3.349412441253662,-3.649182213423572,-4.633158157246784,Period I,2005-01-01
2009-06-09,GARCHNet++,0.025,0.5084711376508008,3.2067646980285645,-3.568865478806873,-4.515894284545229,Period I,2005-01-01
2009-06-10,GARCHNet++,0.025,-0.2539123905512595,2.841660976409912,-3.3549688440383436,-4.211228360374274,Period I,2005-01-01
2009-06-11,GARCHNet++,0.025,0.4439264940071205,2.8264431953430176,-3.3458247295276213,-4.198755366972287,Period I,2005-01-01
2009-06-12,GARCHNet++,0.025,0.27383074945380476,1.7705388069152832,-2.637868112474749,-3.253806199944501,Period I,2005-01-01
2009-06-15,GARCHNet++,0.025,-2.319499950528158,1.6907360553741455,-2.5770289540780014,-3.175473771236726,Period I,2005-01-01
2009-06-16,GARCHNet++,0.025,-1.3655811319777544,2.0275371074676514,-2.8256180745324366,-3.4989731680077876,Period I,2005-01-01
2009-06-17,GARCHNet++,0.025,-0.09825464701284027,1.3372677564620972,-2.2892921552984618,-2.8094289658155263,Period I,2005-01-01
2009-06-18,GARCHNet++,0.025,0.7291735560570102,1.298073410987854,-2.255194257115076,-2.766299616781287,Period I,2005-01-01
2009-06-19,GARCHNet++,0.025,-0.19537649011938807,1.1929759979248047,-2.161258266722127,-2.648053942019404,Period I,2005-01-01
2009-06-22,GARCHNet++,0.025,-3.044579015397382,1.0333099365234375,-2.010490499835778,-2.4594203333568645,Period I,2005-01-01
2009-06-23,GARCHNet++,0.025,0.0783739567638226,1.8758463859558105,-2.7164853126871824,-3.3570091568766234,Period I,2005-01-01
2009-06-24,GARCHNet++,0.025,0.8580921513096341,1.8637487888336182,-2.7074791826193727,-3.344753125681156,Period I,2005-01-01
2009-06-25,GARCHNet++,0.025,2.151563825811823,1.7977815866470337,-2.658408073674648,-3.2806684784881512,Period I,2005-01-01
2009-06-26,GARCHNet++,0.025,-0.2609891602732419,1.9166438579559326,-2.7459227640126165,-3.393660816543464,Period I,2005-01-01
2009-06-29,GARCHNet++,0.025,0.9320546954641561,1.8325557708740234,-2.6842745615205494,-3.3139170074947133,Period I,2005-01-01
2009-06-30,GARCHNet++,0.025,-0.8123521790001337,1.6859016418457031,-2.5733193105017733,-3.1707980020198576,Period I,2005-01-01
2009-07-01,GARCHNet++,0.025,0.4124217755158071,1.6276838779449463,-2.5280724426465273,-3.113094422724165,Period I,2005-01-01
2009-07-02,GARCHNet++,0.025,-2.767283511743629,1.4232667684555054,-2.362425848443266,-2.902082003042477,Period I,2005-01-01
2009-07-06,GARCHNet++,0.025,-0.011129120663986641,2.1645443439483643,-2.9211109761873635,-3.6253982320029436,Period I,2005-01-01
2009-07-07,GARCHNet++,0.025,-1.9566636688835874,2.1559691429138184,-2.9150208594781297,-3.616275428010923,Period I,2005-01-01
2009-07-08,GARCHNet++,0.025,-0.06815581250509894,2.602375030517578,-3.208104639006566,-4.0108485444624895,Period I,2005-01-01
2009-07-09,GARCHNet++,0.025,0.19299338534081464,2.5805938243865967,-3.194226450992181,-3.99091509395434,Period I,2005-01-01
2009-07-10,GARCHNet++,0.025,-0.23845930535050974,2.4634556770324707,-3.119497050211854,-3.8893301166738623,Period I,2005-01-01
2009-07-13,GARCHNet++,0.025,2.403799240078975,2.3309295177459717,-3.0330118526808514,-3.773503118648231,Period I,2005-01-01
2009-07-14,GARCHNet++,0.025,0.5644441291098867,2.4849510192871094,-3.1331167859055387,-3.906538800516889,Period I,2005-01-01
2009-07-15,GARCHNet++,0.025,2.8826725316357917,1.9743326902389526,-2.787549852091379,-3.4480949153551324,Period I,2005-01-01
2009-07-16,GARCHNet++,0.025,-0.1609717830750838,2.2651638984680176,-2.985677614966819,-3.6925137479543695,Period I,2005-01-01
2009-07-17,GARCHNet++,0.025,1.089517992491908,2.169403076171875,-2.92117274466955,-3.6092548568977647,Period I,2005-01-01
2009-07-20,GARCHNet++,0.025,1.0567571965960236,2.0120553970336914,-2.812097669269725,-3.4690251172842848,Period I,2005-01-01
2009-07-21,GARCHNet++,0.025,0.46146117383865637,1.8275712728500366,-2.6787959930740657,-3.2986405615196537,Period I,2005-01-01
2009-07-22,GARCHNet++,0.025,-0.02092574597321095,1.3749574422836304,-2.3207619298127766,-2.845627272970287,Period I,2005-01-01
2009-07-23,GARCHNet++,0.025,2.184239350693466,1.1850024461746216,-2.153469456027331,-2.6362063874922828,Period I,2005-01-01
2009-07-24,GARCHNet++,0.025,0.408741519394771,1.2309390306472778,-2.1949746676054325,-2.6876881528026746,Period I,2005-01-01
2009-07-27,GARCHNet++,0.025,0.2953017994263744,1.0605868101119995,-2.0366249715604265,-2.4904595582608695,Period I,2005-01-01
2009-07-28,GARCHNet++,0.025,-0.4688136282021755,0.9183590412139893,-1.8945818477798,-2.314466161437104,Period I,2005-01-01
2009-07-29,GARCHNet++,0.025,-0.24547200895752974,0.8406960964202881,-1.8123861888908122,-2.2127947081816592,Period I,2005-01-01
2009-07-30,GARCHNet++,0.025,1.0391257363027433,0.744223952293396,-1.704850650209934,-2.080007199095269,Period I,2005-01-01
2009-07-31,GARCHNet++,0.025,0.14178591870671048,0.6978632807731628,-1.6507122097237839,-2.0132385436254947,Period I,2005-01-01
2009-08-03,GARCHNet++,0.025,1.6361769097712722,0.5931761264801025,-1.5214851524557682,-1.8541363372173147,Period I,2005-01-01
2009-08-04,GARCHNet++,0.025,0.258521082258083,0.6293268799781799,-1.5672686840444914,-1.9103386383355145,Period I,2005-01-01
2009-08-05,GARCHNet++,0.025,-0.28839290561714476,0.5987157225608826,-1.528579867629982,-1.8628081472029887,Period I,2005-01-01
2009-08-06,GARCHNet++,0.025,-0.519226592908312,0.5896434187889099,-1.5169311558115695,-1.8485230142928823,Period I,2005-01-01
2009-08-07,GARCHNet++,0.025,1.302915226383367,0.5983445644378662,-1.5281018322243392,-1.8622095953698923,Period I,2005-01-01
2009-08-10,GARCHNet++,0.025,-0.20772458120808637,0.6117531061172485,-1.5451621398773843,-1.8831278790094135,Period I,2005-01-01
2009-08-11,GARCHNet++,0.025,-1.255491281157975,0.5995162725448608,-1.5296006624216332,-1.864049046778962,Period I,2005-01-01
2009-08-12,GARCHNet++,0.025,1.0671817838648352,0.7229320406913757,-1.6801661764405376,-2.0494220519870363,Period I,2005-01-01
2009-08-13,GARCHNet++,0.025,0.7609827034181113,0.7052797079086304,-1.6595101612742746,-2.0241626402194615,Period I,2005-01-01
2009-08-14,GARCHNet++,0.025,-0.7709059496523747,0.665768027305603,-1.6122322313865338,-1.9660181961585632,Period I,2005-01-01
2009-08-17,GARCHNet++,0.025,-2.491342690522046,0.6993788480758667,-1.6525499370687922,-2.0156600130570737,Period I,2005-01-01
2009-08-18,GARCHNet++,0.025,0.7902764568321541,1.4201147556304932,-2.358172975441227,-2.8898480011204595,Period I,2005-01-01
2009-08-19,GARCHNet++,0.025,0.8741605694413355,1.45272696018219,-2.385306278077008,-2.9239830119925783,Period I,2005-01-01
2009-08-20,GARCHNet++,0.025,1.025138407775959,1.3884142637252808,-2.3316050263908203,-2.85687341122973,Period I,2005-01-01
2009-08-21,GARCHNet++,0.025,1.9416214638024671,1.2742812633514404,-2.233218403177913,-2.7342461554524773,Period I,2005-01-01
2009-08-24,GARCHNet++,0.025,-0.009714112779598012,1.2906564474105835,-2.247564050103826,-2.7519860777693017,Period I,2005-01-01
2009-08-25,GARCHNet++,0.025,0.19406621166559035,1.1493687629699707,-2.120434181993958,-2.5940808605077015,Period I,2005-01-01
2009-08-26,GARCHNet++,0.025,0.009687885188834892,0.9803747534751892,-1.957731257265694,-2.3925120869516103,Period I,2005-01-01
2009-08-27,GARCHNet++,0.025,0.22268814670309842,0.8381531834602356,-1.8096598888700561,-2.2095326147608567,Period I,2005-01-01
2009-08-28,GARCHNet++,0.025,-0.01934836313128255,0.7233428955078125,-1.6807481004400686,-2.050540268325913,Period I,2005-01-01
2009-08-31,GARCHNet++,0.025,-0.8939023624470115,0.6471723318099976,-1.5895219333994288,-1.9381883390321264,Period I,2005-01-01
2009-09-01,GARCHNet++,0.025,-2.2304311381495983,0.6829038858413696,-1.6329243145707528,-1.991545189006713,Period I,2005-01-01
2009-09-02,GARCHNet++,0.025,-0.3799597209896823,1.237560510635376,-2.2005449992343498,-2.693165124711075,Period I,2005-01-01
2009-09-03,GARCHNet++,0.025,0.8280606261845547,1.2682294845581055,-2.2278188015879774,-2.7272615898547747,Period I,2005-01-01
2009-09-04,GARCHNet++,0.025,1.39116844684933,1.1944468021392822,-2.1617540531129027,-2.6451964537624333,Period I,2005-01-01
2009-09-08,GARCHNet++,0.025,0.8585466226855942,1.1390666961669922,-2.110837809185453,-2.582046922956835,Period I,2005-01-01
2009-09-09,GARCHNet++,0.025,0.7645083864563935,1.0144933462142944,-1.9916142301476634,-2.4343555060020337,Period I,2005-01-01
2009-09-10,GARCHNet++,0.025,1.0166954417670773,0.8733832240104675,-1.8474216213520658,-2.2561165891065866,Period I,2005-01-01
2009-09-11,GARCHNet++,0.025,-0.019091689973998686,0.8547122478485107,-1.8274737006227904,-2.231381206334863,Period I,2005-01-01
2009-09-14,GARCHNet++,0.025,0.4856016658290553,0.7535991668701172,-1.7156371673488804,-2.093488106901963,Period I,2005-01-01
2009-09-15,GARCHNet++,0.025,0.41706453004734534,0.6622975468635559,-1.6080467075000104,-1.9609998424032176,Period I,2005-01-01
2009-09-16,GARCHNet++,0.025,1.5020921431161585,0.5863861441612244,-1.512835434391667,-1.8439165850691783,Period I,2005-01-01
2009-09-17,GARCHNet++,0.025,-0.14919438631904425,0.5979784727096558,-1.5277382583825665,-1.8621668637759312,Period I,2005-01-01
2009-09-18,GARCHNet++,0.025,-0.4114485244940842,0.5790472030639648,-1.5033128125014963,-1.8322104333053562,Period I,2005-01-01
2009-09-21,GARCHNet++,0.025,-0.25332309346603893,0.5795618891716003,-1.503975396027903,-1.8329972720517334,Period I,2005-01-01
2009-09-22,GARCHNet++,0.025,0.5807460648907438,0.5721133351325989,-1.4942616851352648,-1.8210896972946262,Period I,2005-01-01
2009-09-23,GARCHNet++,0.025,-0.834705329027164,0.5604157447814941,-1.4788799889097899,-1.8022407859603244,Period I,2005-01-01
2009-09-24,GARCHNet++,0.025,-1.1080165968645181,0.606307864189148,-1.5383601258420192,-1.8751854275998463,Period I,2005-01-01
2009-09-25,GARCHNet++,0.025,-0.5347145275845743,0.7264713048934937,-1.6843238558890539,-2.0546882220019955,Period I,2005-01-01
2009-09-28,GARCHNet++,0.025,1.7744952749467677,0.748808741569519,-1.7101036825657756,-2.086454267737384,Period I,2005-01-01
2009-09-29,GARCHNet++,0.025,-0.3014317422571151,0.8142525553703308,-1.7834671973398513,-2.176746326825034,Period I,2005-01-01
2009-09-30,GARCHNet++,0.025,-0.3875458975995066,0.7848154306411743,-1.750867210067965,-2.1367019968100176,Period I,2005-01-01
2009-10-01,GARCHNet++,0.025,-2.512593961247314,0.7524420022964478,-1.714275157005143,-2.0916524100218505,Period I,2005-01-01
2009-10-02,GARCHNet++,0.025,-0.46724835234339446,1.528257966041565,-2.446717866611549,-3.0000598399309357,Period I,2005-01-01
2009-10-05,GARCHNet++,0.025,1.4817944072759348,1.6346086263656616,-2.531019622861054,-3.1059923313055453,Period I,2005-01-01
2009-10-06,GARCHNet++,0.025,1.4222599327786973,1.6854817867279053,-2.5703966455897023,-3.1555787150306056,Period I,2005-01-01
2009-10-07,GARCHNet++,0.025,0.2744792868079011,1.6617584228515625,-2.5521549845210045,-3.132802499167667,Period I,2005-01-01
2009-10-08,GARCHNet++,0.025,0.7626773418680682,1.5010803937911987,-2.4248459203810944,-2.9731611887599585,Period I,2005-01-01
2009-10-09,GARCHNet++,0.025,0.6078491783683554,1.3541074991226196,-2.302263133200762,-2.8194373930032675,Period I,2005-01-01
2009-10-12,GARCHNet++,0.025,0.3908055259361913,1.1620430946350098,-2.1320053634433984,-2.607877473027014,Period I,2005-01-01
2009-10-13,GARCHNet++,0.025,-0.2045191949544844,0.9820151925086975,-1.9592714802348998,-2.394005082310426,Period I,2005-01-01
2009-10-14,GARCHNet++,0.025,1.7069183190070207,0.8555965423583984,-1.8283905903754236,-2.232388924976709,Period I,2005-01-01
2009-10-15,GARCHNet++,0.025,0.36526525133812837,0.8315985202789307,-1.802466210503204,-2.2003393615558675,Period I,2005-01-01
2009-10-16,GARCHNet++,0.025,-0.7502319731666001,0.740727961063385,-1.700853972801541,-2.0751792041767505,Period I,2005-01-01
2009-10-19,GARCHNet++,0.025,0.8231265832779153,0.7513153553009033,-1.712990147011281,-2.090080134681939,Period I,2005-01-01
2009-10-20,GARCHNet++,0.025,-0.5296832759081879,0.6926164627075195,-1.6445256659818375,-2.00581218008753,Period I,2005-01-01
2009-10-21,GARCHNet++,0.025,-0.9014002502735659,0.6874457001686096,-1.6383593785599107,-1.9982283459117,Period I,2005-01-01
2009-10-22,GARCHNet++,0.025,1.011222487063639,0.7436509132385254,-1.7041917214972568,-2.079193682507353,Period I,2005-01-01
2009-10-23,GARCHNet++,0.025,-1.1499137600751326,0.7053489685058594,-1.6595979850139029,-2.0242944815991755,Period I,2005-01-01
2009-10-26,GARCHNet++,0.025,-1.0884317314062935,0.8375774025917053,-1.8089228443052212,-2.2081766470892483,Period I,2005-01-01
2009-10-27,GARCHNet++,0.025,-0.4593881317244379,0.976636528968811,-1.9537995662756327,-2.386923120487671,Period I,2005-01-01
2009-10-28,GARCHNet++,0.025,-1.9068020585961882,0.9741851091384888,-1.951345878653899,-2.383925227546757,Period I,2005-01-01
2009-10-29,GARCHNet++,0.025,2.122696784837498,1.467245101928711,-2.3969484113260675,-2.937213100755446,Period I,2005-01-01
2009-10-30,GARCHNet++,0.025,-2.940132791617279,1.689855933189392,-2.573466587896096,-3.1582113567294714,Period I,2005-01-01
2009-11-02,GARCHNet++,0.025,0.7311963944424573,3.0451812744140625,-3.4652776625824484,-4.303585126796646,Period I,2005-01-01
2009-11-03,GARCHNet++,0.025,0.3158368219829836,3.290212392807007,-3.604112786594524,-4.487591625168888,Period I,2005-01-01
2009-11-04,GARCHNet++,0.025,0.2576674073968624,3.2647697925567627,-3.5899300673442864,-4.46869526955232,Period I,2005-01-01
2009-11-05,GARCHNet++,0.025,1.8227829937826525,3.0615360736846924,-3.474755144898146,-4.316341971494941,Period I,2005-01-01
2009-11-06,GARCHNet++,0.025,0.26170571520377806,3.037705659866333,-3.457748179812897,-4.2774220472911395,Period I,2005-01-01
2009-11-09,GARCHNet++,0.025,2.2520586995464766,2.671232223510742,-3.2404681657865146,-3.9989287973665966,Period I,2005-01-01
2009-11-10,GARCHNet++,0.025,0.01824844267555441,2.5262444019317627,-3.150461394814239,-3.883922229176821,Period I,2005-01-01
2009-11-11,GARCHNet++,0.025,0.5096991042243658,2.2247774600982666,-2.9549963096724,-3.6360125049437824,Period I,2005-01-01
2009-11-12,GARCHNet++,0.025,-1.022002457882783,1.8921996355056763,-2.7236556337559543,-3.344561761146746,Period I,2005-01-01
2009-11-13,GARCHNet++,0.025,0.539680215119228,1.8190878629684448,-2.670171434890913,-3.2773826859194,Period I,2005-01-01
2009-11-16,GARCHNet++,0.025,1.4400432924878435,1.5707063674926758,-2.480084214308006,-3.0393651518281506,Period I,2005-01-01
2009-11-17,GARCHNet++,0.025,0.1168252265801438,1.3966095447540283,-2.337887899773352,-2.86212302395928,Period I,2005-01-01
2009-11-18,GARCHNet++,0.025,-0.06288998637843356,1.213598370552063,-2.1786901753822274,-2.6645903513535085,Period I,2005-01-01
2009-11-19,GARCHNet++,0.025,-1.3116990928494368,1.0526872873306274,-2.0285938586841707,-2.4788945988372673,Period I,2005-01-01
2009-11-20,GARCHNet++,0.025,-0.3557580852726131,1.191081166267395,-2.158219349639405,-2.638886636496259,Period I,2005-01-01
2009-11-23,GARCHNet++,0.025,1.2622182466278804,1.1162956953048706,-2.089114579765023,-2.553375750775308,Period I,2005-01-01
2009-11-24,GARCHNet++,0.025,0.1532827231427791,1.016527533531189,-1.9932790646955965,-2.435062934938479,Period I,2005-01-01
2009-11-25,GARCHNet++,0.025,0.35076655851257504,0.9050666689872742,-1.880534163684251,-2.2961651242485503,Period I,2005-01-01
2009-11-27,GARCHNet++,0.025,-1.6384141869871134,0.7414819598197937,-1.7017238718764407,-2.0762579990941603,Period I,2005-01-01
2009-11-30,GARCHNet++,0.025,0.3371173007140081,1.0325088500976562,-2.008920718991057,-2.4543076856032298,Period I,2005-01-01
2009-12-01,GARCHNet++,0.025,1.2294501061477423,0.9256868362426758,-1.9018761141316718,-2.3223844304915735,Period I,2005-01-01
2009-12-02,GARCHNet++,0.025,-0.044936465435678634,0.8877967596054077,-1.8624509894227232,-2.273866753303173,Period I,2005-01-01
2009-12-03,GARCHNet++,0.025,-0.78509879179629,0.8191376328468323,-1.788820537988738,-2.1833251176142263,Period I,2005-01-01
2009-12-04,GARCHNet++,0.025,0.569137345975483,0.856430172920227,-1.829187329497032,-2.2329908958305764,Period I,2005-01-01
2009-12-07,GARCHNet++,0.025,-0.15326196329653333,0.7557467818260193,-1.7180886502345614,-2.0965132529621227,Period I,2005-01-01
2009-12-08,GARCHNet++,0.025,-1.115907015915104,0.7048507332801819,-1.659113776760765,-2.0241022980707,Period I,2005-01-01
2009-12-09,GARCHNet++,0.025,0.3733520139255921,0.8303175568580627,-1.8010254854240546,-2.1983755831104625,Period I,2005-01-01
2009-12-10,GARCHNet++,0.025,0.5619544904667438,0.7687128782272339,-1.7327838620551053,-2.1145219687268035,Period I,2005-01-01
2009-12-11,GARCHNet++,0.025,0.42390252491877267,0.6959091424942017,-1.648533187445983,-2.0111025556546926,Period I,2005-01-01
2009-12-14,GARCHNet++,0.025,0.6816800321253684,0.6259585618972778,-1.5633294582004245,-1.9065463443937887,Period I,2005-01-01
2009-12-15,GARCHNet++,0.025,-0.4659127410461224,0.5731277465820312,-1.4957846767880143,-1.823713441091534,Period I,2005-01-01
2009-12-16,GARCHNet++,0.025,0.15255369106561056,0.5783914923667908,-1.502642931884802,-1.8320951285330027,Period I,2005-01-01
2009-12-17,GARCHNet++,0.025,-1.208852209622162,0.5486355423927307,-1.46341104902049,-1.7839946491256051,Period I,2005-01-01
2009-12-18,GARCHNet++,0.025,0.027223358197046153,0.6990729570388794,-1.6522572156927364,-2.0155710524002806,Period I,2005-01-01
2009-12-21,GARCHNet++,0.025,1.0111151791373518,0.6706129312515259,-1.6182092146729585,-1.9737789714290574,Period I,2005-01-01
2009-12-22,GARCHNet++,0.025,0.35864964165904084,0.6349090933799744,-1.5744705082410457,-1.920147946309135,Period I,2005-01-01
2010-12-22,Historical Simulation,0.025,0.31054640754708324,2.9866632982062304,-3.644742773193215,-5.526024935842562,Period II,2007-01-01
2010-12-23,Historical Simulation,0.025,-0.14320975249110487,2.9867172077206927,-3.644742773193215,-5.526024935842562,Period II,2007-01-01
2010-12-27,Historical Simulation,0.025,0.03980342481033424,2.9861109965279238,-3.644742773193215,-5.526024935842562,Period II,2007-01-01
2010-12-28,Historical Simulation,0.025,0.14315280222058227,2.9858897755109535,-3.644742773193215,-5.526024935842562,Period II,2007-01-01
2010-12-29,Historical Simulation,0.025,0.07149659719904494,2.985908326931701,-3.644742773193215,-5.526024935842562,Period II,2007-01-01
2010-12-30,Historical Simulation,0.025,-0.15895484886163214,2.9857966630883235,-3.644742773193215,-5.526024935842562,Period II,2007-01-01
2010-12-31,Historical Simulation,0.025,0.0238587340784555,2.9856164072769427,-3.644742773193215,-5.526024935842562,Period II,2007-01-01
2011-01-03,Historical Simulation,0.025,1.0284924806456492,2.9850250290222515,-3.644742773193215,-5.526024935842562,Period II,2007-01-01
2011-01-04,Historical Simulation,0.025,-0.05511136072903331,2.9860759761935474,-3.644742773193215,-5.526024935842562,Period II,2007-01-01
2011-01-05,Historical Simulation,0.025,0.5184176449207462,2.986074951868652,-3.644742773193215,-5.526024935842562,Period II,2007-01-01
2011-01-06,Historical Simulation,0.025,-0.19605542977314794,2.986250462406407,-3.644742773193215,-5.526024935842562,Period II,2007-01-01
2011-01-07,Historical Simulation,0.025,-0.19644056228539014,2.9862415591257174,-3.644742773193215,-5.526024935842562,Period II,2007-01-01
2011-01-10,Historical Simulation,0.025,-0.12592165286221443,2.986187437399206,-3.644742773193215,-5.526024935842562,Period II,2007-01-01
2011-01-11,Historical Simulation,0.025,0.3537576440023422,2.9861067562656642,-3.644742773193215,-5.526024935842562,Period II,2007-01-01
2011-01-12,Historical Simulation,0.025,0.8984096335089451,2.9855772896673036,-3.644742773193215,-5.526024935842562,Period II,2007-01-01
2011-01-13,Historical Simulation,0.025,-0.1634611894315131,2.9850355767966255,-3.644742773193215,-5.526024935842562,Period II,2007-01-01
2011-01-14,Historical Simulation,0.025,0.7218628320147511,2.98505249429818,-3.644742773193215,-5.526024935842562,Period II,2007-01-01
2011-01-18,Historical Simulation,0.025,0.17000329763009425,2.9855861857313495,-3.644742773193215,-5.526024935842562,Period II,2007-01-01
2011-01-19,Historical Simulation,0.025,-0.9853858305382115,2.9853381736403817,-3.644742773193215,-5.526024935842562,Period II,2007-01-01
2011-01-20,Historical Simulation,0.025,-0.13264010662401665,2.9858256164807306,-3.644742773193215,-5.526024935842562,Period II,2007-01-01
2011-01-21,Historical Simulation,0.025,0.22615980751737275,2.985469897919109,-3.644742773193215,-5.526024935842562,Period II,2007-01-01
2011-01-24,Historical Simulation,0.025,0.5670664070208581,2.985504107205292,-3.644742773193215,-5.526024935842562,Period II,2007-01-01
2011-01-25,Historical Simulation,0.025,0.054200693836145,2.9858379524310004,-3.644742773193215,-5.526024935842562,Period II,2007-01-01
2011-01-26,Historical Simulation,0.025,0.38633953715288855,2.985840742382702,-3.644742773193215,-5.526024935842562,Period II,2007-01-01
2011-01-27,Historical Simulation,0.025,0.24648192383741713,2.98594521146597,-3.644742773193215,-5.526024935842562,Period II,2007-01-01
2011-01-28,Historical Simulation,0.025,-1.7617189274053888,2.985997274923125,-3.644742773193215,-5.526024935842562,Period II,2007-01-01
2011-01-31,Historical Simulation,0.025,0.7488268048510469,2.988521454638509,-3.644742773193215,-5.526024935842562,Period II,2007-01-01
2011-02-01,Historical Simulation,0.025,1.5882014747780775,2.9889912536401457,-3.644742773193215,-5.526024935842562,Period II,2007-01-01
2011-02-02,Historical Simulation,0.025,-0.19140226299316068,2.990825628588328,-3.644742773193215,-5.526024935842562,Period II,2007-01-01
2011-02-03,Historical Simulation,0.025,0.22198752285183318,2.990415566488214,-3.644742773193215,-5.526024935842562,Period II,2007-01-01
2011-02-04,Historical Simulation,0.025,0.2825146975337663,2.99044987434098,-3.644742773193215,-5.526024935842562,Period II,2007-01-01
2011-02-07,Historical Simulation,0.025,0.6232973504143775,2.990534544930008,-3.644742773193215,-5.526024935842562,Period II,2007-01-01
2011-02-08,Historical Simulation,0.025,0.45362297801004947,2.9908867348759194,-3.644742773193215,-5.526024935842562,Period II,2007-01-01
2011-02-09,Historical Simulation,0.025,-0.2265542719678451,2.9911008130092323,-3.644742773193215,-5.526024935842562,Period II,2007-01-01
2011-02-10,Historical Simulation,0.025,0.037796628868440124,2.9911435639963955,-3.644742773193215,-5.526024935842562,Period II,2007-01-01
2011-02-11,Historical Simulation,0.025,0.595257201654703,2.990999780895812,-3.644742773193215,-5.526024935842562,Period II,2007-01-01
2011-02-14,Historical Simulation,0.025,0.24010822182387254,2.991358805282618,-3.644742773193215,-5.526024935842562,Period II,2007-01-01
2011-02-15,Historical Simulation,0.025,-0.3152668796160044,2.9755831725724877,-3.615364972009578,-5.51239982173934,Period II,2007-01-01
2011-02-16,Historical Simulation,0.025,0.6295543499705147,2.9746278218075863,-3.615364972009578,-5.51239982173934,Period II,2007-01-01
2011-02-17,Historical Simulation,0.025,0.2983917822945191,2.974945271104841,-3.615364972009578,-5.51239982173934,Period II,2007-01-01
2011-02-18,Historical Simulation,0.025,0.20834800346416876,2.9733082056700213,-3.615364972009578,-5.51239982173934,Period II,2007-01-01
2011-02-22,Historical Simulation,0.025,-2.0273985764222773,2.9724421338982516,-3.615364972009578,-5.51239982173934,Period II,2007-01-01
2011-02-23,Historical Simulation,0.025,-0.6163211746435968,2.973646325138017,-3.615364972009578,-5.51239982173934,Period II,2007-01-01
2011-02-24,Historical Simulation,0.025,-0.06872426132549282,2.974010236936764,-3.615364972009578,-5.51239982173934,Period II,2007-01-01
2011-02-25,Historical Simulation,0.025,1.0636043322289848,2.9732930061498126,-3.615364972009578,-5.51239982173934,Period II,2007-01-01
2011-02-28,Historical Simulation,0.025,0.6177449798552023,2.9744384857488613,-3.615364972009578,-5.51239982173934,Period II,2007-01-01
2011-03-01,Historical Simulation,0.025,-1.6813493120841887,2.974803822891889,-3.615364972009578,-5.51239982173934,Period II,2007-01-01
2011-03-02,Historical Simulation,0.025,0.21363709867891836,2.9737813250417062,-3.615364972009578,-5.51239982173934,Period II,2007-01-01
2011-03-03,Historical Simulation,0.025,1.7077598345467793,2.973269466206603,-3.615364972009578,-5.51239982173934,Period II,2007-01-01
2011-03-04,Historical Simulation,0.025,-0.7520528720848659,2.976186532003324,-3.615364972009578,-5.51239982173934,Period II,2007-01-01
2011-03-07,Historical Simulation,0.025,-0.7881879144340674,2.97629421884618,-3.615364972009578,-5.51239982173934,Period II,2007-01-01
2011-03-08,Historical Simulation,0.025,0.8711915857417784,2.9754569686022116,-3.615364972009578,-5.51239982173934,Period II,2007-01-01
2011-03-09,Historical Simulation,0.025,-0.1434143284876095,2.9759204887342494,-3.615364972009578,-5.51239982173934,Period II,2007-01-01
2011-03-10,Historical Simulation,0.025,-1.8679283098206725,2.97324890809268,-3.615364972009578,-5.51239982173934,Period II,2007-01-01
2011-03-11,Historical Simulation,0.025,0.6902350439859637,2.9767040711680277,-3.615364972009578,-5.51239982173934,Period II,2007-01-01
2011-03-14,Historical Simulation,0.025,-0.6056159320269047,2.977169734561323,-3.615364972009578,-5.51239982173934,Period II,2007-01-01
2011-03-15,Historical Simulation,0.025,-1.152331292184129,2.9775103755141643,-3.615364972009578,-5.51239982173934,Period II,2007-01-01
2011-03-16,Historical Simulation,0.025,-1.8686241077615322,2.9787645346864897,-3.615364972009578,-5.51239982173934,Period II,2007-01-01
2011-03-17,Historical Simulation,0.025,1.3148228441042051,2.9817000870123347,-3.615364972009578,-5.51239982173934,Period II,2007-01-01
2011-03-18,Historical Simulation,0.025,-0.0704169174871776,2.98344621301486,-3.615364972009578,-5.51239982173934,Period II,2007-01-01
2011-03-21,Historical Simulation,0.025,1.5378969497287496,2.983448801350116,-3.615364972009578,-5.51239982173934,Period II,2007-01-01
2011-03-22,Historical Simulation,0.025,-0.3474598786978691,2.985831720598612,-3.615364972009578,-5.51239982173934,Period II,2007-01-01
2011-03-23,Historical Simulation,0.025,0.2857776653072565,2.9847774858236265,-3.615364972009578,-5.51239982173934,Period II,2007-01-01
2011-03-24,Historical Simulation,0.025,0.951795829774732,2.984850496643841,-3.615364972009578,-5.51239982173934,Period II,2007-01-01
2011-03-25,Historical Simulation,0.025,0.3051178262846453,2.9856976366322043,-3.615364972009578,-5.51239982173934,Period II,2007-01-01
2011-03-28,Historical Simulation,0.025,-0.24401973806626945,2.9857748169144407,-3.615364972009578,-5.51239982173934,Period II,2007-01-01
2011-03-29,Historical Simulation,0.025,0.6696151143217117,2.985813536030643,-3.615364972009578,-5.51239982173934,Period II,2007-01-01
2011-03-30,Historical Simulation,0.025,0.6877581773286895,2.9861152727275426,-3.615364972009578,-5.51239982173934,Period II,2007-01-01
2011-03-31,Historical Simulation,0.025,-0.13567075803988482,2.986396214713027,-3.615364972009578,-5.51239982173934,Period II,2007-01-01
2011-04-01,Historical Simulation,0.025,0.42146339137174116,2.9861967234699365,-3.615364972009578,-5.51239982173934,Period II,2007-01-01
2011-04-04,Historical Simulation,0.025,0.08257994924441352,2.9854704617018406,-3.615364972009578,-5.51239982173934,Period II,2007-01-01
2011-04-05,Historical Simulation,0.025,-0.01500113599201931,2.9854031471183,-3.615364972009578,-5.51239982173934,Period II,2007-01-01
2011-04-06,Historical Simulation,0.025,0.3147234928549288,2.985385665810895,-3.615364972009578,-5.51239982173934,Period II,2007-01-01
2011-04-07,Historical Simulation,0.025,-0.25469811049454494,2.9854908124925523,-3.615364972009578,-5.51239982173934,Period II,2007-01-01
2011-04-08,Historical Simulation,0.025,-0.34563615456314933,2.9846473320161535,-3.615364972009578,-5.51239982173934,Period II,2007-01-01
2011-04-11,Historical Simulation,0.025,-0.30151830882110936,2.984624951776212,-3.615364972009578,-5.51239982173934,Period II,2007-01-01
2011-04-12,Historical Simulation,0.025,-0.7502065749284654,2.98470677859719,-3.615364972009578,-5.51239982173934,Period II,2007-01-01
2011-04-13,Historical Simulation,0.025,-0.007602408655647419,2.984393945001632,-3.615364972009578,-5.51239982173934,Period II,2007-01-01
2011-04-14,Historical Simulation,0.025,0.07603288565081602,2.984377939422219,-3.615364972009578,-5.51239982173934,Period II,2007-01-01
2011-04-15,Historical Simulation,0.025,0.36418533742727915,2.9843813146380236,-3.615364972009578,-5.51239982173934,Period II,2007-01-01
2011-04-18,Historical Simulation,0.025,-1.1271983621468706,2.983849196922296,-3.615364972009578,-5.51239982173934,Period II,2007-01-01
2011-04-19,Historical Simulation,0.025,0.5728048761922306,2.9850214254685543,-3.615364972009578,-5.51239982173934,Period II,2007-01-01
2011-04-20,Historical Simulation,0.025,1.3539849979458638,2.985008792100351,-3.615364972009578,-5.51239982173934,Period II,2007-01-01
2011-04-21,Historical Simulation,0.025,0.5095879307875055,2.9865723028227107,-3.615364972009578,-5.51239982173934,Period II,2007-01-01
2011-04-25,Historical Simulation,0.025,-0.10470376441327701,2.9866921013955863,-3.615364972009578,-5.51239982173934,Period II,2007-01-01
2011-04-26,Historical Simulation,0.025,0.8568349018922111,2.986699657600977,-3.615364972009578,-5.51239982173934,Period II,2007-01-01
2011-04-27,Historical Simulation,0.025,0.6507491060485546,2.987440109649583,-3.615364972009578,-5.51239982173934,Period II,2007-01-01
2011-04-28,Historical Simulation,0.025,0.32379338274032937,2.9877985140755055,-3.615364972009578,-5.51239982173934,Period II,2007-01-01
2011-04-29,Historical Simulation,0.025,0.2348222061735955,2.986826135308319,-3.615364972009578,-5.51239982173934,Period II,2007-01-01
2011-05-02,Historical Simulation,0.025,-0.15403741155360814,2.9861425082382325,-3.615364972009578,-5.51239982173934,Period II,2007-01-01
2011-05-03,Historical Simulation,0.025,-0.3603647942207419,2.9861195594413315,-3.615364972009578,-5.51239982173934,Period II,2007-01-01
2011-05-04,Historical Simulation,0.025,-0.6652847605774445,2.9862409573041324,-3.615364972009578,-5.51239982173934,Period II,2007-01-01
2011-05-05,Historical Simulation,0.025,-0.90896260574921,2.986188975439828,-3.615364972009578,-5.51239982173934,Period II,2007-01-01
2011-05-06,Historical Simulation,0.025,0.4406088628249448,2.9869595478346573,-3.615364972009578,-5.51239982173934,Period II,2007-01-01
2011-05-09,Historical Simulation,0.025,0.3867357757845281,2.986387731853673,-3.615364972009578,-5.51239982173934,Period II,2007-01-01
2011-05-10,Historical Simulation,0.025,0.84999507437913,2.986545809597973,-3.615364972009578,-5.51239982173934,Period II,2007-01-01
2011-05-11,Historical Simulation,0.025,-1.0580489282121406,2.9872850589272986,-3.615364972009578,-5.51239982173934,Period II,2007-01-01
2011-05-12,Historical Simulation,0.025,0.47491880559770866,2.9883796770390627,-3.615364972009578,-5.51239982173934,Period II,2007-01-01
2011-05-13,Historical Simulation,0.025,-0.7728996292128418,2.9878105199633382,-3.615364972009578,-5.51239982173934,Period II,2007-01-01
2011-05-16,Historical Simulation,0.025,-0.6361514237382823,2.988207072938988,-3.615364972009578,-5.51239982173934,Period II,2007-01-01
2011-05-17,Historical Simulation,0.025,-0.015020477889104714,2.9884553292735,-3.615364972009578,-5.51239982173934,Period II,2007-01-01
2011-05-18,Historical Simulation,0.025,0.8896275522450333,2.9877740590030655,-3.615364972009578,-5.51239982173934,Period II,2007-01-01
2011-05-19,Historical Simulation,0.025,0.2378770623743367,2.9885826556835244,-3.615364972009578,-5.51239982173934,Period II,2007-01-01
2011-05-20,Historical Simulation,0.025,-0.7976426741533248,2.9883877084066452,-3.615364972009578,-5.51239982173934,Period II,2007-01-01
2011-05-23,Historical Simulation,0.025,-1.1668766889634001,2.9890019135712786,-3.615364972009578,-5.51239982173934,Period II,2007-01-01
2011-05-24,Historical Simulation,0.025,-0.08333064581316543,2.9901848076662425,-3.615364972009578,-5.51239982173934,Period II,2007-01-01
2011-05-25,Historical Simulation,0.025,0.33290675181164125,2.989051463855627,-3.615364972009578,-5.51239982173934,Period II,2007-01-01
2011-05-26,Historical Simulation,0.025,0.4597020882442528,2.9858989240674716,-3.615364972009578,-5.51239982173934,Period II,2007-01-01
2011-05-27,Historical Simulation,0.025,0.3827212036034536,2.984417094995246,-3.615364972009578,-5.51239982173934,Period II,2007-01-01
2011-05-31,Historical Simulation,0.025,1.0357377711179272,2.9845394256278155,-3.615364972009578,-5.51239982173934,Period II,2007-01-01
2011-06-01,Historical Simulation,0.025,-2.271716617683093,2.984458485130394,-3.615364972009578,-5.51239982173934,Period II,2007-01-01
2011-06-02,Historical Simulation,0.025,-0.10622109838710118,2.9873225317496677,-3.615364972009578,-5.51239982173934,Period II,2007-01-01
2011-06-03,Historical Simulation,0.025,-0.9994342882886753,2.986906601944429,-3.615364972009578,-5.51239982173934,Period II,2007-01-01
2011-06-06,Historical Simulation,0.025,-1.063761613777586,2.987852454117915,-3.615364972009578,-5.51239982173934,Period II,2007-01-01
2011-06-07,Historical Simulation,0.025,-0.062005096766113064,2.988940089132956,-3.615364972009578,-5.51239982173934,Period II,2007-01-01
2011-06-08,Historical Simulation,0.025,-0.4196202712369402,2.9888716229128987,-3.615364972009578,-5.51239982173934,Period II,2007-01-01
2011-06-09,Historical Simulation,0.025,0.7602206791408592,2.9871203632704457,-3.615364972009578,-5.51239982173934,Period II,2007-01-01
2011-06-10,Historical Simulation,0.025,-1.400797594659042,2.9873980686709842,-3.615364972009578,-5.51239982173934,Period II,2007-01-01
2011-06-13,Historical Simulation,0.025,0.07833801882340768,2.9884527882100898,-3.615364972009578,-5.51239982173934,Period II,2007-01-01
2011-06-14,Historical Simulation,0.025,1.2606270353002091,2.9882470383850928,-3.615364972009578,-5.51239982173934,Period II,2007-01-01
2011-06-15,Historical Simulation,0.025,-1.7945481547184419,2.988837454026627,-3.615364972009578,-5.51239982173934,Period II,2007-01-01
2011-06-16,Historical Simulation,0.025,0.22020015898782608,2.9899647176071524,-3.615364972009578,-5.51239982173934,Period II,2007-01-01
2011-06-17,Historical Simulation,0.025,-0.19657957500154952,2.9900209206001285,-3.615364972009578,-5.51239982173934,Period II,2007-01-01
2011-06-20,Historical Simulation,0.025,0.5103005354319755,2.990050778269436,-3.615364972009578,-5.51239982173934,Period II,2007-01-01
2011-06-21,Historical Simulation,0.025,1.3610943482121969,2.9894872800592895,-3.615364972009578,-5.51239982173934,Period II,2007-01-01
2011-06-22,Historical Simulation,0.025,-0.6043709656474322,2.991244338844429,-3.615364972009578,-5.51239982173934,Period II,2007-01-01
2011-06-23,Historical Simulation,0.025,-0.28796775585726825,2.991582390105781,-3.615364972009578,-5.51239982173934,Period II,2007-01-01
2011-06-24,Historical Simulation,0.025,-1.1681411413365772,2.9913622634481642,-3.615364972009578,-5.51239982173934,Period II,2007-01-01
2011-06-27,Historical Simulation,0.025,0.8871539110088738,2.9926765653570206,-3.615364972009578,-5.51239982173934,Period II,2007-01-01
2011-06-28,Historical Simulation,0.025,1.2968523040000555,2.9914877227744023,-3.615364972009578,-5.51239982173934,Period II,2007-01-01
2011-06-29,Historical Simulation,0.025,0.8527694305573862,2.992690781836917,-3.615364972009578,-5.51239982173934,Period II,2007-01-01
2011-06-30,Historical Simulation,0.025,0.9516992828594328,2.990938411459756,-3.615364972009578,-5.51239982173934,Period II,2007-01-01
2011-07-01,Historical Simulation,0.025,1.4667959789823863,2.9917778179992216,-3.615364972009578,-5.51239982173934,Period II,2007-01-01
2011-07-05,Historical Simulation,0.025,-0.08217279968376062,2.9939764666864512,-3.615364972009578,-5.51239982173934,Period II,2007-01-01
2011-07-06,Historical Simulation,0.025,0.11950383290817403,2.9939796653861626,-3.615364972009578,-5.51239982173934,Period II,2007-01-01
2011-07-07,Historical Simulation,0.025,1.0321996966352438,2.993969790034037,-3.615364972009578,-5.51239982173934,Period II,2007-01-01
2011-07-08,Historical Simulation,0.025,-0.711751769102607,2.994903805785624,-3.615364972009578,-5.51239982173934,Period II,2007-01-01
2011-07-11,Historical Simulation,0.025,-1.8245749397394189,2.9943825654402874,-3.615364972009578,-5.51239982173934,Period II,2007-01-01
2011-07-12,Historical Simulation,0.025,-0.4328573677972774,2.9975601978821627,-3.615364972009578,-5.51239982173934,Period II,2007-01-01
2011-07-13,Historical Simulation,0.025,0.3342978783620863,2.9947234874242237,-3.615364972009578,-5.51239982173934,Period II,2007-01-01
2011-07-14,Historical Simulation,0.025,-0.6926265084537383,2.9947970611965684,-3.615364972009578,-5.51239982173934,Period II,2007-01-01
2011-07-15,Historical Simulation,0.025,0.5787920961467228,2.9895735398924117,-3.615364972009578,-5.51239982173934,Period II,2007-01-01
2011-07-18,Historical Simulation,0.025,-0.8234905998654835,2.986018981757442,-3.615364972009578,-5.51239982173934,Period II,2007-01-01
2011-07-19,Historical Simulation,0.025,1.6101169186483368,2.98423418222049,-3.615364972009578,-5.51239982173934,Period II,2007-01-01
2011-07-20,Historical Simulation,0.025,-0.060292287742959555,2.985603685601677,-3.615364972009578,-5.51239982173934,Period II,2007-01-01
2011-07-21,Historical Simulation,0.025,1.377585310829419,2.9853603350912006,-3.615364972009578,-5.51239982173934,Period II,2007-01-01
2011-07-22,Historical Simulation,0.025,0.06689436860065935,2.986637135719088,-3.615364972009578,-5.51239982173934,Period II,2007-01-01
2011-07-25,Historical Simulation,0.025,-0.5588479875640823,2.9798744965170654,-3.615364972009578,-5.51239982173934,Period II,2007-01-01
2011-07-26,Historical Simulation,0.025,-0.3743079629607383,2.97738753667441,-3.615364972009578,-5.51239982173934,Period II,2007-01-01
2011-07-27,Historical Simulation,0.025,-2.0688008283868005,2.976372796428626,-3.615364972009578,-5.51239982173934,Period II,2007-01-01
2011-07-28,Historical Simulation,0.025,-0.2913926393876417,2.9786554283863005,-3.615364972009578,-5.51239982173934,Period II,2007-01-01
2011-07-29,Historical Simulation,0.025,-0.685804559771897,2.9697496925176967,-3.615364972009578,-5.51239982173934,Period II,2007-01-01
2011-08-01,Historical Simulation,0.025,-0.42617789541002615,2.9699956636237332,-3.615364972009578,-5.51239982173934,Period II,2007-01-01
2011-08-02,Historical Simulation,0.025,-2.587945553195333,2.970030414884065,-3.615364972009578,-5.51239982173934,Period II,2007-01-01
2011-08-03,Historical Simulation,0.025,0.5404132327946674,2.9743330205099925,-3.615364972009578,-5.51239982173934,Period II,2007-01-01
2011-08-04,Historical Simulation,0.025,-4.797410605219454,2.9727460910966923,-3.615364972009578,-5.51239982173934,Period II,2007-01-01
2011-08-05,Historical Simulation,0.025,-0.14978808010258596,2.995068579021799,-3.644742773193215,-5.558557937656376,Period II,2007-01-01
2011-08-08,Historical Simulation,0.025,-6.734057403046549,2.991705370149755,-3.644742773193215,-5.558557937656376,Period II,2007-01-01
2011-08-09,Historical Simulation,0.025,4.5450506361566,3.036801481872029,-3.6987159701174694,-5.680125820047085,Period II,2007-01-01
2011-08-10,Historical Simulation,0.025,-4.518331616724278,3.0576410313702533,-3.6987159701174694,-5.680125820047085,Period II,2007-01-01
2011-08-11,Historical Simulation,0.025,4.390567430386802,3.0764114390173662,-3.8571216005089934,-5.706895668043039,Period II,2007-01-01
2011-08-12,Historical Simulation,0.025,0.6710587086638596,3.095919261080632,-3.8571216005089934,-5.706895668043039,Period II,2007-01-01
2011-08-15,Historical Simulation,0.025,2.0944050665182243,3.0948360648627666,-3.8571216005089934,-5.706895668043039,Period II,2007-01-01
2011-08-16,Historical Simulation,0.025,-0.8575935434864694,3.098481342327692,-3.8571216005089934,-5.706895668043039,Period II,2007-01-01
2011-08-17,Historical Simulation,0.025,0.06687439260467234,3.0943250059302243,-3.8571216005089934,-5.706895668043039,Period II,2007-01-01
2011-08-18,Historical Simulation,0.025,-4.407576520390514,3.0904773415474316,-3.8571216005089934,-5.706895668043039,Period II,2007-01-01
2011-08-19,Historical Simulation,0.025,-1.646528708952503,3.1096673311342453,-4.173317687117842,-5.716377418291955,Period II,2007-01-01
2011-08-22,Historical Simulation,0.025,0.07987218438405376,3.1112836023124077,-4.173317687117842,-5.716377418291955,Period II,2007-01-01
2011-08-23,Historical Simulation,0.025,3.2380531009528957,3.110229087467619,-4.173317687117842,-5.716377418291955,Period II,2007-01-01
2011-08-24,Historical Simulation,0.025,1.3986236514564057,3.120181440090202,-4.173317687117842,-5.716377418291955,Period II,2007-01-01
2011-08-25,Historical Simulation,0.025,-1.5361311166349485,3.1221411070898437,-4.173317687117842,-5.716377418291955,Period II,2007-01-01
2011-08-26,Historical Simulation,0.025,1.44293000086114,3.122533825172294,-4.173317687117842,-5.716377418291955,Period II,2007-01-01
2011-08-29,Historical Simulation,0.025,2.833097486821802,3.1246530751294648,-4.173317687117842,-5.716377418291955,Period II,2007-01-01
2011-08-30,Historical Simulation,0.025,0.2633310389515277,3.1314103223322722,-4.173317687117842,-5.716377418291955,Period II,2007-01-01
2011-08-31,Historical Simulation,0.025,0.44280589954652844,3.1314136973803746,-4.173317687117842,-5.716377418291955,Period II,2007-01-01
2011-09-01,Historical Simulation,0.025,-1.0528134422534179,3.1311081301325143,-4.173317687117842,-5.716377418291955,Period II,2007-01-01
2011-09-02,Historical Simulation,0.025,-2.588195859748386,3.1321751491368843,-4.173317687117842,-5.716377418291955,Period II,2007-01-01
2011-09-06,Historical Simulation,0.025,-0.7324173634934822,3.138500569226272,-4.173317687117842,-5.716377418291955,Period II,2007-01-01
2011-09-07,Historical Simulation,0.025,2.7817058817413183,3.130431240148447,-4.173317687117842,-5.716377418291955,Period II,2007-01-01
2011-09-08,Historical Simulation,0.025,-1.0445922841278863,3.1379415568554507,-4.173317687117842,-5.716377418291955,Period II,2007-01-01
2011-09-09,Historical Simulation,0.025,-2.65592965591247,3.1385173285261554,-4.173317687117842,-5.716377418291955,Period II,2007-01-01
2011-09-12,Historical Simulation,0.025,0.6449138924880436,3.14540987076261,-4.173317687117842,-5.716377418291955,Period II,2007-01-01
2011-09-13,Historical Simulation,0.025,0.9129364315030244,3.145836427854279,-4.173317687117842,-5.716377418291955,Period II,2007-01-01
2011-09-14,Historical Simulation,0.025,1.374915065943775,3.14668862715012,-4.173317687117842,-5.716377418291955,Period II,2007-01-01
2011-09-15,Historical Simulation,0.025,1.7110031462982918,3.148344804658186,-4.173317687117842,-5.716377418291955,Period II,2007-01-01
2011-09-16,Historical Simulation,0.025,0.07408630840709542,3.1509805396836232,-4.173317687117842,-5.716377418291955,Period II,2007-01-01
2011-09-19,Historical Simulation,0.025,-1.0007105910177692,3.1508933213758628,-4.173317687117842,-5.716377418291955,Period II,2007-01-01
2011-09-20,Historical Simulation,0.025,-0.11643330667982066,3.150536723718184,-4.173317687117842,-5.716377418291955,Period II,2007-01-01
2011-09-21,Historical Simulation,0.025,-2.990088453258005,3.150532710274758,-4.173317687117842,-5.716377418291955,Period II,2007-01-01
2011-09-22,Historical Simulation,0.025,-3.2858389204389793,3.159295099063351,-4.173317687117842,-5.716377418291955,Period II,2007-01-01
2011-09-23,Historical Simulation,0.025,0.6007087857023056,3.1698759090566937,-4.173317687117842,-5.716377418291955,Period II,2007-01-01
2011-09-26,Historical Simulation,0.025,2.3501795078211662,3.1688041272771272,-4.173317687117842,-5.716377418291955,Period II,2007-01-01
2011-09-27,Historical Simulation,0.025,1.1121708089304598,3.1742221332766176,-4.173317687117842,-5.716377418291955,Period II,2007-01-01
2011-09-28,Historical Simulation,0.025,-2.0629935026862865,3.1745907376466214,-4.173317687117842,-5.716377418291955,Period II,2007-01-01
2011-09-29,Historical Simulation,0.025,0.7872385070655765,3.1787110020877023,-4.173317687117842,-5.716377418291955,Period II,2007-01-01
2011-09-30,Historical Simulation,0.025,-2.530677345236948,3.1791754092122764,-4.173317687117842,-5.716377418291955,Period II,2007-01-01
2011-10-03,Historical Simulation,0.025,-2.887058319813414,3.1850915753932183,-4.173317687117842,-5.716377418291955,Period II,2007-01-01
2011-10-04,Historical Simulation,0.025,2.1686152138976267,3.1925791492359745,-4.173317687117842,-5.716377418291955,Period II,2007-01-01
2011-10-05,Historical Simulation,0.025,1.8345918331616917,3.1968466504802167,-4.173317687117842,-5.716377418291955,Period II,2007-01-01
2011-10-06,Historical Simulation,0.025,1.7929541235911752,3.2002163276613076,-4.173317687117842,-5.716377418291955,Period II,2007-01-01
2011-10-07,Historical Simulation,0.025,-0.6718361097380832,3.2034261270476376,-4.173317687117842,-5.716377418291955,Period II,2007-01-01
2011-10-10,Historical Simulation,0.025,3.2898565789152205,3.1969517556483336,-4.173317687117842,-5.716377418291955,Period II,2007-01-01
2011-10-11,Historical Simulation,0.025,0.10029683037337549,3.207581763782299,-4.173317687117842,-5.716377418291955,Period II,2007-01-01
2011-10-12,Historical Simulation,0.025,0.8733705463807772,3.2069066069584653,-4.173317687117842,-5.716377418291955,Period II,2007-01-01
2011-10-13,Historical Simulation,0.025,-0.19895377667991324,3.2076851557674235,-4.173317687117842,-5.716377418291955,Period II,2007-01-01
2011-10-14,Historical Simulation,0.025,1.6949538097382644,3.207648379179861,-4.173317687117842,-5.716377418291955,Period II,2007-01-01
2011-10-17,Historical Simulation,0.025,-1.9275689955516837,3.2091886645910006,-4.173317687117842,-5.716377418291955,Period II,2007-01-01
2011-10-18,Historical Simulation,0.025,1.9357290087466699,3.212690713357979,-4.173317687117842,-5.716377418291955,Period II,2007-01-01
2011-10-19,Historical Simulation,0.025,-1.1899566641168824,3.216079676669474,-4.173317687117842,-5.716377418291955,Period II,2007-01-01
2011-10-20,Historical Simulation,0.025,0.4365972639690508,3.216324212433667,-4.173317687117842,-5.716377418291955,Period II,2007-01-01
2011-10-21,Historical Simulation,0.025,1.8809311703080418,3.2110284724416784,-4.173317687117842,-5.716377418291955,Period II,2007-01-01
2011-10-24,Historical Simulation,0.025,1.2186446402285758,3.2146306782059826,-4.173317687117842,-5.716377418291955,Period II,2007-01-01
2011-10-25,Historical Simulation,0.025,-1.9635255461081464,3.215608628384497,-4.173317687117842,-5.716377418291955,Period II,2007-01-01
2011-10-26,Historical Simulation,0.025,1.0107221430194213,3.2175488987042073,-4.173317687117842,-5.716377418291955,Period II,2007-01-01
2011-10-27,Historical Simulation,0.025,3.4242080982544705,3.2110164712959515,-4.173317687117842,-5.716377418291955,Period II,2007-01-01
2011-10-28,Historical Simulation,0.025,-0.023324478600182927,3.222616161445751,-4.173317687117842,-5.716377418291955,Period II,2007-01-01
2011-10-31,Historical Simulation,0.025,-2.440110069292053,3.2207391723591403,-4.173317687117842,-5.716377418291955,Period II,2007-01-01
2011-11-01,Historical Simulation,0.025,-2.828471383858199,3.2256670246580406,-4.173317687117842,-5.716377418291955,Period II,2007-01-01
2011-11-02,Historical Simulation,0.025,1.6179855229439513,3.2244591874654556,-4.173317687117842,-5.716377418291955,Period II,2007-01-01
2011-11-03,Historical Simulation,0.025,1.8063168192773142,3.2270726448125346,-4.173317687117842,-5.716377418291955,Period II,2007-01-01
2011-11-04,Historical Simulation,0.025,-0.6117658080253967,3.2283290333194157,-4.173317687117842,-5.716377418291955,Period II,2007-01-01
2011-11-07,Historical Simulation,0.025,0.6196879783561348,3.2286512658951585,-4.173317687117842,-5.716377418291955,Period II,2007-01-01
2011-11-08,Historical Simulation,0.025,1.2749012855056312,3.2271241697707613,-4.173317687117842,-5.716377418291955,Period II,2007-01-01
2011-11-09,Historical Simulation,0.025,-3.7607949922965935,3.228395198436564,-4.173317687117842,-5.716377418291955,Period II,2007-01-01
2011-11-10,Historical Simulation,0.025,0.9374531373710209,3.2382286784795613,-4.173317687117842,-5.716377418291955,Period II,2007-01-01
2011-11-11,Historical Simulation,0.025,1.8647475836618268,3.2361436092207643,-4.173317687117842,-5.716377418291955,Period II,2007-01-01
2011-11-14,Historical Simulation,0.025,-0.951938462996258,3.234746250492491,-4.173317687117842,-5.716377418291955,Period II,2007-01-01
2011-11-15,Historical Simulation,0.025,0.4929665261295321,3.2342968317580665,-4.173317687117842,-5.716377418291955,Period II,2007-01-01
2011-11-16,Historical Simulation,0.025,-1.5990107007195373,3.2245430869597222,-4.173317687117842,-5.716377418291955,Period II,2007-01-01
2011-11-17,Historical Simulation,0.025,-1.6004250782027263,3.22704818031474,-4.173317687117842,-5.716377418291955,Period II,2007-01-01
2011-11-18,Historical Simulation,0.025,-0.10651584546348021,3.2285143152377427,-4.173317687117842,-5.716377418291955,Period II,2007-01-01
2011-11-21,Historical Simulation,0.025,-1.9202705822494954,3.228109315769223,-4.173317687117842,-5.716377418291955,Period II,2007-01-01
2011-11-22,Historical Simulation,0.025,-0.3935539588244083,3.230953345120919,-4.173317687117842,-5.716377418291955,Period II,2007-01-01
2011-11-23,Historical Simulation,0.025,-2.2312738036471798,3.2282626745609084,-4.173317687117842,-5.716377418291955,Period II,2007-01-01
2011-11-25,Historical Simulation,0.025,-0.18892339364911,3.231048725757031,-4.173317687117842,-5.716377418291955,Period II,2007-01-01
2011-11-28,Historical Simulation,0.025,2.8555236610433044,3.231075281788505,-4.173317687117842,-5.716377418291955,Period II,2007-01-01
2011-11-29,Historical Simulation,0.025,0.28362044725834423,3.2387445679569367,-4.173317687117842,-5.716377418291955,Period II,2007-01-01
2011-11-30,Historical Simulation,0.025,4.032536892293411,3.2312248564475756,-4.173317687117842,-5.716377418291955,Period II,2007-01-01
2011-12-01,Historical Simulation,0.025,-0.015999874525770223,3.246654855009892,-4.173317687117842,-5.716377418291955,Period II,2007-01-01
2011-12-02,Historical Simulation,0.025,-0.08806037437761391,3.246618710829804,-4.173317687117842,-5.716377418291955,Period II,2007-01-01
2011-12-05,Historical Simulation,0.025,1.0833311305441844,3.2450370453558564,-4.173317687117842,-5.716377418291955,Period II,2007-01-01
2011-12-06,Historical Simulation,0.025,0.03168640314494092,3.2442208301068356,-4.173317687117842,-5.716377418291955,Period II,2007-01-01
2011-12-07,Historical Simulation,0.025,0.3715575724058595,3.2438965938714364,-4.173317687117842,-5.716377418291955,Period II,2007-01-01
2011-12-08,Historical Simulation,0.025,-2.2180631722513984,3.2440453932830353,-4.173317687117842,-5.716377418291955,Period II,2007-01-01
2011-12-09,Historical Simulation,0.025,1.6800443984299855,3.2484861819908217,-4.173317687117842,-5.716377418291955,Period II,2007-01-01
2011-12-12,Historical Simulation,0.025,-1.4705003659321119,3.2505230403603793,-4.173317687117842,-5.716377418291955,Period II,2007-01-01
2011-12-13,Historical Simulation,0.025,-0.9382872547278114,3.252063346455232,-4.173317687117842,-5.716377418291955,Period II,2007-01-01
2011-12-14,Historical Simulation,0.025,-1.0703196119725815,3.2528550070714743,-4.173317687117842,-5.716377418291955,Period II,2007-01-01
2011-12-15,Historical Simulation,0.025,0.3607764201080332,3.252407284415929,-4.173317687117842,-5.716377418291955,Period II,2007-01-01
2011-12-16,Historical Simulation,0.025,-0.48406705295579816,3.2524978456913187,-4.173317687117842,-5.716377418291955,Period II,2007-01-01
2011-12-19,Historical Simulation,0.025,-1.0749197572835998,3.2521898087591534,-4.173317687117842,-5.716377418291955,Period II,2007-01-01
2011-12-20,Historical Simulation,0.025,2.981139092228546,3.2525651859348597,-4.173317687117842,-5.716377418291955,Period II,2007-01-01
2010-12-22,GARCH,0.025,0.31054640754708324,0.6344781787520809,-1.5897936848977112,-2.1422165233688237,Period II,2007-01-01
2010-12-23,GARCH,0.025,-0.14320975249110487,0.6344781787520809,-1.5897936848977112,-2.1422165233688237,Period II,2007-01-01
2010-12-27,GARCH,0.025,0.03980342481033424,0.6344781787520809,-1.5897936848977112,-2.1422165233688237,Period II,2007-01-01
2010-12-28,GARCH,0.025,0.14315280222058227,0.6344781787520809,-1.5897936848977112,-2.1422165233688237,Period II,2007-01-01
2010-12-29,GARCH,0.025,0.07149659719904494,0.6344781787520809,-1.5897936848977112,-2.1422165233688237,Period II,2007-01-01
2010-12-30,GARCH,0.025,-0.15895484886163214,0.6344781787520809,-1.5897936848977112,-2.1422165233688237,Period II,2007-01-01
2010-12-31,GARCH,0.025,0.0238587340784555,0.6344781787520809,-1.5897936848977112,-2.1422165233688237,Period II,2007-01-01
2011-01-03,GARCH,0.025,1.0284924806456492,0.6344781787520809,-1.5897936848977112,-2.1422165233688237,Period II,2007-01-01
2011-01-04,GARCH,0.025,-0.05511136072903331,0.6344781787520809,-1.5897936848977112,-2.1422165233688237,Period II,2007-01-01
2011-01-05,GARCH,0.025,0.5184176449207462,0.6344781787520809,-1.5897936848977112,-2.1422165233688237,Period II,2007-01-01
2011-01-06,GARCH,0.025,-0.19605542977314794,0.6344781787520809,-1.5897936848977112,-2.1422165233688237,Period II,2007-01-01
2011-01-07,GARCH,0.025,-0.19644056228539014,0.6344781787520809,-1.5897936848977112,-2.1422165233688237,Period II,2007-01-01
2011-01-10,GARCH,0.025,-0.12592165286221443,0.6344781787520809,-1.5897936848977112,-2.1422165233688237,Period II,2007-01-01
2011-01-11,GARCH,0.025,0.3537576440023422,0.6344781787520809,-1.5897936848977112,-2.1422165233688237,Period II,2007-01-01
2011-01-12,GARCH,0.025,0.8984096335089451,0.6344781787520809,-1.5897936848977112,-2.1422165233688237,Period II,2007-01-01
2011-01-13,GARCH,0.025,-0.1634611894315131,0.6344781787520809,-1.5897936848977112,-2.1422165233688237,Period II,2007-01-01
2011-01-14,GARCH,0.025,0.7218628320147511,0.6344781787520809,-1.5897936848977112,-2.1422165233688237,Period II,2007-01-01
2011-01-18,GARCH,0.025,0.17000329763009425,0.6344781787520809,-1.5897936848977112,-2.1422165233688237,Period II,2007-01-01
2011-01-19,GARCH,0.025,-0.9853858305382115,0.6344781787520809,-1.5897936848977112,-2.1422165233688237,Period II,2007-01-01
2011-01-20,GARCH,0.025,-0.13264010662401665,0.6344781787520809,-1.5897936848977112,-2.1422165233688237,Period II,2007-01-01
2011-01-21,GARCH,0.025,0.22615980751737275,0.4784836565375554,-1.3796589968594188,-1.8696411457764608,Period II,2007-01-01
2011-01-24,GARCH,0.025,0.5670664070208581,0.4784836565375554,-1.3796589968594188,-1.8696411457764608,Period II,2007-01-01
2011-01-25,GARCH,0.025,0.054200693836145,0.4784836565375554,-1.3796589968594188,-1.8696411457764608,Period II,2007-01-01
2011-01-26,GARCH,0.025,0.38633953715288855,0.4784836565375554,-1.3796589968594188,-1.8696411457764608,Period II,2007-01-01
2011-01-27,GARCH,0.025,0.24648192383741713,0.4784836565375554,-1.3796589968594188,-1.8696411457764608,Period II,2007-01-01
2011-01-28,GARCH,0.025,-1.7617189274053888,0.4784836565375554,-1.3796589968594188,-1.8696411457764608,Period II,2007-01-01
2011-01-31,GARCH,0.025,0.7488268048510469,0.4784836565375554,-1.3796589968594188,-1.8696411457764608,Period II,2007-01-01
2011-02-01,GARCH,0.025,1.5882014747780775,0.4784836565375554,-1.3796589968594188,-1.8696411457764608,Period II,2007-01-01
2011-02-02,GARCH,0.025,-0.19140226299316068,0.4784836565375554,-1.3796589968594188,-1.8696411457764608,Period II,2007-01-01
2011-02-03,GARCH,0.025,0.22198752285183318,0.4784836565375554,-1.3796589968594188,-1.8696411457764608,Period II,2007-01-01
2011-02-04,GARCH,0.025,0.2825146975337663,0.4784836565375554,-1.3796589968594188,-1.8696411457764608,Period II,2007-01-01
2011-02-07,GARCH,0.025,0.6232973504143775,0.4784836565375554,-1.3796589968594188,-1.8696411457764608,Period II,2007-01-01
2011-02-08,GARCH,0.025,0.45362297801004947,0.4784836565375554,-1.3796589968594188,-1.8696411457764608,Period II,2007-01-01
2011-02-09,GARCH,0.025,-0.2265542719678451,0.4784836565375554,-1.3796589968594188,-1.8696411457764608,Period II,2007-01-01
2011-02-10,GARCH,0.025,0.037796628868440124,0.4784836565375554,-1.3796589968594188,-1.8696411457764608,Period II,2007-01-01
2011-02-11,GARCH,0.025,0.595257201654703,0.4784836565375554,-1.3796589968594188,-1.8696411457764608,Period II,2007-01-01
2011-02-14,GARCH,0.025,0.24010822182387254,0.4784836565375554,-1.3796589968594188,-1.8696411457764608,Period II,2007-01-01
2011-02-15,GARCH,0.025,-0.3152668796160044,0.4784836565375554,-1.3796589968594188,-1.8696411457764608,Period II,2007-01-01
2011-02-16,GARCH,0.025,0.6295543499705147,0.4784836565375554,-1.3796589968594188,-1.8696411457764608,Period II,2007-01-01
2011-02-17,GARCH,0.025,0.2983917822945191,0.4784836565375554,-1.3796589968594188,-1.8696411457764608,Period II,2007-01-01
2011-02-18,GARCH,0.025,0.20834800346416876,0.47994018598127103,-1.3843999720916755,-1.8331849343772713,Period II,2007-01-01
2011-02-22,GARCH,0.025,-2.0273985764222773,0.47994018598127103,-1.3843999720916755,-1.8331849343772713,Period II,2007-01-01
2011-02-23,GARCH,0.025,-0.6163211746435968,0.47994018598127103,-1.3843999720916755,-1.8331849343772713,Period II,2007-01-01
2011-02-24,GARCH,0.025,-0.06872426132549282,0.47994018598127103,-1.3843999720916755,-1.8331849343772713,Period II,2007-01-01
2011-02-25,GARCH,0.025,1.0636043322289848,0.47994018598127103,-1.3843999720916755,-1.8331849343772713,Period II,2007-01-01
2011-02-28,GARCH,0.025,0.6177449798552023,0.47994018598127103,-1.3843999720916755,-1.8331849343772713,Period II,2007-01-01
2011-03-01,GARCH,0.025,-1.6813493120841887,0.47994018598127103,-1.3843999720916755,-1.8331849343772713,Period II,2007-01-01
2011-03-02,GARCH,0.025,0.21363709867891836,0.47994018598127103,-1.3843999720916755,-1.8331849343772713,Period II,2007-01-01
2011-03-03,GARCH,0.025,1.7077598345467793,0.47994018598127103,-1.3843999720916755,-1.8331849343772713,Period II,2007-01-01
2011-03-04,GARCH,0.025,-0.7520528720848659,0.47994018598127103,-1.3843999720916755,-1.8331849343772713,Period II,2007-01-01
2011-03-07,GARCH,0.025,-0.7881879144340674,0.47994018598127103,-1.3843999720916755,-1.8331849343772713,Period II,2007-01-01
2011-03-08,GARCH,0.025,0.8711915857417784,0.47994018598127103,-1.3843999720916755,-1.8331849343772713,Period II,2007-01-01
2011-03-09,GARCH,0.025,-0.1434143284876095,0.47994018598127103,-1.3843999720916755,-1.8331849343772713,Period II,2007-01-01
2011-03-10,GARCH,0.025,-1.8679283098206725,0.47994018598127103,-1.3843999720916755,-1.8331849343772713,Period II,2007-01-01
2011-03-11,GARCH,0.025,0.6902350439859637,0.47994018598127103,-1.3843999720916755,-1.8331849343772713,Period II,2007-01-01
2011-03-14,GARCH,0.025,-0.6056159320269047,0.47994018598127103,-1.3843999720916755,-1.8331849343772713,Period II,2007-01-01
2011-03-15,GARCH,0.025,-1.152331292184129,0.47994018598127103,-1.3843999720916755,-1.8331849343772713,Period II,2007-01-01
2011-03-16,GARCH,0.025,-1.8686241077615322,0.47994018598127103,-1.3843999720916755,-1.8331849343772713,Period II,2007-01-01
2011-03-17,GARCH,0.025,1.3148228441042051,0.47994018598127103,-1.3843999720916755,-1.8331849343772713,Period II,2007-01-01
2011-03-18,GARCH,0.025,-0.0704169174871776,0.47994018598127103,-1.3843999720916755,-1.8331849343772713,Period II,2007-01-01
2011-03-21,GARCH,0.025,1.5378969497287496,1.3360678539432917,-2.310105058027645,-3.04493810335543,Period II,2007-01-01
2011-03-22,GARCH,0.025,-0.3474598786978691,1.3360678539432917,-2.310105058027645,-3.04493810335543,Period II,2007-01-01
2011-03-23,GARCH,0.025,0.2857776653072565,1.3360678539432917,-2.310105058027645,-3.04493810335543,Period II,2007-01-01
2011-03-24,GARCH,0.025,0.951795829774732,1.3360678539432917,-2.310105058027645,-3.04493810335543,Period II,2007-01-01
2011-03-25,GARCH,0.025,0.3051178262846453,1.3360678539432917,-2.310105058027645,-3.04493810335543,Period II,2007-01-01
2011-03-28,GARCH,0.025,-0.24401973806626945,1.3360678539432917,-2.310105058027645,-3.04493810335543,Period II,2007-01-01
2011-03-29,GARCH,0.025,0.6696151143217117,1.3360678539432917,-2.310105058027645,-3.04493810335543,Period II,2007-01-01
2011-03-30,GARCH,0.025,0.6877581773286895,1.3360678539432917,-2.310105058027645,-3.04493810335543,Period II,2007-01-01
2011-03-31,GARCH,0.025,-0.13567075803988482,1.3360678539432917,-2.310105058027645,-3.04493810335543,Period II,2007-01-01
2011-04-01,GARCH,0.025,0.42146339137174116,1.3360678539432917,-2.310105058027645,-3.04493810335543,Period II,2007-01-01
2011-04-04,GARCH,0.025,0.08257994924441352,1.3360678539432917,-2.310105058027645,-3.04493810335543,Period II,2007-01-01
2011-04-05,GARCH,0.025,-0.01500113599201931,1.3360678539432917,-2.310105058027645,-3.04493810335543,Period II,2007-01-01
2011-04-06,GARCH,0.025,0.3147234928549288,1.3360678539432917,-2.310105058027645,-3.04493810335543,Period II,2007-01-01
2011-04-07,GARCH,0.025,-0.25469811049454494,1.3360678539432917,-2.310105058027645,-3.04493810335543,Period II,2007-01-01
2011-04-08,GARCH,0.025,-0.34563615456314933,1.3360678539432917,-2.310105058027645,-3.04493810335543,Period II,2007-01-01
2011-04-11,GARCH,0.025,-0.30151830882110936,1.3360678539432917,-2.310105058027645,-3.04493810335543,Period II,2007-01-01
2011-04-12,GARCH,0.025,-0.7502065749284654,1.3360678539432917,-2.310105058027645,-3.04493810335543,Period II,2007-01-01
2011-04-13,GARCH,0.025,-0.007602408655647419,1.3360678539432917,-2.310105058027645,-3.04493810335543,Period II,2007-01-01
2011-04-14,GARCH,0.025,0.07603288565081602,1.3360678539432917,-2.310105058027645,-3.04493810335543,Period II,2007-01-01
2011-04-15,GARCH,0.025,0.36418533742727915,1.3360678539432917,-2.310105058027645,-3.04493810335543,Period II,2007-01-01
2011-04-18,GARCH,0.025,-1.1271983621468706,0.4824748778442274,-1.387998353105034,-1.8398590395228078,Period II,2007-01-01
2011-04-19,GARCH,0.025,0.5728048761922306,0.4824748778442274,-1.387998353105034,-1.8398590395228078,Period II,2007-01-01
2011-04-20,GARCH,0.025,1.3539849979458638,0.4824748778442274,-1.387998353105034,-1.8398590395228078,Period II,2007-01-01
2011-04-21,GARCH,0.025,0.5095879307875055,0.4824748778442274,-1.387998353105034,-1.8398590395228078,Period II,2007-01-01
2011-04-25,GARCH,0.025,-0.10470376441327701,0.4824748778442274,-1.387998353105034,-1.8398590395228078,Period II,2007-01-01
2011-04-26,GARCH,0.025,0.8568349018922111,0.4824748778442274,-1.387998353105034,-1.8398590395228078,Period II,2007-01-01
2011-04-27,GARCH,0.025,0.6507491060485546,0.4824748778442274,-1.387998353105034,-1.8398590395228078,Period II,2007-01-01
2011-04-28,GARCH,0.025,0.32379338274032937,0.4824748778442274,-1.387998353105034,-1.8398590395228078,Period II,2007-01-01
2011-04-29,GARCH,0.025,0.2348222061735955,0.4824748778442274,-1.387998353105034,-1.8398590395228078,Period II,2007-01-01
2011-05-02,GARCH,0.025,-0.15403741155360814,0.4824748778442274,-1.387998353105034,-1.8398590395228078,Period II,2007-01-01
2011-05-03,GARCH,0.025,-0.3603647942207419,0.4824748778442274,-1.387998353105034,-1.8398590395228078,Period II,2007-01-01
2011-05-04,GARCH,0.025,-0.6652847605774445,0.4824748778442274,-1.387998353105034,-1.8398590395228078,Period II,2007-01-01
2011-05-05,GARCH,0.025,-0.90896260574921,0.4824748778442274,-1.387998353105034,-1.8398590395228078,Period II,2007-01-01
2011-05-06,GARCH,0.025,0.4406088628249448,0.4824748778442274,-1.387998353105034,-1.8398590395228078,Period II,2007-01-01
2011-05-09,GARCH,0.025,0.3867357757845281,0.4824748778442274,-1.387998353105034,-1.8398590395228078,Period II,2007-01-01
2011-05-10,GARCH,0.025,0.84999507437913,0.4824748778442274,-1.387998353105034,-1.8398590395228078,Period II,2007-01-01
2011-05-11,GARCH,0.025,-1.0580489282121406,0.4824748778442274,-1.387998353105034,-1.8398590395228078,Period II,2007-01-01
2011-05-12,GARCH,0.025,0.47491880559770866,0.4824748778442274,-1.387998353105034,-1.8398590395228078,Period II,2007-01-01
2011-05-13,GARCH,0.025,-0.7728996292128418,0.4824748778442274,-1.387998353105034,-1.8398590395228078,Period II,2007-01-01
2011-05-16,GARCH,0.025,-0.6361514237382823,0.4824748778442274,-1.387998353105034,-1.8398590395228078,Period II,2007-01-01
2011-05-17,GARCH,0.025,-0.015020477889104714,0.6492568773194191,-1.6103977035081563,-2.119747376161461,Period II,2007-01-01
2011-05-18,GARCH,0.025,0.8896275522450333,0.6492568773194191,-1.6103977035081563,-2.119747376161461,Period II,2007-01-01
2011-05-19,GARCH,0.025,0.2378770623743367,0.6492568773194191,-1.6103977035081563,-2.119747376161461,Period II,2007-01-01
2011-05-20,GARCH,0.025,-0.7976426741533248,0.6492568773194191,-1.6103977035081563,-2.119747376161461,Period II,2007-01-01
2011-05-23,GARCH,0.025,-1.1668766889634001,0.6492568773194191,-1.6103977035081563,-2.119747376161461,Period II,2007-01-01
2011-05-24,GARCH,0.025,-0.08333064581316543,0.6492568773194191,-1.6103977035081563,-2.119747376161461,Period II,2007-01-01
2011-05-25,GARCH,0.025,0.33290675181164125,0.6492568773194191,-1.6103977035081563,-2.119747376161461,Period II,2007-01-01
2011-05-26,GARCH,0.025,0.4597020882442528,0.6492568773194191,-1.6103977035081563,-2.119747376161461,Period II,2007-01-01
2011-05-27,GARCH,0.025,0.3827212036034536,0.6492568773194191,-1.6103977035081563,-2.119747376161461,Period II,2007-01-01
2011-05-31,GARCH,0.025,1.0357377711179272,0.6492568773194191,-1.6103977035081563,-2.119747376161461,Period II,2007-01-01
2011-06-01,GARCH,0.025,-2.271716617683093,0.6492568773194191,-1.6103977035081563,-2.119747376161461,Period II,2007-01-01
2011-06-02,GARCH,0.025,-0.10622109838710118,0.6492568773194191,-1.6103977035081563,-2.119747376161461,Period II,2007-01-01
2011-06-03,GARCH,0.025,-0.9994342882886753,0.6492568773194191,-1.6103977035081563,-2.119747376161461,Period II,2007-01-01
2011-06-06,GARCH,0.025,-1.063761613777586,0.6492568773194191,-1.6103977035081563,-2.119747376161461,Period II,2007-01-01
2011-06-07,GARCH,0.025,-0.062005096766113064,0.6492568773194191,-1.6103977035081563,-2.119747376161461,Period II,2007-01-01
2011-06-08,GARCH,0.025,-0.4196202712369402,0.6492568773194191,-1.6103977035081563,-2.119747376161461,Period II,2007-01-01
2011-06-09,GARCH,0.025,0.7602206791408592,0.6492568773194191,-1.6103977035081563,-2.119747376161461,Period II,2007-01-01
2011-06-10,GARCH,0.025,-1.400797594659042,0.6492568773194191,-1.6103977035081563,-2.119747376161461,Period II,2007-01-01
2011-06-13,GARCH,0.025,0.07833801882340768,0.6492568773194191,-1.6103977035081563,-2.119747376161461,Period II,2007-01-01
2011-06-14,GARCH,0.025,1.2606270353002091,0.6492568773194191,-1.6103977035081563,-2.119747376161461,Period II,2007-01-01
2011-06-15,GARCH,0.025,-1.7945481547184419,1.036213587038332,-2.0343872922600474,-2.684503355315577,Period II,2007-01-01
2011-06-16,GARCH,0.025,0.22020015898782608,1.036213587038332,-2.0343872922600474,-2.684503355315577,Period II,2007-01-01
2011-06-17,GARCH,0.025,-0.19657957500154952,1.036213587038332,-2.0343872922600474,-2.684503355315577,Period II,2007-01-01
2011-06-20,GARCH,0.025,0.5103005354319755,1.036213587038332,-2.0343872922600474,-2.684503355315577,Period II,2007-01-01
2011-06-21,GARCH,0.025,1.3610943482121969,1.036213587038332,-2.0343872922600474,-2.684503355315577,Period II,2007-01-01
2011-06-22,GARCH,0.025,-0.6043709656474322,1.036213587038332,-2.0343872922600474,-2.684503355315577,Period II,2007-01-01
2011-06-23,GARCH,0.025,-0.28796775585726825,1.036213587038332,-2.0343872922600474,-2.684503355315577,Period II,2007-01-01
2011-06-24,GARCH,0.025,-1.1681411413365772,1.036213587038332,-2.0343872922600474,-2.684503355315577,Period II,2007-01-01
2011-06-27,GARCH,0.025,0.8871539110088738,1.036213587038332,-2.0343872922600474,-2.684503355315577,Period II,2007-01-01
2011-06-28,GARCH,0.025,1.2968523040000555,1.036213587038332,-2.0343872922600474,-2.684503355315577,Period II,2007-01-01
2011-06-29,GARCH,0.025,0.8527694305573862,1.036213587038332,-2.0343872922600474,-2.684503355315577,Period II,2007-01-01
2011-06-30,GARCH,0.025,0.9516992828594328,1.036213587038332,-2.0343872922600474,-2.684503355315577,Period II,2007-01-01
2011-07-01,GARCH,0.025,1.4667959789823863,1.036213587038332,-2.0343872922600474,-2.684503355315577,Period II,2007-01-01
2011-07-05,GARCH,0.025,-0.08217279968376062,1.036213587038332,-2.0343872922600474,-2.684503355315577,Period II,2007-01-01
2011-07-06,GARCH,0.025,0.11950383290817403,1.036213587038332,-2.0343872922600474,-2.684503355315577,Period II,2007-01-01
2011-07-07,GARCH,0.025,1.0321996966352438,1.036213587038332,-2.0343872922600474,-2.684503355315577,Period II,2007-01-01
2011-07-08,GARCH,0.025,-0.711751769102607,1.036213587038332,-2.0343872922600474,-2.684503355315577,Period II,2007-01-01
2011-07-11,GARCH,0.025,-1.8245749397394189,1.036213587038332,-2.0343872922600474,-2.684503355315577,Period II,2007-01-01
2011-07-12,GARCH,0.025,-0.4328573677972774,1.036213587038332,-2.0343872922600474,-2.684503355315577,Period II,2007-01-01
2011-07-13,GARCH,0.025,0.3342978783620863,1.036213587038332,-2.0343872922600474,-2.684503355315577,Period II,2007-01-01
2011-07-14,GARCH,0.025,-0.6926265084537383,1.059151924464791,-2.0568116172960536,-2.6903029315719196,Period II,2007-01-01
2011-07-15,GARCH,0.025,0.5787920961467228,1.059151924464791,-2.0568116172960536,-2.6903029315719196,Period II,2007-01-01
2011-07-18,GARCH,0.025,-0.8234905998654835,1.059151924464791,-2.0568116172960536,-2.6903029315719196,Period II,2007-01-01
2011-07-19,GARCH,0.025,1.6101169186483368,1.059151924464791,-2.0568116172960536,-2.6903029315719196,Period II,2007-01-01
2011-07-20,GARCH,0.025,-0.060292287742959555,1.059151924464791,-2.0568116172960536,-2.6903029315719196,Period II,2007-01-01
2011-07-21,GARCH,0.025,1.377585310829419,1.059151924464791,-2.0568116172960536,-2.6903029315719196,Period II,2007-01-01
2011-07-22,GARCH,0.025,0.06689436860065935,1.059151924464791,-2.0568116172960536,-2.6903029315719196,Period II,2007-01-01
2011-07-25,GARCH,0.025,-0.5588479875640823,1.059151924464791,-2.0568116172960536,-2.6903029315719196,Period II,2007-01-01
2011-07-26,GARCH,0.025,-0.3743079629607383,1.059151924464791,-2.0568116172960536,-2.6903029315719196,Period II,2007-01-01
2011-07-27,GARCH,0.025,-2.0688008283868005,1.059151924464791,-2.0568116172960536,-2.6903029315719196,Period II,2007-01-01
2011-07-28,GARCH,0.025,-0.2913926393876417,1.059151924464791,-2.0568116172960536,-2.6903029315719196,Period II,2007-01-01
2011-07-29,GARCH,0.025,-0.685804559771897,1.059151924464791,-2.0568116172960536,-2.6903029315719196,Period II,2007-01-01
2011-08-01,GARCH,0.025,-0.42617789541002615,1.059151924464791,-2.0568116172960536,-2.6903029315719196,Period II,2007-01-01
2011-08-02,GARCH,0.025,-2.587945553195333,1.059151924464791,-2.0568116172960536,-2.6903029315719196,Period II,2007-01-01
2011-08-03,GARCH,0.025,0.5404132327946674,1.059151924464791,-2.0568116172960536,-2.6903029315719196,Period II,2007-01-01
2011-08-04,GARCH,0.025,-4.797410605219454,1.059151924464791,-2.0568116172960536,-2.6903029315719196,Period II,2007-01-01
2011-08-05,GARCH,0.025,-0.14978808010258596,1.059151924464791,-2.0568116172960536,-2.6903029315719196,Period II,2007-01-01
2011-08-08,GARCH,0.025,-6.734057403046549,1.059151924464791,-2.0568116172960536,-2.6903029315719196,Period II,2007-01-01
2011-08-09,GARCH,0.025,4.5450506361566,1.059151924464791,-2.0568116172960536,-2.6903029315719196,Period II,2007-01-01
2011-08-10,GARCH,0.025,-4.518331616724278,1.059151924464791,-2.0568116172960536,-2.6903029315719196,Period II,2007-01-01
2011-08-11,GARCH,0.025,4.390567430386802,10.787245782206401,-6.561313776423734,-8.744189898871456,Period II,2007-01-01
2011-08-12,GARCH,0.025,0.6710587086638596,10.787245782206401,-6.561313776423734,-8.744189898871456,Period II,2007-01-01
2011-08-15,GARCH,0.025,2.0944050665182243,10.787245782206401,-6.561313776423734,-8.744189898871456,Period II,2007-01-01
2011-08-16,GARCH,0.025,-0.8575935434864694,10.787245782206401,-6.561313776423734,-8.744189898871456,Period II,2007-01-01
2011-08-17,GARCH,0.025,0.06687439260467234,10.787245782206401,-6.561313776423734,-8.744189898871456,Period II,2007-01-01
2011-08-18,GARCH,0.025,-4.407576520390514,10.787245782206401,-6.561313776423734,-8.744189898871456,Period II,2007-01-01
2011-08-19,GARCH,0.025,-1.646528708952503,10.787245782206401,-6.561313776423734,-8.744189898871456,Period II,2007-01-01
2011-08-22,GARCH,0.025,0.07987218438405376,10.787245782206401,-6.561313776423734,-8.744189898871456,Period II,2007-01-01
2011-08-23,GARCH,0.025,3.2380531009528957,10.787245782206401,-6.561313776423734,-8.744189898871456,Period II,2007-01-01
2011-08-24,GARCH,0.025,1.3986236514564057,10.787245782206401,-6.561313776423734,-8.744189898871456,Period II,2007-01-01
2011-08-25,GARCH,0.025,-1.5361311166349485,10.787245782206401,-6.561313776423734,-8.744189898871456,Period II,2007-01-01
2011-08-26,GARCH,0.025,1.44293000086114,10.787245782206401,-6.561313776423734,-8.744189898871456,Period II,2007-01-01
2011-08-29,GARCH,0.025,2.833097486821802,10.787245782206401,-6.561313776423734,-8.744189898871456,Period II,2007-01-01
2011-08-30,GARCH,0.025,0.2633310389515277,10.787245782206401,-6.561313776423734,-8.744189898871456,Period II,2007-01-01
2011-08-31,GARCH,0.025,0.44280589954652844,10.787245782206401,-6.561313776423734,-8.744189898871456,Period II,2007-01-01
2011-09-01,GARCH,0.025,-1.0528134422534179,10.787245782206401,-6.561313776423734,-8.744189898871456,Period II,2007-01-01
2011-09-02,GARCH,0.025,-2.588195859748386,10.787245782206401,-6.561313776423734,-8.744189898871456,Period II,2007-01-01
2011-09-06,GARCH,0.025,-0.7324173634934822,10.787245782206401,-6.561313776423734,-8.744189898871456,Period II,2007-01-01
2011-09-07,GARCH,0.025,2.7817058817413183,10.787245782206401,-6.561313776423734,-8.744189898871456,Period II,2007-01-01
2011-09-08,GARCH,0.025,-1.0445922841278863,10.787245782206401,-6.561313776423734,-8.744189898871456,Period II,2007-01-01
2011-09-09,GARCH,0.025,-2.65592965591247,4.472380386513721,-4.225173619352583,-5.621924393730967,Period II,2007-01-01
2011-09-12,GARCH,0.025,0.6449138924880436,4.472380386513721,-4.225173619352583,-5.621924393730967,Period II,2007-01-01
2011-09-13,GARCH,0.025,0.9129364315030244,4.472380386513721,-4.225173619352583,-5.621924393730967,Period II,2007-01-01
2011-09-14,GARCH,0.025,1.374915065943775,4.472380386513721,-4.225173619352583,-5.621924393730967,Period II,2007-01-01
2011-09-15,GARCH,0.025,1.7110031462982918,4.472380386513721,-4.225173619352583,-5.621924393730967,Period II,2007-01-01
2011-09-16,GARCH,0.025,0.07408630840709542,4.472380386513721,-4.225173619352583,-5.621924393730967,Period II,2007-01-01
2011-09-19,GARCH,0.025,-1.0007105910177692,4.472380386513721,-4.225173619352583,-5.621924393730967,Period II,2007-01-01
2011-09-20,GARCH,0.025,-0.11643330667982066,4.472380386513721,-4.225173619352583,-5.621924393730967,Period II,2007-01-01
2011-09-21,GARCH,0.025,-2.990088453258005,4.472380386513721,-4.225173619352583,-5.621924393730967,Period II,2007-01-01
2011-09-22,GARCH,0.025,-3.2858389204389793,4.472380386513721,-4.225173619352583,-5.621924393730967,Period II,2007-01-01
2011-09-23,GARCH,0.025,0.6007087857023056,4.472380386513721,-4.225173619352583,-5.621924393730967,Period II,2007-01-01
2011-09-26,GARCH,0.025,2.3501795078211662,4.472380386513721,-4.225173619352583,-5.621924393730967,Period II,2007-01-01
2011-09-27,GARCH,0.025,1.1121708089304598,4.472380386513721,-4.225173619352583,-5.621924393730967,Period II,2007-01-01
2011-09-28,GARCH,0.025,-2.0629935026862865,4.472380386513721,-4.225173619352583,-5.621924393730967,Period II,2007-01-01
2011-09-29,GARCH,0.025,0.7872385070655765,4.472380386513721,-4.225173619352583,-5.621924393730967,Period II,2007-01-01
2011-09-30,GARCH,0.025,-2.530677345236948,4.472380386513721,-4.225173619352583,-5.621924393730967,Period II,2007-01-01
2011-10-03,GARCH,0.025,-2.887058319813414,4.472380386513721,-4.225173619352583,-5.621924393730967,Period II,2007-01-01
2011-10-04,GARCH,0.025,2.1686152138976267,4.472380386513721,-4.225173619352583,-5.621924393730967,Period II,2007-01-01
2011-10-05,GARCH,0.025,1.8345918331616917,4.472380386513721,-4.225173619352583,-5.621924393730967,Period II,2007-01-01
2011-10-06,GARCH,0.025,1.7929541235911752,4.472380386513721,-4.225173619352583,-5.621924393730967,Period II,2007-01-01
2011-10-07,GARCH,0.025,-0.6718361097380832,4.178579022983319,-4.085488403111342,-5.364558811831998,Period II,2007-01-01
2011-10-10,GARCH,0.025,3.2898565789152205,4.178579022983319,-4.085488403111342,-5.364558811831998,Period II,2007-01-01
2011-10-11,GARCH,0.025,0.10029683037337549,4.178579022983319,-4.085488403111342,-5.364558811831998,Period II,2007-01-01
2011-10-12,GARCH,0.025,0.8733705463807772,4.178579022983319,-4.085488403111342,-5.364558811831998,Period II,2007-01-01
2011-10-13,GARCH,0.025,-0.19895377667991324,4.178579022983319,-4.085488403111342,-5.364558811831998,Period II,2007-01-01
2011-10-14,GARCH,0.025,1.6949538097382644,4.178579022983319,-4.085488403111342,-5.364558811831998,Period II,2007-01-01
2011-10-17,GARCH,0.025,-1.9275689955516837,4.178579022983319,-4.085488403111342,-5.364558811831998,Period II,2007-01-01
2011-10-18,GARCH,0.025,1.9357290087466699,4.178579022983319,-4.085488403111342,-5.364558811831998,Period II,2007-01-01
2011-10-19,GARCH,0.025,-1.1899566641168824,4.178579022983319,-4.085488403111342,-5.364558811831998,Period II,2007-01-01
2011-10-20,GARCH,0.025,0.4365972639690508,4.178579022983319,-4.085488403111342,-5.364558811831998,Period II,2007-01-01
2011-10-21,GARCH,0.025,1.8809311703080418,4.178579022983319,-4.085488403111342,-5.364558811831998,Period II,2007-01-01
2011-10-24,GARCH,0.025,1.2186446402285758,4.178579022983319,-4.085488403111342,-5.364558811831998,Period II,2007-01-01
2011-10-25,GARCH,0.025,-1.9635255461081464,4.178579022983319,-4.085488403111342,-5.364558811831998,Period II,2007-01-01
2011-10-26,GARCH,0.025,1.0107221430194213,4.178579022983319,-4.085488403111342,-5.364558811831998,Period II,2007-01-01
2011-10-27,GARCH,0.025,3.4242080982544705,4.178579022983319,-4.085488403111342,-5.364558811831998,Period II,2007-01-01
2011-10-28,GARCH,0.025,-0.023324478600182927,4.178579022983319,-4.085488403111342,-5.364558811831998,Period II,2007-01-01
2011-10-31,GARCH,0.025,-2.440110069292053,4.178579022983319,-4.085488403111342,-5.364558811831998,Period II,2007-01-01
2011-11-01,GARCH,0.025,-2.828471383858199,4.178579022983319,-4.085488403111342,-5.364558811831998,Period II,2007-01-01
2011-11-02,GARCH,0.025,1.6179855229439513,4.178579022983319,-4.085488403111342,-5.364558811831998,Period II,2007-01-01
2011-11-03,GARCH,0.025,1.8063168192773142,4.178579022983319,-4.085488403111342,-5.364558811831998,Period II,2007-01-01
2011-11-04,GARCH,0.025,-0.6117658080253967,3.928167885071666,-3.960962977705665,-5.174848849895268,Period II,2007-01-01
2011-11-07,GARCH,0.025,0.6196879783561348,3.928167885071666,-3.960962977705665,-5.174848849895268,Period II,2007-01-01
2011-11-08,GARCH,0.025,1.2749012855056312,3.928167885071666,-3.960962977705665,-5.174848849895268,Period II,2007-01-01
2011-11-09,GARCH,0.025,-3.7607949922965935,3.928167885071666,-3.960962977705665,-5.174848849895268,Period II,2007-01-01
2011-11-10,GARCH,0.025,0.9374531373710209,3.928167885071666,-3.960962977705665,-5.174848849895268,Period II,2007-01-01
2011-11-11,GARCH,0.025,1.8647475836618268,3.928167885071666,-3.960962977705665,-5.174848849895268,Period II,2007-01-01
2011-11-14,GARCH,0.025,-0.951938462996258,3.928167885071666,-3.960962977705665,-5.174848849895268,Period II,2007-01-01
2011-11-15,GARCH,0.025,0.4929665261295321,3.928167885071666,-3.960962977705665,-5.174848849895268,Period II,2007-01-01
2011-11-16,GARCH,0.025,-1.5990107007195373,3.928167885071666,-3.960962977705665,-5.174848849895268,Period II,2007-01-01
2011-11-17,GARCH,0.025,-1.6004250782027263,3.928167885071666,-3.960962977705665,-5.174848849895268,Period II,2007-01-01
2011-11-18,GARCH,0.025,-0.10651584546348021,3.928167885071666,-3.960962977705665,-5.174848849895268,Period II,2007-01-01
2011-11-21,GARCH,0.025,-1.9202705822494954,3.928167885071666,-3.960962977705665,-5.174848849895268,Period II,2007-01-01
2011-11-22,GARCH,0.025,-0.3935539588244083,3.928167885071666,-3.960962977705665,-5.174848849895268,Period II,2007-01-01
2011-11-23,GARCH,0.025,-2.2312738036471798,3.928167885071666,-3.960962977705665,-5.174848849895268,Period II,2007-01-01
2011-11-25,GARCH,0.025,-0.18892339364911,3.928167885071666,-3.960962977705665,-5.174848849895268,Period II,2007-01-01
2011-11-28,GARCH,0.025,2.8555236610433044,3.928167885071666,-3.960962977705665,-5.174848849895268,Period II,2007-01-01
2011-11-29,GARCH,0.025,0.28362044725834423,3.928167885071666,-3.960962977705665,-5.174848849895268,Period II,2007-01-01
2011-11-30,GARCH,0.025,4.032536892293411,3.928167885071666,-3.960962977705665,-5.174848849895268,Period II,2007-01-01
2011-12-01,GARCH,0.025,-0.015999874525770223,3.928167885071666,-3.960962977705665,-5.174848849895268,Period II,2007-01-01
2011-12-02,GARCH,0.025,-0.08806037437761391,3.928167885071666,-3.960962977705665,-5.174848849895268,Period II,2007-01-01
2011-12-05,GARCH,0.025,1.0833311305441844,3.5284114642410582,-3.754214506800071,-4.927761489608677,Period II,2007-01-01
2011-12-06,GARCH,0.025,0.03168640314494092,3.5284114642410582,-3.754214506800071,-4.927761489608677,Period II,2007-01-01
2011-12-07,GARCH,0.025,0.3715575724058595,3.5284114642410582,-3.754214506800071,-4.927761489608677,Period II,2007-01-01
2011-12-08,GARCH,0.025,-2.2180631722513984,3.5284114642410582,-3.754214506800071,-4.927761489608677,Period II,2007-01-01
2011-12-09,GARCH,0.025,1.6800443984299855,3.5284114642410582,-3.754214506800071,-4.927761489608677,Period II,2007-01-01
2011-12-12,GARCH,0.025,-1.4705003659321119,3.5284114642410582,-3.754214506800071,-4.927761489608677,Period II,2007-01-01
2011-12-13,GARCH,0.025,-0.9382872547278114,3.5284114642410582,-3.754214506800071,-4.927761489608677,Period II,2007-01-01
2011-12-14,GARCH,0.025,-1.0703196119725815,3.5284114642410582,-3.754214506800071,-4.927761489608677,Period II,2007-01-01
2011-12-15,GARCH,0.025,0.3607764201080332,3.5284114642410582,-3.754214506800071,-4.927761489608677,Period II,2007-01-01
2011-12-16,GARCH,0.025,-0.48406705295579816,3.5284114642410582,-3.754214506800071,-4.927761489608677,Period II,2007-01-01
2011-12-19,GARCH,0.025,-1.0749197572835998,3.5284114642410582,-3.754214506800071,-4.927761489608677,Period II,2007-01-01
2011-12-20,GARCH,0.025,2.981139092228546,3.5284114642410582,-3.754214506800071,-4.927761489608677,Period II,2007-01-01
2010-12-22,EGARCH,0.025,0.31054640754708324,0.6325577112416603,-1.587431396569309,-2.1384584653477567,Period II,2007-01-01
2010-12-23,EGARCH,0.025,-0.14320975249110487,0.6325577112416603,-1.587431396569309,-2.1384584653477567,Period II,2007-01-01
2010-12-27,EGARCH,0.025,0.03980342481033424,0.6325577112416603,-1.587431396569309,-2.1384584653477567,Period II,2007-01-01
2010-12-28,EGARCH,0.025,0.14315280222058227,0.6325577112416603,-1.587431396569309,-2.1384584653477567,Period II,2007-01-01
2010-12-29,EGARCH,0.025,0.07149659719904494,0.6325577112416603,-1.587431396569309,-2.1384584653477567,Period II,2007-01-01
2010-12-30,EGARCH,0.025,-0.15895484886163214,0.6325577112416603,-1.587431396569309,-2.1384584653477567,Period II,2007-01-01
2010-12-31,EGARCH,0.025,0.0238587340784555,0.6325577112416603,-1.587431396569309,-2.1384584653477567,Period II,2007-01-01
2011-01-03,EGARCH,0.025,1.0284924806456492,0.6325577112416603,-1.587431396569309,-2.1384584653477567,Period II,2007-01-01
2011-01-04,EGARCH,0.025,-0.05511136072903331,0.6325577112416603,-1.587431396569309,-2.1384584653477567,Period II,2007-01-01
2011-01-05,EGARCH,0.025,0.5184176449207462,0.6325577112416603,-1.587431396569309,-2.1384584653477567,Period II,2007-01-01
2011-01-06,EGARCH,0.025,-0.19605542977314794,0.6325577112416603,-1.587431396569309,-2.1384584653477567,Period II,2007-01-01
2011-01-07,EGARCH,0.025,-0.19644056228539014,0.6325577112416603,-1.587431396569309,-2.1384584653477567,Period II,2007-01-01
2011-01-10,EGARCH,0.025,-0.12592165286221443,0.6325577112416603,-1.587431396569309,-2.1384584653477567,Period II,2007-01-01
2011-01-11,EGARCH,0.025,0.3537576440023422,0.6325577112416603,-1.587431396569309,-2.1384584653477567,Period II,2007-01-01
2011-01-12,EGARCH,0.025,0.8984096335089451,0.6325577112416603,-1.587431396569309,-2.1384584653477567,Period II,2007-01-01
2011-01-13,EGARCH,0.025,-0.1634611894315131,0.6325577112416603,-1.587431396569309,-2.1384584653477567,Period II,2007-01-01
2011-01-14,EGARCH,0.025,0.7218628320147511,0.6325577112416603,-1.587431396569309,-2.1384584653477567,Period II,2007-01-01
2011-01-18,EGARCH,0.025,0.17000329763009425,0.6325577112416603,-1.587431396569309,-2.1384584653477567,Period II,2007-01-01
2011-01-19,EGARCH,0.025,-0.9853858305382115,0.6325577112416603,-1.587431396569309,-2.1384584653477567,Period II,2007-01-01
2011-01-20,EGARCH,0.025,-0.13264010662401665,0.6325577112416603,-1.587431396569309,-2.1384584653477567,Period II,2007-01-01
2011-01-21,EGARCH,0.025,0.22615980751737275,0.40871400371682576,-1.2748969588882888,-1.7298349828851602,Period II,2007-01-01
2011-01-24,EGARCH,0.025,0.5670664070208581,0.40871400371682576,-1.2748969588882888,-1.7298349828851602,Period II,2007-01-01
2011-01-25,EGARCH,0.025,0.054200693836145,0.40871400371682576,-1.2748969588882888,-1.7298349828851602,Period II,2007-01-01
2011-01-26,EGARCH,0.025,0.38633953715288855,0.40871400371682576,-1.2748969588882888,-1.7298349828851602,Period II,2007-01-01
2011-01-27,EGARCH,0.025,0.24648192383741713,0.40871400371682576,-1.2748969588882888,-1.7298349828851602,Period II,2007-01-01
2011-01-28,EGARCH,0.025,-1.7617189274053888,0.40871400371682576,-1.2748969588882888,-1.7298349828851602,Period II,2007-01-01
2011-01-31,EGARCH,0.025,0.7488268048510469,0.40871400371682576,-1.2748969588882888,-1.7298349828851602,Period II,2007-01-01
2011-02-01,EGARCH,0.025,1.5882014747780775,0.40871400371682576,-1.2748969588882888,-1.7298349828851602,Period II,2007-01-01
2011-02-02,EGARCH,0.025,-0.19140226299316068,0.40871400371682576,-1.2748969588882888,-1.7298349828851602,Period II,2007-01-01
2011-02-03,EGARCH,0.025,0.22198752285183318,0.40871400371682576,-1.2748969588882888,-1.7298349828851602,Period II,2007-01-01
2011-02-04,EGARCH,0.025,0.2825146975337663,0.40871400371682576,-1.2748969588882888,-1.7298349828851602,Period II,2007-01-01
2011-02-07,EGARCH,0.025,0.6232973504143775,0.40871400371682576,-1.2748969588882888,-1.7298349828851602,Period II,2007-01-01
2011-02-08,EGARCH,0.025,0.45362297801004947,0.40871400371682576,-1.2748969588882888,-1.7298349828851602,Period II,2007-01-01
2011-02-09,EGARCH,0.025,-0.2265542719678451,0.40871400371682576,-1.2748969588882888,-1.7298349828851602,Period II,2007-01-01
2011-02-10,EGARCH,0.025,0.037796628868440124,0.40871400371682576,-1.2748969588882888,-1.7298349828851602,Period II,2007-01-01
2011-02-11,EGARCH,0.025,0.595257201654703,0.40871400371682576,-1.2748969588882888,-1.7298349828851602,Period II,2007-01-01
2011-02-14,EGARCH,0.025,0.24010822182387254,0.40871400371682576,-1.2748969588882888,-1.7298349828851602,Period II,2007-01-01
2011-02-15,EGARCH,0.025,-0.3152668796160044,0.40871400371682576,-1.2748969588882888,-1.7298349828851602,Period II,2007-01-01
2011-02-16,EGARCH,0.025,0.6295543499705147,0.40871400371682576,-1.2748969588882888,-1.7298349828851602,Period II,2007-01-01
2011-02-17,EGARCH,0.025,0.2983917822945191,0.40871400371682576,-1.2748969588882888,-1.7298349828851602,Period II,2007-01-01
2011-02-18,EGARCH,0.025,0.20834800346416876,0.4589025808869093,-1.3538270008669584,-1.7876392018221774,Period II,2007-01-01
2011-02-22,EGARCH,0.025,-2.0273985764222773,0.4589025808869093,-1.3538270008669584,-1.7876392018221774,Period II,2007-01-01
2011-02-23,EGARCH,0.025,-0.6163211746435968,0.4589025808869093,-1.3538270008669584,-1.7876392018221774,Period II,2007-01-01
2011-02-24,EGARCH,0.025,-0.06872426132549282,0.4589025808869093,-1.3538270008669584,-1.7876392018221774,Period II,2007-01-01
2011-02-25,EGARCH,0.025,1.0636043322289848,0.4589025808869093,-1.3538270008669584,-1.7876392018221774,Period II,2007-01-01
2011-02-28,EGARCH,0.025,0.6177449798552023,0.4589025808869093,-1.3538270008669584,-1.7876392018221774,Period II,2007-01-01
2011-03-01,EGARCH,0.025,-1.6813493120841887,0.4589025808869093,-1.3538270008669584,-1.7876392018221774,Period II,2007-01-01
2011-03-02,EGARCH,0.025,0.21363709867891836,0.4589025808869093,-1.3538270008669584,-1.7876392018221774,Period II,2007-01-01
2011-03-03,EGARCH,0.025,1.7077598345467793,0.4589025808869093,-1.3538270008669584,-1.7876392018221774,Period II,2007-01-01
2011-03-04,EGARCH,0.025,-0.7520528720848659,0.4589025808869093,-1.3538270008669584,-1.7876392018221774,Period II,2007-01-01
2011-03-07,EGARCH,0.025,-0.7881879144340674,0.4589025808869093,-1.3538270008669584,-1.7876392018221774,Period II,2007-01-01
2011-03-08,EGARCH,0.025,0.8711915857417784,0.4589025808869093,-1.3538270008669584,-1.7876392018221774,Period II,2007-01-01
2011-03-09,EGARCH,0.025,-0.1434143284876095,0.4589025808869093,-1.3538270008669584,-1.7876392018221774,Period II,2007-01-01
2011-03-10,EGARCH,0.025,-1.8679283098206725,0.4589025808869093,-1.3538270008669584,-1.7876392018221774,Period II,2007-01-01
2011-03-11,EGARCH,0.025,0.6902350439859637,0.4589025808869093,-1.3538270008669584,-1.7876392018221774,Period II,2007-01-01
2011-03-14,EGARCH,0.025,-0.6056159320269047,0.4589025808869093,-1.3538270008669584,-1.7876392018221774,Period II,2007-01-01
2011-03-15,EGARCH,0.025,-1.152331292184129,0.4589025808869093,-1.3538270008669584,-1.7876392018221774,Period II,2007-01-01
2011-03-16,EGARCH,0.025,-1.8686241077615322,0.4589025808869093,-1.3538270008669584,-1.7876392018221774,Period II,2007-01-01
2011-03-17,EGARCH,0.025,1.3148228441042051,0.4589025808869093,-1.3538270008669584,-1.7876392018221774,Period II,2007-01-01
2011-03-18,EGARCH,0.025,-0.0704169174871776,0.4589025808869093,-1.3538270008669584,-1.7876392018221774,Period II,2007-01-01
2011-03-21,EGARCH,0.025,1.5378969497287496,1.489942044158474,-2.439567155839223,-3.208009692798871,Period II,2007-01-01
2011-03-22,EGARCH,0.025,-0.3474598786978691,1.489942044158474,-2.439567155839223,-3.208009692798871,Period II,2007-01-01
2011-03-23,EGARCH,0.025,0.2857776653072565,1.489942044158474,-2.439567155839223,-3.208009692798871,Period II,2007-01-01
2011-03-24,EGARCH,0.025,0.951795829774732,1.489942044158474,-2.439567155839223,-3.208009692798871,Period II,2007-01-01
2011-03-25,EGARCH,0.025,0.3051178262846453,1.489942044158474,-2.439567155839223,-3.208009692798871,Period II,2007-01-01
2011-03-28,EGARCH,0.025,-0.24401973806626945,1.489942044158474,-2.439567155839223,-3.208009692798871,Period II,2007-01-01
2011-03-29,EGARCH,0.025,0.6696151143217117,1.489942044158474,-2.439567155839223,-3.208009692798871,Period II,2007-01-01
2011-03-30,EGARCH,0.025,0.6877581773286895,1.489942044158474,-2.439567155839223,-3.208009692798871,Period II,2007-01-01
2011-03-31,EGARCH,0.025,-0.13567075803988482,1.489942044158474,-2.439567155839223,-3.208009692798871,Period II,2007-01-01
2011-04-01,EGARCH,0.025,0.42146339137174116,1.489942044158474,-2.439567155839223,-3.208009692798871,Period II,2007-01-01
2011-04-04,EGARCH,0.025,0.08257994924441352,1.489942044158474,-2.439567155839223,-3.208009692798871,Period II,2007-01-01
2011-04-05,EGARCH,0.025,-0.01500113599201931,1.489942044158474,-2.439567155839223,-3.208009692798871,Period II,2007-01-01
2011-04-06,EGARCH,0.025,0.3147234928549288,1.489942044158474,-2.439567155839223,-3.208009692798871,Period II,2007-01-01
2011-04-07,EGARCH,0.025,-0.25469811049454494,1.489942044158474,-2.439567155839223,-3.208009692798871,Period II,2007-01-01
2011-04-08,EGARCH,0.025,-0.34563615456314933,1.489942044158474,-2.439567155839223,-3.208009692798871,Period II,2007-01-01
2011-04-11,EGARCH,0.025,-0.30151830882110936,1.489942044158474,-2.439567155839223,-3.208009692798871,Period II,2007-01-01
2011-04-12,EGARCH,0.025,-0.7502065749284654,1.489942044158474,-2.439567155839223,-3.208009692798871,Period II,2007-01-01
2011-04-13,EGARCH,0.025,-0.007602408655647419,1.489942044158474,-2.439567155839223,-3.208009692798871,Period II,2007-01-01
2011-04-14,EGARCH,0.025,0.07603288565081602,1.489942044158474,-2.439567155839223,-3.208009692798871,Period II,2007-01-01
2011-04-15,EGARCH,0.025,0.36418533742727915,1.489942044158474,-2.439567155839223,-3.208009692798871,Period II,2007-01-01
2011-04-18,EGARCH,0.025,-1.1271983621468706,0.42892276615453423,-1.3087402249285094,-1.7334705496958474,Period II,2007-01-01
2011-04-19,EGARCH,0.025,0.5728048761922306,0.42892276615453423,-1.3087402249285094,-1.7334705496958474,Period II,2007-01-01
2011-04-20,EGARCH,0.025,1.3539849979458638,0.42892276615453423,-1.3087402249285094,-1.7334705496958474,Period II,2007-01-01
2011-04-21,EGARCH,0.025,0.5095879307875055,0.42892276615453423,-1.3087402249285094,-1.7334705496958474,Period II,2007-01-01
2011-04-25,EGARCH,0.025,-0.10470376441327701,0.42892276615453423,-1.3087402249285094,-1.7334705496958474,Period II,2007-01-01
2011-04-26,EGARCH,0.025,0.8568349018922111,0.42892276615453423,-1.3087402249285094,-1.7334705496958474,Period II,2007-01-01
2011-04-27,EGARCH,0.025,0.6507491060485546,0.42892276615453423,-1.3087402249285094,-1.7334705496958474,Period II,2007-01-01
2011-04-28,EGARCH,0.025,0.32379338274032937,0.42892276615453423,-1.3087402249285094,-1.7334705496958474,Period II,2007-01-01
2011-04-29,EGARCH,0.025,0.2348222061735955,0.42892276615453423,-1.3087402249285094,-1.7334705496958474,Period II,2007-01-01
2011-05-02,EGARCH,0.025,-0.15403741155360814,0.42892276615453423,-1.3087402249285094,-1.7334705496958474,Period II,2007-01-01
2011-05-03,EGARCH,0.025,-0.3603647942207419,0.42892276615453423,-1.3087402249285094,-1.7334705496958474,Period II,2007-01-01
2011-05-04,EGARCH,0.025,-0.6652847605774445,0.42892276615453423,-1.3087402249285094,-1.7334705496958474,Period II,2007-01-01
2011-05-05,EGARCH,0.025,-0.90896260574921,0.42892276615453423,-1.3087402249285094,-1.7334705496958474,Period II,2007-01-01
2011-05-06,EGARCH,0.025,0.4406088628249448,0.42892276615453423,-1.3087402249285094,-1.7334705496958474,Period II,2007-01-01
2011-05-09,EGARCH,0.025,0.3867357757845281,0.42892276615453423,-1.3087402249285094,-1.7334705496958474,Period II,2007-01-01
2011-05-10,EGARCH,0.025,0.84999507437913,0.42892276615453423,-1.3087402249285094,-1.7334705496958474,Period II,2007-01-01
2011-05-11,EGARCH,0.025,-1.0580489282121406,0.42892276615453423,-1.3087402249285094,-1.7334705496958474,Period II,2007-01-01
2011-05-12,EGARCH,0.025,0.47491880559770866,0.42892276615453423,-1.3087402249285094,-1.7334705496958474,Period II,2007-01-01
2011-05-13,EGARCH,0.025,-0.7728996292128418,0.42892276615453423,-1.3087402249285094,-1.7334705496958474,Period II,2007-01-01
2011-05-16,EGARCH,0.025,-0.6361514237382823,0.42892276615453423,-1.3087402249285094,-1.7334705496958474,Period II,2007-01-01
2011-05-17,EGARCH,0.025,-0.015020477889104714,0.7570578107459276,-1.738956621192761,-2.289307845760704,Period II,2007-01-01
2011-05-18,EGARCH,0.025,0.8896275522450333,0.7570578107459276,-1.738956621192761,-2.289307845760704,Period II,2007-01-01
2011-05-19,EGARCH,0.025,0.2378770623743367,0.7570578107459276,-1.738956621192761,-2.289307845760704,Period II,2007-01-01
2011-05-20,EGARCH,0.025,-0.7976426741533248,0.7570578107459276,-1.738956621192761,-2.289307845760704,Period II,2007-01-01
2011-05-23,EGARCH,0.025,-1.1668766889634001,0.7570578107459276,-1.738956621192761,-2.289307845760704,Period II,2007-01-01
2011-05-24,EGARCH,0.025,-0.08333064581316543,0.7570578107459276,-1.738956621192761,-2.289307845760704,Period II,2007-01-01
2011-05-25,EGARCH,0.025,0.33290675181164125,0.7570578107459276,-1.738956621192761,-2.289307845760704,Period II,2007-01-01
2011-05-26,EGARCH,0.025,0.4597020882442528,0.7570578107459276,-1.738956621192761,-2.289307845760704,Period II,2007-01-01
2011-05-27,EGARCH,0.025,0.3827212036034536,0.7570578107459276,-1.738956621192761,-2.289307845760704,Period II,2007-01-01
2011-05-31,EGARCH,0.025,1.0357377711179272,0.7570578107459276,-1.738956621192761,-2.289307845760704,Period II,2007-01-01
2011-06-01,EGARCH,0.025,-2.271716617683093,0.7570578107459276,-1.738956621192761,-2.289307845760704,Period II,2007-01-01
2011-06-02,EGARCH,0.025,-0.10622109838710118,0.7570578107459276,-1.738956621192761,-2.289307845760704,Period II,2007-01-01
2011-06-03,EGARCH,0.025,-0.9994342882886753,0.7570578107459276,-1.738956621192761,-2.289307845760704,Period II,2007-01-01
2011-06-06,EGARCH,0.025,-1.063761613777586,0.7570578107459276,-1.738956621192761,-2.289307845760704,Period II,2007-01-01
2011-06-07,EGARCH,0.025,-0.062005096766113064,0.7570578107459276,-1.738956621192761,-2.289307845760704,Period II,2007-01-01
2011-06-08,EGARCH,0.025,-0.4196202712369402,0.7570578107459276,-1.738956621192761,-2.289307845760704,Period II,2007-01-01
2011-06-09,EGARCH,0.025,0.7602206791408592,0.7570578107459276,-1.738956621192761,-2.289307845760704,Period II,2007-01-01
2011-06-10,EGARCH,0.025,-1.400797594659042,0.7570578107459276,-1.738956621192761,-2.289307845760704,Period II,2007-01-01
2011-06-13,EGARCH,0.025,0.07833801882340768,0.7570578107459276,-1.738956621192761,-2.289307845760704,Period II,2007-01-01
2011-06-14,EGARCH,0.025,1.2606270353002091,0.7570578107459276,-1.738956621192761,-2.289307845760704,Period II,2007-01-01
2011-06-15,EGARCH,0.025,-1.7945481547184419,1.0872259829133346,-2.0838824105490197,-2.7483617572043717,Period II,2007-01-01
2011-06-16,EGARCH,0.025,0.22020015898782608,1.0872259829133346,-2.0838824105490197,-2.7483617572043717,Period II,2007-01-01
2011-06-17,EGARCH,0.025,-0.19657957500154952,1.0872259829133346,-2.0838824105490197,-2.7483617572043717,Period II,2007-01-01
2011-06-20,EGARCH,0.025,0.5103005354319755,1.0872259829133346,-2.0838824105490197,-2.7483617572043717,Period II,2007-01-01
2011-06-21,EGARCH,0.025,1.3610943482121969,1.0872259829133346,-2.0838824105490197,-2.7483617572043717,Period II,2007-01-01
2011-06-22,EGARCH,0.025,-0.6043709656474322,1.0872259829133346,-2.0838824105490197,-2.7483617572043717,Period II,2007-01-01
2011-06-23,EGARCH,0.025,-0.28796775585726825,1.0872259829133346,-2.0838824105490197,-2.7483617572043717,Period II,2007-01-01
2011-06-24,EGARCH,0.025,-1.1681411413365772,1.0872259829133346,-2.0838824105490197,-2.7483617572043717,Period II,2007-01-01
2011-06-27,EGARCH,0.025,0.8871539110088738,1.0872259829133346,-2.0838824105490197,-2.7483617572043717,Period II,2007-01-01
2011-06-28,EGARCH,0.025,1.2968523040000555,1.0872259829133346,-2.0838824105490197,-2.7483617572043717,Period II,2007-01-01
2011-06-29,EGARCH,0.025,0.8527694305573862,1.0872259829133346,-2.0838824105490197,-2.7483617572043717,Period II,2007-01-01
2011-06-30,EGARCH,0.025,0.9516992828594328,1.0872259829133346,-2.0838824105490197,-2.7483617572043717,Period II,2007-01-01
2011-07-01,EGARCH,0.025,1.4667959789823863,1.0872259829133346,-2.0838824105490197,-2.7483617572043717,Period II,2007-01-01
2011-07-05,EGARCH,0.025,-0.08217279968376062,1.0872259829133346,-2.0838824105490197,-2.7483617572043717,Period II,2007-01-01
2011-07-06,EGARCH,0.025,0.11950383290817403,1.0872259829133346,-2.0838824105490197,-2.7483617572043717,Period II,2007-01-01
2011-07-07,EGARCH,0.025,1.0321996966352438,1.0872259829133346,-2.0838824105490197,-2.7483617572043717,Period II,2007-01-01
2011-07-08,EGARCH,0.025,-0.711751769102607,1.0872259829133346,-2.0838824105490197,-2.7483617572043717,Period II,2007-01-01
2011-07-11,EGARCH,0.025,-1.8245749397394189,1.0872259829133346,-2.0838824105490197,-2.7483617572043717,Period II,2007-01-01
2011-07-12,EGARCH,0.025,-0.4328573677972774,1.0872259829133346,-2.0838824105490197,-2.7483617572043717,Period II,2007-01-01
2011-07-13,EGARCH,0.025,0.3342978783620863,1.0872259829133346,-2.0838824105490197,-2.7483617572043717,Period II,2007-01-01
2011-07-14,EGARCH,0.025,-0.6926265084537383,1.1957639689438728,-2.185464886240905,-2.8611565561147665,Period II,2007-01-01
2011-07-15,EGARCH,0.025,0.5787920961467228,1.1957639689438728,-2.185464886240905,-2.8611565561147665,Period II,2007-01-01
2011-07-18,EGARCH,0.025,-0.8234905998654835,1.1957639689438728,-2.185464886240905,-2.8611565561147665,Period II,2007-01-01
2011-07-19,EGARCH,0.025,1.6101169186483368,1.1957639689438728,-2.185464886240905,-2.8611565561147665,Period II,2007-01-01
2011-07-20,EGARCH,0.025,-0.060292287742959555,1.1957639689438728,-2.185464886240905,-2.8611565561147665,Period II,2007-01-01
2011-07-21,EGARCH,0.025,1.377585310829419,1.1957639689438728,-2.185464886240905,-2.8611565561147665,Period II,2007-01-01
2011-07-22,EGARCH,0.025,0.06689436860065935,1.1957639689438728,-2.185464886240905,-2.8611565561147665,Period II,2007-01-01
2011-07-25,EGARCH,0.025,-0.5588479875640823,1.1957639689438728,-2.185464886240905,-2.8611565561147665,Period II,2007-01-01
2011-07-26,EGARCH,0.025,-0.3743079629607383,1.1957639689438728,-2.185464886240905,-2.8611565561147665,Period II,2007-01-01
2011-07-27,EGARCH,0.025,-2.0688008283868005,1.1957639689438728,-2.185464886240905,-2.8611565561147665,Period II,2007-01-01
2011-07-28,EGARCH,0.025,-0.2913926393876417,1.1957639689438728,-2.185464886240905,-2.8611565561147665,Period II,2007-01-01
2011-07-29,EGARCH,0.025,-0.685804559771897,1.1957639689438728,-2.185464886240905,-2.8611565561147665,Period II,2007-01-01
2011-08-01,EGARCH,0.025,-0.42617789541002615,1.1957639689438728,-2.185464886240905,-2.8611565561147665,Period II,2007-01-01
2011-08-02,EGARCH,0.025,-2.587945553195333,1.1957639689438728,-2.185464886240905,-2.8611565561147665,Period II,2007-01-01
2011-08-03,EGARCH,0.025,0.5404132327946674,1.1957639689438728,-2.185464886240905,-2.8611565561147665,Period II,2007-01-01
2011-08-04,EGARCH,0.025,-4.797410605219454,1.1957639689438728,-2.185464886240905,-2.8611565561147665,Period II,2007-01-01
2011-08-05,EGARCH,0.025,-0.14978808010258596,1.1957639689438728,-2.185464886240905,-2.8611565561147665,Period II,2007-01-01
2011-08-08,EGARCH,0.025,-6.734057403046549,1.1957639689438728,-2.185464886240905,-2.8611565561147665,Period II,2007-01-01
2011-08-09,EGARCH,0.025,4.5450506361566,1.1957639689438728,-2.185464886240905,-2.8611565561147665,Period II,2007-01-01
2011-08-10,EGARCH,0.025,-4.518331616724278,1.1957639689438728,-2.185464886240905,-2.8611565561147665,Period II,2007-01-01
2011-08-11,EGARCH,0.025,4.390567430386802,9.261407420514761,-6.078568987852233,-8.121335552877035,Period II,2007-01-01
2011-08-12,EGARCH,0.025,0.6710587086638596,9.261407420514761,-6.078568987852233,-8.121335552877035,Period II,2007-01-01
2011-08-15,EGARCH,0.025,2.0944050665182243,9.261407420514761,-6.078568987852233,-8.121335552877035,Period II,2007-01-01
2011-08-16,EGARCH,0.025,-0.8575935434864694,9.261407420514761,-6.078568987852233,-8.121335552877035,Period II,2007-01-01
2011-08-17,EGARCH,0.025,0.06687439260467234,9.261407420514761,-6.078568987852233,-8.121335552877035,Period II,2007-01-01
2011-08-18,EGARCH,0.025,-4.407576520390514,9.261407420514761,-6.078568987852233,-8.121335552877035,Period II,2007-01-01
2011-08-19,EGARCH,0.025,-1.646528708952503,9.261407420514761,-6.078568987852233,-8.121335552877035,Period II,2007-01-01
2011-08-22,EGARCH,0.025,0.07987218438405376,9.261407420514761,-6.078568987852233,-8.121335552877035,Period II,2007-01-01
2011-08-23,EGARCH,0.025,3.2380531009528957,9.261407420514761,-6.078568987852233,-8.121335552877035,Period II,2007-01-01
2011-08-24,EGARCH,0.025,1.3986236514564057,9.261407420514761,-6.078568987852233,-8.121335552877035,Period II,2007-01-01
2011-08-25,EGARCH,0.025,-1.5361311166349485,9.261407420514761,-6.078568987852233,-8.121335552877035,Period II,2007-01-01
2011-08-26,EGARCH,0.025,1.44293000086114,9.261407420514761,-6.078568987852233,-8.121335552877035,Period II,2007-01-01
2011-08-29,EGARCH,0.025,2.833097486821802,9.261407420514761,-6.078568987852233,-8.121335552877035,Period II,2007-01-01
2011-08-30,EGARCH,0.025,0.2633310389515277,9.261407420514761,-6.078568987852233,-8.121335552877035,Period II,2007-01-01
2011-08-31,EGARCH,0.025,0.44280589954652844,9.261407420514761,-6.078568987852233,-8.121335552877035,Period II,2007-01-01
2011-09-01,EGARCH,0.025,-1.0528134422534179,9.261407420514761,-6.078568987852233,-8.121335552877035,Period II,2007-01-01
2011-09-02,EGARCH,0.025,-2.588195859748386,9.261407420514761,-6.078568987852233,-8.121335552877035,Period II,2007-01-01
2011-09-06,EGARCH,0.025,-0.7324173634934822,9.261407420514761,-6.078568987852233,-8.121335552877035,Period II,2007-01-01
2011-09-07,EGARCH,0.025,2.7817058817413183,9.261407420514761,-6.078568987852233,-8.121335552877035,Period II,2007-01-01
2011-09-08,EGARCH,0.025,-1.0445922841278863,9.261407420514761,-6.078568987852233,-8.121335552877035,Period II,2007-01-01
2011-09-09,EGARCH,0.025,-2.65592965591247,4.658704923766135,-4.3117825792637134,-5.748677079573234,Period II,2007-01-01
2011-09-12,EGARCH,0.025,0.6449138924880436,4.658704923766135,-4.3117825792637134,-5.748677079573234,Period II,2007-01-01
2011-09-13,EGARCH,0.025,0.9129364315030244,4.658704923766135,-4.3117825792637134,-5.748677079573234,Period II,2007-01-01
2011-09-14,EGARCH,0.025,1.374915065943775,4.658704923766135,-4.3117825792637134,-5.748677079573234,Period II,2007-01-01
2011-09-15,EGARCH,0.025,1.7110031462982918,4.658704923766135,-4.3117825792637134,-5.748677079573234,Period II,2007-01-01
2011-09-16,EGARCH,0.025,0.07408630840709542,4.658704923766135,-4.3117825792637134,-5.748677079573234,Period II,2007-01-01
2011-09-19,EGARCH,0.025,-1.0007105910177692,4.658704923766135,-4.3117825792637134,-5.748677079573234,Period II,2007-01-01
2011-09-20,EGARCH,0.025,-0.11643330667982066,4.658704923766135,-4.3117825792637134,-5.748677079573234,Period II,2007-01-01
2011-09-21,EGARCH,0.025,-2.990088453258005,4.658704923766135,-4.3117825792637134,-5.748677079573234,Period II,2007-01-01
2011-09-22,EGARCH,0.025,-3.2858389204389793,4.658704923766135,-4.3117825792637134,-5.748677079573234,Period II,2007-01-01
2011-09-23,EGARCH,0.025,0.6007087857023056,4.658704923766135,-4.3117825792637134,-5.748677079573234,Period II,2007-01-01
2011-09-26,EGARCH,0.025,2.3501795078211662,4.658704923766135,-4.3117825792637134,-5.748677079573234,Period II,2007-01-01
2011-09-27,EGARCH,0.025,1.1121708089304598,4.658704923766135,-4.3117825792637134,-5.748677079573234,Period II,2007-01-01
2011-09-28,EGARCH,0.025,-2.0629935026862865,4.658704923766135,-4.3117825792637134,-5.748677079573234,Period II,2007-01-01
2011-09-29,EGARCH,0.025,0.7872385070655765,4.658704923766135,-4.3117825792637134,-5.748677079573234,Period II,2007-01-01
2011-09-30,EGARCH,0.025,-2.530677345236948,4.658704923766135,-4.3117825792637134,-5.748677079573234,Period II,2007-01-01
2011-10-03,EGARCH,0.025,-2.887058319813414,4.658704923766135,-4.3117825792637134,-5.748677079573234,Period II,2007-01-01
2011-10-04,EGARCH,0.025,2.1686152138976267,4.658704923766135,-4.3117825792637134,-5.748677079573234,Period II,2007-01-01
2011-10-05,EGARCH,0.025,1.8345918331616917,4.658704923766135,-4.3117825792637134,-5.748677079573234,Period II,2007-01-01
2011-10-06,EGARCH,0.025,1.7929541235911752,4.658704923766135,-4.3117825792637134,-5.748677079573234,Period II,2007-01-01
2011-10-07,EGARCH,0.025,-0.6718361097380832,5.203080401680439,-4.558746119893301,-6.010889089652367,Period II,2007-01-01
2011-10-10,EGARCH,0.025,3.2898565789152205,5.203080401680439,-4.558746119893301,-6.010889089652367,Period II,2007-01-01
2011-10-11,EGARCH,0.025,0.10029683037337549,5.203080401680439,-4.558746119893301,-6.010889089652367,Period II,2007-01-01
2011-10-12,EGARCH,0.025,0.8733705463807772,5.203080401680439,-4.558746119893301,-6.010889089652367,Period II,2007-01-01
2011-10-13,EGARCH,0.025,-0.19895377667991324,5.203080401680439,-4.558746119893301,-6.010889089652367,Period II,2007-01-01
2011-10-14,EGARCH,0.025,1.6949538097382644,5.203080401680439,-4.558746119893301,-6.010889089652367,Period II,2007-01-01
2011-10-17,EGARCH,0.025,-1.9275689955516837,5.203080401680439,-4.558746119893301,-6.010889089652367,Period II,2007-01-01
2011-10-18,EGARCH,0.025,1.9357290087466699,5.203080401680439,-4.558746119893301,-6.010889089652367,Period II,2007-01-01
2011-10-19,EGARCH,0.025,-1.1899566641168824,5.203080401680439,-4.558746119893301,-6.010889089652367,Period II,2007-01-01
2011-10-20,EGARCH,0.025,0.4365972639690508,5.203080401680439,-4.558746119893301,-6.010889089652367,Period II,2007-01-01
2011-10-21,EGARCH,0.025,1.8809311703080418,5.203080401680439,-4.558746119893301,-6.010889089652367,Period II,2007-01-01
2011-10-24,EGARCH,0.025,1.2186446402285758,5.203080401680439,-4.558746119893301,-6.010889089652367,Period II,2007-01-01
2011-10-25,EGARCH,0.025,-1.9635255461081464,5.203080401680439,-4.558746119893301,-6.010889089652367,Period II,2007-01-01
2011-10-26,EGARCH,0.025,1.0107221430194213,5.203080401680439,-4.558746119893301,-6.010889089652367,Period II,2007-01-01
2011-10-27,EGARCH,0.025,3.4242080982544705,5.203080401680439,-4.558746119893301,-6.010889089652367,Period II,2007-01-01
2011-10-28,EGARCH,0.025,-0.023324478600182927,5.203080401680439,-4.558746119893301,-6.010889089652367,Period II,2007-01-01
2011-10-31,EGARCH,0.025,-2.440110069292053,5.203080401680439,-4.558746119893301,-6.010889089652367,Period II,2007-01-01
2011-11-01,EGARCH,0.025,-2.828471383858199,5.203080401680439,-4.558746119893301,-6.010889089652367,Period II,2007-01-01
2011-11-02,EGARCH,0.025,1.6179855229439513,5.203080401680439,-4.558746119893301,-6.010889089652367,Period II,2007-01-01
2011-11-03,EGARCH,0.025,1.8063168192773142,5.203080401680439,-4.558746119893301,-6.010889089652367,Period II,2007-01-01
2011-11-04,EGARCH,0.025,-0.6117658080253967,4.74662809416834,-4.354338594828679,-5.7164516841196775,Period II,2007-01-01
2011-11-07,EGARCH,0.025,0.6196879783561348,4.74662809416834,-4.354338594828679,-5.7164516841196775,Period II,2007-01-01
2011-11-08,EGARCH,0.025,1.2749012855056312,4.74662809416834,-4.354338594828679,-5.7164516841196775,Period II,2007-01-01
2011-11-09,EGARCH,0.025,-3.7607949922965935,4.74662809416834,-4.354338594828679,-5.7164516841196775,Period II,2007-01-01
2011-11-10,EGARCH,0.025,0.9374531373710209,4.74662809416834,-4.354338594828679,-5.7164516841196775,Period II,2007-01-01
2011-11-11,EGARCH,0.025,1.8647475836618268,4.74662809416834,-4.354338594828679,-5.7164516841196775,Period II,2007-01-01
2011-11-14,EGARCH,0.025,-0.951938462996258,4.74662809416834,-4.354338594828679,-5.7164516841196775,Period II,2007-01-01
2011-11-15,EGARCH,0.025,0.4929665261295321,4.74662809416834,-4.354338594828679,-5.7164516841196775,Period II,2007-01-01
2011-11-16,EGARCH,0.025,-1.5990107007195373,4.74662809416834,-4.354338594828679,-5.7164516841196775,Period II,2007-01-01
2011-11-17,EGARCH,0.025,-1.6004250782027263,4.74662809416834,-4.354338594828679,-5.7164516841196775,Period II,2007-01-01
2011-11-18,EGARCH,0.025,-0.10651584546348021,4.74662809416834,-4.354338594828679,-5.7164516841196775,Period II,2007-01-01
2011-11-21,EGARCH,0.025,-1.9202705822494954,4.74662809416834,-4.354338594828679,-5.7164516841196775,Period II,2007-01-01
2011-11-22,EGARCH,0.025,-0.3935539588244083,4.74662809416834,-4.354338594828679,-5.7164516841196775,Period II,2007-01-01
2011-11-23,EGARCH,0.025,-2.2312738036471798,4.74662809416834,-4.354338594828679,-5.7164516841196775,Period II,2007-01-01
2011-11-25,EGARCH,0.025,-0.18892339364911,4.74662809416834,-4.354338594828679,-5.7164516841196775,Period II,2007-01-01
2011-11-28,EGARCH,0.025,2.8555236610433044,4.74662809416834,-4.354338594828679,-5.7164516841196775,Period II,2007-01-01
2011-11-29,EGARCH,0.025,0.28362044725834423,4.74662809416834,-4.354338594828679,-5.7164516841196775,Period II,2007-01-01
2011-11-30,EGARCH,0.025,4.032536892293411,4.74662809416834,-4.354338594828679,-5.7164516841196775,Period II,2007-01-01
2011-12-01,EGARCH,0.025,-0.015999874525770223,4.74662809416834,-4.354338594828679,-5.7164516841196775,Period II,2007-01-01
2011-12-02,EGARCH,0.025,-0.08806037437761391,4.74662809416834,-4.354338594828679,-5.7164516841196775,Period II,2007-01-01
2011-12-05,EGARCH,0.025,1.0833311305441844,3.136063007167362,-3.539223645209608,-4.666295995806113,Period II,2007-01-01
2011-12-06,EGARCH,0.025,0.03168640314494092,3.136063007167362,-3.539223645209608,-4.666295995806113,Period II,2007-01-01
2011-12-07,EGARCH,0.025,0.3715575724058595,3.136063007167362,-3.539223645209608,-4.666295995806113,Period II,2007-01-01
2011-12-08,EGARCH,0.025,-2.2180631722513984,3.136063007167362,-3.539223645209608,-4.666295995806113,Period II,2007-01-01
2011-12-09,EGARCH,0.025,1.6800443984299855,3.136063007167362,-3.539223645209608,-4.666295995806113,Period II,2007-01-01
2011-12-12,EGARCH,0.025,-1.4705003659321119,3.136063007167362,-3.539223645209608,-4.666295995806113,Period II,2007-01-01
2011-12-13,EGARCH,0.025,-0.9382872547278114,3.136063007167362,-3.539223645209608,-4.666295995806113,Period II,2007-01-01
2011-12-14,EGARCH,0.025,-1.0703196119725815,3.136063007167362,-3.539223645209608,-4.666295995806113,Period II,2007-01-01
2011-12-15,EGARCH,0.025,0.3607764201080332,3.136063007167362,-3.539223645209608,-4.666295995806113,Period II,2007-01-01
2011-12-16,EGARCH,0.025,-0.48406705295579816,3.136063007167362,-3.539223645209608,-4.666295995806113,Period II,2007-01-01
2011-12-19,EGARCH,0.025,-1.0749197572835998,3.136063007167362,-3.539223645209608,-4.666295995806113,Period II,2007-01-01
2011-12-20,EGARCH,0.025,2.981139092228546,3.136063007167362,-3.539223645209608,-4.666295995806113,Period II,2007-01-01
2010-12-22,GJR-GARCH,0.025,0.31054640754708324,0.48283890958115117,-1.3884962675680672,-1.8413777544364494,Period II,2007-01-01
2010-12-23,GJR-GARCH,0.025,-0.14320975249110487,0.48283890958115117,-1.3884962675680672,-1.8413777544364494,Period II,2007-01-01
2010-12-27,GJR-GARCH,0.025,0.03980342481033424,0.48283890958115117,-1.3884962675680672,-1.8413777544364494,Period II,2007-01-01
2010-12-28,GJR-GARCH,0.025,0.14315280222058227,0.48283890958115117,-1.3884962675680672,-1.8413777544364494,Period II,2007-01-01
2010-12-29,GJR-GARCH,0.025,0.07149659719904494,0.48283890958115117,-1.3884962675680672,-1.8413777544364494,Period II,2007-01-01
2010-12-30,GJR-GARCH,0.025,-0.15895484886163214,0.48283890958115117,-1.3884962675680672,-1.8413777544364494,Period II,2007-01-01
2010-12-31,GJR-GARCH,0.025,0.0238587340784555,0.48283890958115117,-1.3884962675680672,-1.8413777544364494,Period II,2007-01-01
2011-01-03,GJR-GARCH,0.025,1.0284924806456492,0.48283890958115117,-1.3884962675680672,-1.8413777544364494,Period II,2007-01-01
2011-01-04,GJR-GARCH,0.025,-0.05511136072903331,0.48283890958115117,-1.3884962675680672,-1.8413777544364494,Period II,2007-01-01
2011-01-05,GJR-GARCH,0.025,0.5184176449207462,0.48283890958115117,-1.3884962675680672,-1.8413777544364494,Period II,2007-01-01
2011-01-06,GJR-GARCH,0.025,-0.19605542977314794,0.48283890958115117,-1.3884962675680672,-1.8413777544364494,Period II,2007-01-01
2011-01-07,GJR-GARCH,0.025,-0.19644056228539014,0.48283890958115117,-1.3884962675680672,-1.8413777544364494,Period II,2007-01-01
2011-01-10,GJR-GARCH,0.025,-0.12592165286221443,0.48283890958115117,-1.3884962675680672,-1.8413777544364494,Period II,2007-01-01
2011-01-11,GJR-GARCH,0.025,0.3537576440023422,0.48283890958115117,-1.3884962675680672,-1.8413777544364494,Period II,2007-01-01
2011-01-12,GJR-GARCH,0.025,0.8984096335089451,0.48283890958115117,-1.3884962675680672,-1.8413777544364494,Period II,2007-01-01
2011-01-13,GJR-GARCH,0.025,-0.1634611894315131,0.48283890958115117,-1.3884962675680672,-1.8413777544364494,Period II,2007-01-01
2011-01-14,GJR-GARCH,0.025,0.7218628320147511,0.48283890958115117,-1.3884962675680672,-1.8413777544364494,Period II,2007-01-01
2011-01-18,GJR-GARCH,0.025,0.17000329763009425,0.48283890958115117,-1.3884962675680672,-1.8413777544364494,Period II,2007-01-01
2011-01-19,GJR-GARCH,0.025,-0.9853858305382115,0.48283890958115117,-1.3884962675680672,-1.8413777544364494,Period II,2007-01-01
2011-01-20,GJR-GARCH,0.025,-0.13264010662401665,0.48283890958115117,-1.3884962675680672,-1.8413777544364494,Period II,2007-01-01
2011-01-21,GJR-GARCH,0.025,0.22615980751737275,0.46766199263881525,-1.3661131720664323,-1.821608652771516,Period II,2007-01-01
2011-01-24,GJR-GARCH,0.025,0.5670664070208581,0.46766199263881525,-1.3661131720664323,-1.821608652771516,Period II,2007-01-01
2011-01-25,GJR-GARCH,0.025,0.054200693836145,0.46766199263881525,-1.3661131720664323,-1.821608652771516,Period II,2007-01-01
2011-01-26,GJR-GARCH,0.025,0.38633953715288855,0.46766199263881525,-1.3661131720664323,-1.821608652771516,Period II,2007-01-01
2011-01-27,GJR-GARCH,0.025,0.24648192383741713,0.46766199263881525,-1.3661131720664323,-1.821608652771516,Period II,2007-01-01
2011-01-28,GJR-GARCH,0.025,-1.7617189274053888,0.46766199263881525,-1.3661131720664323,-1.821608652771516,Period II,2007-01-01
2011-01-31,GJR-GARCH,0.025,0.7488268048510469,0.46766199263881525,-1.3661131720664323,-1.821608652771516,Period II,2007-01-01
2011-02-01,GJR-GARCH,0.025,1.5882014747780775,0.46766199263881525,-1.3661131720664323,-1.821608652771516,Period II,2007-01-01
2011-02-02,GJR-GARCH,0.025,-0.19140226299316068,0.46766199263881525,-1.3661131720664323,-1.821608652771516,Period II,2007-01-01
2011-02-03,GJR-GARCH,0.025,0.22198752285183318,0.46766199263881525,-1.3661131720664323,-1.821608652771516,Period II,2007-01-01
2011-02-04,GJR-GARCH,0.025,0.2825146975337663,0.46766199263881525,-1.3661131720664323,-1.821608652771516,Period II,2007-01-01
2011-02-07,GJR-GARCH,0.025,0.6232973504143775,0.46766199263881525,-1.3661131720664323,-1.821608652771516,Period II,2007-01-01
2011-02-08,GJR-GARCH,0.025,0.45362297801004947,0.46766199263881525,-1.3661131720664323,-1.821608652771516,Period II,2007-01-01
2011-02-09,GJR-GARCH,0.025,-0.2265542719678451,0.46766199263881525,-1.3661131720664323,-1.821608652771516,Period II,2007-01-01
2011-02-10,GJR-GARCH,0.025,0.037796628868440124,0.46766199263881525,-1.3661131720664323,-1.821608652771516,Period II,2007-01-01
2011-02-11,GJR-GARCH,0.025,0.595257201654703,0.46766199263881525,-1.3661131720664323,-1.821608652771516,Period II,2007-01-01
2011-02-14,GJR-GARCH,0.025,0.24010822182387254,0.46766199263881525,-1.3661131720664323,-1.821608652771516,Period II,2007-01-01
2011-02-15,GJR-GARCH,0.025,-0.3152668796160044,0.46766199263881525,-1.3661131720664323,-1.821608652771516,Period II,2007-01-01
2011-02-16,GJR-GARCH,0.025,0.6295543499705147,0.46766199263881525,-1.3661131720664323,-1.821608652771516,Period II,2007-01-01
2011-02-17,GJR-GARCH,0.025,0.2983917822945191,0.46766199263881525,-1.3661131720664323,-1.821608652771516,Period II,2007-01-01
2011-02-18,GJR-GARCH,0.025,0.20834800346416876,0.41496819719634553,-1.2871404780322457,-1.6715745314081785,Period II,2007-01-01
2011-02-22,GJR-GARCH,0.025,-2.0273985764222773,0.41496819719634553,-1.2871404780322457,-1.6715745314081785,Period II,2007-01-01
2011-02-23,GJR-GARCH,0.025,-0.6163211746435968,0.41496819719634553,-1.2871404780322457,-1.6715745314081785,Period II,2007-01-01
2011-02-24,GJR-GARCH,0.025,-0.06872426132549282,0.41496819719634553,-1.2871404780322457,-1.6715745314081785,Period II,2007-01-01
2011-02-25,GJR-GARCH,0.025,1.0636043322289848,0.41496819719634553,-1.2871404780322457,-1.6715745314081785,Period II,2007-01-01
2011-02-28,GJR-GARCH,0.025,0.6177449798552023,0.41496819719634553,-1.2871404780322457,-1.6715745314081785,Period II,2007-01-01
2011-03-01,GJR-GARCH,0.025,-1.6813493120841887,0.41496819719634553,-1.2871404780322457,-1.6715745314081785,Period II,2007-01-01
2011-03-02,GJR-GARCH,0.025,0.21363709867891836,0.41496819719634553,-1.2871404780322457,-1.6715745314081785,Period II,2007-01-01
2011-03-03,GJR-GARCH,0.025,1.7077598345467793,0.41496819719634553,-1.2871404780322457,-1.6715745314081785,Period II,2007-01-01
2011-03-04,GJR-GARCH,0.025,-0.7520528720848659,0.41496819719634553,-1.2871404780322457,-1.6715745314081785,Period II,2007-01-01
2011-03-07,GJR-GARCH,0.025,-0.7881879144340674,0.41496819719634553,-1.2871404780322457,-1.6715745314081785,Period II,2007-01-01
2011-03-08,GJR-GARCH,0.025,0.8711915857417784,0.41496819719634553,-1.2871404780322457,-1.6715745314081785,Period II,2007-01-01
2011-03-09,GJR-GARCH,0.025,-0.1434143284876095,0.41496819719634553,-1.2871404780322457,-1.6715745314081785,Period II,2007-01-01
2011-03-10,GJR-GARCH,0.025,-1.8679283098206725,0.41496819719634553,-1.2871404780322457,-1.6715745314081785,Period II,2007-01-01
2011-03-11,GJR-GARCH,0.025,0.6902350439859637,0.41496819719634553,-1.2871404780322457,-1.6715745314081785,Period II,2007-01-01
2011-03-14,GJR-GARCH,0.025,-0.6056159320269047,0.41496819719634553,-1.2871404780322457,-1.6715745314081785,Period II,2007-01-01
2011-03-15,GJR-GARCH,0.025,-1.152331292184129,0.41496819719634553,-1.2871404780322457,-1.6715745314081785,Period II,2007-01-01
2011-03-16,GJR-GARCH,0.025,-1.8686241077615322,0.41496819719634553,-1.2871404780322457,-1.6715745314081785,Period II,2007-01-01
2011-03-17,GJR-GARCH,0.025,1.3148228441042051,0.41496819719634553,-1.2871404780322457,-1.6715745314081785,Period II,2007-01-01
2011-03-18,GJR-GARCH,0.025,-0.0704169174871776,0.41496819719634553,-1.2871404780322457,-1.6715745314081785,Period II,2007-01-01
2011-03-21,GJR-GARCH,0.025,1.5378969497287496,1.6686501807249645,-2.5805491252548594,-3.3385196034280256,Period II,2007-01-01
2011-03-22,GJR-GARCH,0.025,-0.3474598786978691,1.6686501807249645,-2.5805491252548594,-3.3385196034280256,Period II,2007-01-01
2011-03-23,GJR-GARCH,0.025,0.2857776653072565,1.6686501807249645,-2.5805491252548594,-3.3385196034280256,Period II,2007-01-01
2011-03-24,GJR-GARCH,0.025,0.951795829774732,1.6686501807249645,-2.5805491252548594,-3.3385196034280256,Period II,2007-01-01
2011-03-25,GJR-GARCH,0.025,0.3051178262846453,1.6686501807249645,-2.5805491252548594,-3.3385196034280256,Period II,2007-01-01
2011-03-28,GJR-GARCH,0.025,-0.24401973806626945,1.6686501807249645,-2.5805491252548594,-3.3385196034280256,Period II,2007-01-01
2011-03-29,GJR-GARCH,0.025,0.6696151143217117,1.6686501807249645,-2.5805491252548594,-3.3385196034280256,Period II,2007-01-01
2011-03-30,GJR-GARCH,0.025,0.6877581773286895,1.6686501807249645,-2.5805491252548594,-3.3385196034280256,Period II,2007-01-01
2011-03-31,GJR-GARCH,0.025,-0.13567075803988482,1.6686501807249645,-2.5805491252548594,-3.3385196034280256,Period II,2007-01-01
2011-04-01,GJR-GARCH,0.025,0.42146339137174116,1.6686501807249645,-2.5805491252548594,-3.3385196034280256,Period II,2007-01-01
2011-04-04,GJR-GARCH,0.025,0.08257994924441352,1.6686501807249645,-2.5805491252548594,-3.3385196034280256,Period II,2007-01-01
2011-04-05,GJR-GARCH,0.025,-0.01500113599201931,1.6686501807249645,-2.5805491252548594,-3.3385196034280256,Period II,2007-01-01
2011-04-06,GJR-GARCH,0.025,0.3147234928549288,1.6686501807249645,-2.5805491252548594,-3.3385196034280256,Period II,2007-01-01
2011-04-07,GJR-GARCH,0.025,-0.25469811049454494,1.6686501807249645,-2.5805491252548594,-3.3385196034280256,Period II,2007-01-01
2011-04-08,GJR-GARCH,0.025,-0.34563615456314933,1.6686501807249645,-2.5805491252548594,-3.3385196034280256,Period II,2007-01-01
2011-04-11,GJR-GARCH,0.025,-0.30151830882110936,1.6686501807249645,-2.5805491252548594,-3.3385196034280256,Period II,2007-01-01
2011-04-12,GJR-GARCH,0.025,-0.7502065749284654,1.6686501807249645,-2.5805491252548594,-3.3385196034280256,Period II,2007-01-01
2011-04-13,GJR-GARCH,0.025,-0.007602408655647419,1.6686501807249645,-2.5805491252548594,-3.3385196034280256,Period II,2007-01-01
2011-04-14,GJR-GARCH,0.025,0.07603288565081602,1.6686501807249645,-2.5805491252548594,-3.3385196034280256,Period II,2007-01-01
2011-04-15,GJR-GARCH,0.025,0.36418533742727915,1.6686501807249645,-2.5805491252548594,-3.3385196034280256,Period II,2007-01-01
2011-04-18,GJR-GARCH,0.025,-1.1271983621468706,0.5415315224487758,-1.4705708477823214,-1.9160371839625312,Period II,2007-01-01
2011-04-19,GJR-GARCH,0.025,0.5728048761922306,0.5415315224487758,-1.4705708477823214,-1.9160371839625312,Period II,2007-01-01
2011-04-20,GJR-GARCH,0.025,1.3539849979458638,0.5415315224487758,-1.4705708477823214,-1.9160371839625312,Period II,2007-01-01
2011-04-21,GJR-GARCH,0.025,0.5095879307875055,0.5415315224487758,-1.4705708477823214,-1.9160371839625312,Period II,2007-01-01
2011-04-25,GJR-GARCH,0.025,-0.10470376441327701,0.5415315224487758,-1.4705708477823214,-1.9160371839625312,Period II,2007-01-01
2011-04-26,GJR-GARCH,0.025,0.8568349018922111,0.5415315224487758,-1.4705708477823214,-1.9160371839625312,Period II,2007-01-01
2011-04-27,GJR-GARCH,0.025,0.6507491060485546,0.5415315224487758,-1.4705708477823214,-1.9160371839625312,Period II,2007-01-01
2011-04-28,GJR-GARCH,0.025,0.32379338274032937,0.5415315224487758,-1.4705708477823214,-1.9160371839625312,Period II,2007-01-01
2011-04-29,GJR-GARCH,0.025,0.2348222061735955,0.5415315224487758,-1.4705708477823214,-1.9160371839625312,Period II,2007-01-01
2011-05-02,GJR-GARCH,0.025,-0.15403741155360814,0.5415315224487758,-1.4705708477823214,-1.9160371839625312,Period II,2007-01-01
2011-05-03,GJR-GARCH,0.025,-0.3603647942207419,0.5415315224487758,-1.4705708477823214,-1.9160371839625312,Period II,2007-01-01
2011-05-04,GJR-GARCH,0.025,-0.6652847605774445,0.5415315224487758,-1.4705708477823214,-1.9160371839625312,Period II,2007-01-01
2011-05-05,GJR-GARCH,0.025,-0.90896260574921,0.5415315224487758,-1.4705708477823214,-1.9160371839625312,Period II,2007-01-01
2011-05-06,GJR-GARCH,0.025,0.4406088628249448,0.5415315224487758,-1.4705708477823214,-1.9160371839625312,Period II,2007-01-01
2011-05-09,GJR-GARCH,0.025,0.3867357757845281,0.5415315224487758,-1.4705708477823214,-1.9160371839625312,Period II,2007-01-01
2011-05-10,GJR-GARCH,0.025,0.84999507437913,0.5415315224487758,-1.4705708477823214,-1.9160371839625312,Period II,2007-01-01
2011-05-11,GJR-GARCH,0.025,-1.0580489282121406,0.5415315224487758,-1.4705708477823214,-1.9160371839625312,Period II,2007-01-01
2011-05-12,GJR-GARCH,0.025,0.47491880559770866,0.5415315224487758,-1.4705708477823214,-1.9160371839625312,Period II,2007-01-01
2011-05-13,GJR-GARCH,0.025,-0.7728996292128418,0.5415315224487758,-1.4705708477823214,-1.9160371839625312,Period II,2007-01-01
2011-05-16,GJR-GARCH,0.025,-0.6361514237382823,0.5415315224487758,-1.4705708477823214,-1.9160371839625312,Period II,2007-01-01
2011-05-17,GJR-GARCH,0.025,-0.015020477889104714,0.765093071873246,-1.7475111336871576,-2.2637470876812404,Period II,2007-01-01
2011-05-18,GJR-GARCH,0.025,0.8896275522450333,0.765093071873246,-1.7475111336871576,-2.2637470876812404,Period II,2007-01-01
2011-05-19,GJR-GARCH,0.025,0.2378770623743367,0.765093071873246,-1.7475111336871576,-2.2637470876812404,Period II,2007-01-01
2011-05-20,GJR-GARCH,0.025,-0.7976426741533248,0.765093071873246,-1.7475111336871576,-2.2637470876812404,Period II,2007-01-01
2011-05-23,GJR-GARCH,0.025,-1.1668766889634001,0.765093071873246,-1.7475111336871576,-2.2637470876812404,Period II,2007-01-01
2011-05-24,GJR-GARCH,0.025,-0.08333064581316543,0.765093071873246,-1.7475111336871576,-2.2637470876812404,Period II,2007-01-01
2011-05-25,GJR-GARCH,0.025,0.33290675181164125,0.765093071873246,-1.7475111336871576,-2.2637470876812404,Period II,2007-01-01
2011-05-26,GJR-GARCH,0.025,0.4597020882442528,0.765093071873246,-1.7475111336871576,-2.2637470876812404,Period II,2007-01-01
2011-05-27,GJR-GARCH,0.025,0.3827212036034536,0.765093071873246,-1.7475111336871576,-2.2637470876812404,Period II,2007-01-01
2011-05-31,GJR-GARCH,0.025,1.0357377711179272,0.765093071873246,-1.7475111336871576,-2.2637470876812404,Period II,2007-01-01
2011-06-01,GJR-GARCH,0.025,-2.271716617683093,0.765093071873246,-1.7475111336871576,-2.2637470876812404,Period II,2007-01-01
2011-06-02,GJR-GARCH,0.025,-0.10622109838710118,0.765093071873246,-1.7475111336871576,-2.2637470876812404,Period II,2007-01-01
2011-06-03,GJR-GARCH,0.025,-0.9994342882886753,0.765093071873246,-1.7475111336871576,-2.2637470876812404,Period II,2007-01-01
2011-06-06,GJR-GARCH,0.025,-1.063761613777586,0.765093071873246,-1.7475111336871576,-2.2637470876812404,Period II,2007-01-01
2011-06-07,GJR-GARCH,0.025,-0.062005096766113064,0.765093071873246,-1.7475111336871576,-2.2637470876812404,Period II,2007-01-01
2011-06-08,GJR-GARCH,0.025,-0.4196202712369402,0.765093071873246,-1.7475111336871576,-2.2637470876812404,Period II,2007-01-01
2011-06-09,GJR-GARCH,0.025,0.7602206791408592,0.765093071873246,-1.7475111336871576,-2.2637470876812404,Period II,2007-01-01
2011-06-10,GJR-GARCH,0.025,-1.400797594659042,0.765093071873246,-1.7475111336871576,-2.2637470876812404,Period II,2007-01-01
2011-06-13,GJR-GARCH,0.025,0.07833801882340768,0.765093071873246,-1.7475111336871576,-2.2637470876812404,Period II,2007-01-01
2011-06-14,GJR-GARCH,0.025,1.2606270353002091,0.765093071873246,-1.7475111336871576,-2.2637470876812404,Period II,2007-01-01
2011-06-15,GJR-GARCH,0.025,-1.7945481547184419,1.2567032919185148,-2.239977625969946,-2.910304458562722,Period II,2007-01-01
2011-06-16,GJR-GARCH,0.025,0.22020015898782608,1.2567032919185148,-2.239977625969946,-2.910304458562722,Period II,2007-01-01
2011-06-17,GJR-GARCH,0.025,-0.19657957500154952,1.2567032919185148,-2.239977625969946,-2.910304458562722,Period II,2007-01-01
2011-06-20,GJR-GARCH,0.025,0.5103005354319755,1.2567032919185148,-2.239977625969946,-2.910304458562722,Period II,2007-01-01
2011-06-21,GJR-GARCH,0.025,1.3610943482121969,1.2567032919185148,-2.239977625969946,-2.910304458562722,Period II,2007-01-01
2011-06-22,GJR-GARCH,0.025,-0.6043709656474322,1.2567032919185148,-2.239977625969946,-2.910304458562722,Period II,2007-01-01
2011-06-23,GJR-GARCH,0.025,-0.28796775585726825,1.2567032919185148,-2.239977625969946,-2.910304458562722,Period II,2007-01-01
2011-06-24,GJR-GARCH,0.025,-1.1681411413365772,1.2567032919185148,-2.239977625969946,-2.910304458562722,Period II,2007-01-01
2011-06-27,GJR-GARCH,0.025,0.8871539110088738,1.2567032919185148,-2.239977625969946,-2.910304458562722,Period II,2007-01-01
2011-06-28,GJR-GARCH,0.025,1.2968523040000555,1.2567032919185148,-2.239977625969946,-2.910304458562722,Period II,2007-01-01
2011-06-29,GJR-GARCH,0.025,0.8527694305573862,1.2567032919185148,-2.239977625969946,-2.910304458562722,Period II,2007-01-01
2011-06-30,GJR-GARCH,0.025,0.9516992828594328,1.2567032919185148,-2.239977625969946,-2.910304458562722,Period II,2007-01-01
2011-07-01,GJR-GARCH,0.025,1.4667959789823863,1.2567032919185148,-2.239977625969946,-2.910304458562722,Period II,2007-01-01
2011-07-05,GJR-GARCH,0.025,-0.08217279968376062,1.2567032919185148,-2.239977625969946,-2.910304458562722,Period II,2007-01-01
2011-07-06,GJR-GARCH,0.025,0.11950383290817403,1.2567032919185148,-2.239977625969946,-2.910304458562722,Period II,2007-01-01
2011-07-07,GJR-GARCH,0.025,1.0321996966352438,1.2567032919185148,-2.239977625969946,-2.910304458562722,Period II,2007-01-01
2011-07-08,GJR-GARCH,0.025,-0.711751769102607,1.2567032919185148,-2.239977625969946,-2.910304458562722,Period II,2007-01-01
2011-07-11,GJR-GARCH,0.025,-1.8245749397394189,1.2567032919185148,-2.239977625969946,-2.910304458562722,Period II,2007-01-01
2011-07-12,GJR-GARCH,0.025,-0.4328573677972774,1.2567032919185148,-2.239977625969946,-2.910304458562722,Period II,2007-01-01
2011-07-13,GJR-GARCH,0.025,0.3342978783620863,1.2567032919185148,-2.239977625969946,-2.910304458562722,Period II,2007-01-01
2011-07-14,GJR-GARCH,0.025,-0.6926265084537383,1.1109573569370432,-2.105332944717417,-2.7182475113665294,Period II,2007-01-01
2011-07-15,GJR-GARCH,0.025,0.5787920961467228,1.1109573569370432,-2.105332944717417,-2.7182475113665294,Period II,2007-01-01
2011-07-18,GJR-GARCH,0.025,-0.8234905998654835,1.1109573569370432,-2.105332944717417,-2.7182475113665294,Period II,2007-01-01
2011-07-19,GJR-GARCH,0.025,1.6101169186483368,1.1109573569370432,-2.105332944717417,-2.7182475113665294,Period II,2007-01-01
2011-07-20,GJR-GARCH,0.025,-0.060292287742959555,1.1109573569370432,-2.105332944717417,-2.7182475113665294,Period II,2007-01-01
2011-07-21,GJR-GARCH,0.025,1.377585310829419,1.1109573569370432,-2.105332944717417,-2.7182475113665294,Period II,2007-01-01
2011-07-22,GJR-GARCH,0.025,0.06689436860065935,1.1109573569370432,-2.105332944717417,-2.7182475113665294,Period II,2007-01-01
2011-07-25,GJR-GARCH,0.025,-0.5588479875640823,1.1109573569370432,-2.105332944717417,-2.7182475113665294,Period II,2007-01-01
2011-07-26,GJR-GARCH,0.025,-0.3743079629607383,1.1109573569370432,-2.105332944717417,-2.7182475113665294,Period II,2007-01-01
2011-07-27,GJR-GARCH,0.025,-2.0688008283868005,1.1109573569370432,-2.105332944717417,-2.7182475113665294,Period II,2007-01-01
2011-07-28,GJR-GARCH,0.025,-0.2913926393876417,1.1109573569370432,-2.105332944717417,-2.7182475113665294,Period II,2007-01-01
2011-07-29,GJR-GARCH,0.025,-0.685804559771897,1.1109573569370432,-2.105332944717417,-2.7182475113665294,Period II,2007-01-01
2011-08-01,GJR-GARCH,0.025,-0.42617789541002615,1.1109573569370432,-2.105332944717417,-2.7182475113665294,Period II,2007-01-01
2011-08-02,GJR-GARCH,0.025,-2.587945553195333,1.1109573569370432,-2.105332944717417,-2.7182475113665294,Period II,2007-01-01
2011-08-03,GJR-GARCH,0.025,0.5404132327946674,1.1109573569370432,-2.105332944717417,-2.7182475113665294,Period II,2007-01-01
2011-08-04,GJR-GARCH,0.025,-4.797410605219454,1.1109573569370432,-2.105332944717417,-2.7182475113665294,Period II,2007-01-01
2011-08-05,GJR-GARCH,0.025,-0.14978808010258596,1.1109573569370432,-2.105332944717417,-2.7182475113665294,Period II,2007-01-01
2011-08-08,GJR-GARCH,0.025,-6.734057403046549,1.1109573569370432,-2.105332944717417,-2.7182475113665294,Period II,2007-01-01
2011-08-09,GJR-GARCH,0.025,4.5450506361566,1.1109573569370432,-2.105332944717417,-2.7182475113665294,Period II,2007-01-01
2011-08-10,GJR-GARCH,0.025,-4.518331616724278,1.1109573569370432,-2.105332944717417,-2.7182475113665294,Period II,2007-01-01
2011-08-11,GJR-GARCH,0.025,4.390567430386802,14.779930614144217,-7.682673837387295,-10.011432819314003,Period II,2007-01-01
2011-08-12,GJR-GARCH,0.025,0.6710587086638596,14.779930614144217,-7.682673837387295,-10.011432819314003,Period II,2007-01-01
2011-08-15,GJR-GARCH,0.025,2.0944050665182243,14.779930614144217,-7.682673837387295,-10.011432819314003,Period II,2007-01-01
2011-08-16,GJR-GARCH,0.025,-0.8575935434864694,14.779930614144217,-7.682673837387295,-10.011432819314003,Period II,2007-01-01
2011-08-17,GJR-GARCH,0.025,0.06687439260467234,14.779930614144217,-7.682673837387295,-10.011432819314003,Period II,2007-01-01
2011-08-18,GJR-GARCH,0.025,-4.407576520390514,14.779930614144217,-7.682673837387295,-10.011432819314003,Period II,2007-01-01
2011-08-19,GJR-GARCH,0.025,-1.646528708952503,14.779930614144217,-7.682673837387295,-10.011432819314003,Period II,2007-01-01
2011-08-22,GJR-GARCH,0.025,0.07987218438405376,14.779930614144217,-7.682673837387295,-10.011432819314003,Period II,2007-01-01
2011-08-23,GJR-GARCH,0.025,3.2380531009528957,14.779930614144217,-7.682673837387295,-10.011432819314003,Period II,2007-01-01
2011-08-24,GJR-GARCH,0.025,1.3986236514564057,14.779930614144217,-7.682673837387295,-10.011432819314003,Period II,2007-01-01
2011-08-25,GJR-GARCH,0.025,-1.5361311166349485,14.779930614144217,-7.682673837387295,-10.011432819314003,Period II,2007-01-01
2011-08-26,GJR-GARCH,0.025,1.44293000086114,14.779930614144217,-7.682673837387295,-10.011432819314003,Period II,2007-01-01
2011-08-29,GJR-GARCH,0.025,2.833097486821802,14.779930614144217,-7.682673837387295,-10.011432819314003,Period II,2007-01-01
2011-08-30,GJR-GARCH,0.025,0.2633310389515277,14.779930614144217,-7.682673837387295,-10.011432819314003,Period II,2007-01-01
2011-08-31,GJR-GARCH,0.025,0.44280589954652844,14.779930614144217,-7.682673837387295,-10.011432819314003,Period II,2007-01-01
2011-09-01,GJR-GARCH,0.025,-1.0528134422534179,14.779930614144217,-7.682673837387295,-10.011432819314003,Period II,2007-01-01
2011-09-02,GJR-GARCH,0.025,-2.588195859748386,14.779930614144217,-7.682673837387295,-10.011432819314003,Period II,2007-01-01
2011-09-06,GJR-GARCH,0.025,-0.7324173634934822,14.779930614144217,-7.682673837387295,-10.011432819314003,Period II,2007-01-01
2011-09-07,GJR-GARCH,0.025,2.7817058817413183,14.779930614144217,-7.682673837387295,-10.011432819314003,Period II,2007-01-01
2011-09-08,GJR-GARCH,0.025,-1.0445922841278863,14.779930614144217,-7.682673837387295,-10.011432819314003,Period II,2007-01-01
2011-09-09,GJR-GARCH,0.025,-2.65592965591247,4.387806193431528,-4.1860254068194624,-5.455660244510654,Period II,2007-01-01
2011-09-12,GJR-GARCH,0.025,0.6449138924880436,4.387806193431528,-4.1860254068194624,-5.455660244510654,Period II,2007-01-01
2011-09-13,GJR-GARCH,0.025,0.9129364315030244,4.387806193431528,-4.1860254068194624,-5.455660244510654,Period II,2007-01-01
2011-09-14,GJR-GARCH,0.025,1.374915065943775,4.387806193431528,-4.1860254068194624,-5.455660244510654,Period II,2007-01-01
2011-09-15,GJR-GARCH,0.025,1.7110031462982918,4.387806193431528,-4.1860254068194624,-5.455660244510654,Period II,2007-01-01
2011-09-16,GJR-GARCH,0.025,0.07408630840709542,4.387806193431528,-4.1860254068194624,-5.455660244510654,Period II,2007-01-01
2011-09-19,GJR-GARCH,0.025,-1.0007105910177692,4.387806193431528,-4.1860254068194624,-5.455660244510654,Period II,2007-01-01
2011-09-20,GJR-GARCH,0.025,-0.11643330667982066,4.387806193431528,-4.1860254068194624,-5.455660244510654,Period II,2007-01-01
2011-09-21,GJR-GARCH,0.025,-2.990088453258005,4.387806193431528,-4.1860254068194624,-5.455660244510654,Period II,2007-01-01
2011-09-22,GJR-GARCH,0.025,-3.2858389204389793,4.387806193431528,-4.1860254068194624,-5.455660244510654,Period II,2007-01-01
2011-09-23,GJR-GARCH,0.025,0.6007087857023056,4.387806193431528,-4.1860254068194624,-5.455660244510654,Period II,2007-01-01
2011-09-26,GJR-GARCH,0.025,2.3501795078211662,4.387806193431528,-4.1860254068194624,-5.455660244510654,Period II,2007-01-01
2011-09-27,GJR-GARCH,0.025,1.1121708089304598,4.387806193431528,-4.1860254068194624,-5.455660244510654,Period II,2007-01-01
2011-09-28,GJR-GARCH,0.025,-2.0629935026862865,4.387806193431528,-4.1860254068194624,-5.455660244510654,Period II,2007-01-01
2011-09-29,GJR-GARCH,0.025,0.7872385070655765,4.387806193431528,-4.1860254068194624,-5.455660244510654,Period II,2007-01-01
2011-09-30,GJR-GARCH,0.025,-2.530677345236948,4.387806193431528,-4.1860254068194624,-5.455660244510654,Period II,2007-01-01
2011-10-03,GJR-GARCH,0.025,-2.887058319813414,4.387806193431528,-4.1860254068194624,-5.455660244510654,Period II,2007-01-01
2011-10-04,GJR-GARCH,0.025,2.1686152138976267,4.387806193431528,-4.1860254068194624,-5.455660244510654,Period II,2007-01-01
2011-10-05,GJR-GARCH,0.025,1.8345918331616917,4.387806193431528,-4.1860254068194624,-5.455660244510654,Period II,2007-01-01
2011-10-06,GJR-GARCH,0.025,1.7929541235911752,4.387806193431528,-4.1860254068194624,-5.455660244510654,Period II,2007-01-01
2011-10-07,GJR-GARCH,0.025,-0.6718361097380832,4.378225385944846,-4.1793035334935436,-5.39298614955196,Period II,2007-01-01
2011-10-10,GJR-GARCH,0.025,3.2898565789152205,4.378225385944846,-4.1793035334935436,-5.39298614955196,Period II,2007-01-01
2011-10-11,GJR-GARCH,0.025,0.10029683037337549,4.378225385944846,-4.1793035334935436,-5.39298614955196,Period II,2007-01-01
2011-10-12,GJR-GARCH,0.025,0.8733705463807772,4.378225385944846,-4.1793035334935436,-5.39298614955196,Period II,2007-01-01
2011-10-13,GJR-GARCH,0.025,-0.19895377667991324,4.378225385944846,-4.1793035334935436,-5.39298614955196,Period II,2007-01-01
2011-10-14,GJR-GARCH,0.025,1.6949538097382644,4.378225385944846,-4.1793035334935436,-5.39298614955196,Period II,2007-01-01
2011-10-17,GJR-GARCH,0.025,-1.9275689955516837,4.378225385944846,-4.1793035334935436,-5.39298614955196,Period II,2007-01-01
2011-10-18,GJR-GARCH,0.025,1.9357290087466699,4.378225385944846,-4.1793035334935436,-5.39298614955196,Period II,2007-01-01
2011-10-19,GJR-GARCH,0.025,-1.1899566641168824,4.378225385944846,-4.1793035334935436,-5.39298614955196,Period II,2007-01-01
2011-10-20,GJR-GARCH,0.025,0.4365972639690508,4.378225385944846,-4.1793035334935436,-5.39298614955196,Period II,2007-01-01
2011-10-21,GJR-GARCH,0.025,1.8809311703080418,4.378225385944846,-4.1793035334935436,-5.39298614955196,Period II,2007-01-01
2011-10-24,GJR-GARCH,0.025,1.2186446402285758,4.378225385944846,-4.1793035334935436,-5.39298614955196,Period II,2007-01-01
2011-10-25,GJR-GARCH,0.025,-1.9635255461081464,4.378225385944846,-4.1793035334935436,-5.39298614955196,Period II,2007-01-01
2011-10-26,GJR-GARCH,0.025,1.0107221430194213,4.378225385944846,-4.1793035334935436,-5.39298614955196,Period II,2007-01-01
2011-10-27,GJR-GARCH,0.025,3.4242080982544705,4.378225385944846,-4.1793035334935436,-5.39298614955196,Period II,2007-01-01
2011-10-28,GJR-GARCH,0.025,-0.023324478600182927,4.378225385944846,-4.1793035334935436,-5.39298614955196,Period II,2007-01-01
2011-10-31,GJR-GARCH,0.025,-2.440110069292053,4.378225385944846,-4.1793035334935436,-5.39298614955196,Period II,2007-01-01
2011-11-01,GJR-GARCH,0.025,-2.828471383858199,4.378225385944846,-4.1793035334935436,-5.39298614955196,Period II,2007-01-01
2011-11-02,GJR-GARCH,0.025,1.6179855229439513,4.378225385944846,-4.1793035334935436,-5.39298614955196,Period II,2007-01-01
2011-11-03,GJR-GARCH,0.025,1.8063168192773142,4.378225385944846,-4.1793035334935436,-5.39298614955196,Period II,2007-01-01
2011-11-04,GJR-GARCH,0.025,-0.6117658080253967,3.298473917611772,-3.626023741791397,-4.655490096917348,Period II,2007-01-01
2011-11-07,GJR-GARCH,0.025,0.6196879783561348,3.298473917611772,-3.626023741791397,-4.655490096917348,Period II,2007-01-01
2011-11-08,GJR-GARCH,0.025,1.2749012855056312,3.298473917611772,-3.626023741791397,-4.655490096917348,Period II,2007-01-01
2011-11-09,GJR-GARCH,0.025,-3.7607949922965935,3.298473917611772,-3.626023741791397,-4.655490096917348,Period II,2007-01-01
2011-11-10,GJR-GARCH,0.025,0.9374531373710209,3.298473917611772,-3.626023741791397,-4.655490096917348,Period II,2007-01-01
2011-11-11,GJR-GARCH,0.025,1.8647475836618268,3.298473917611772,-3.626023741791397,-4.655490096917348,Period II,2007-01-01
2011-11-14,GJR-GARCH,0.025,-0.951938462996258,3.298473917611772,-3.626023741791397,-4.655490096917348,Period II,2007-01-01
2011-11-15,GJR-GARCH,0.025,0.4929665261295321,3.298473917611772,-3.626023741791397,-4.655490096917348,Period II,2007-01-01
2011-11-16,GJR-GARCH,0.025,-1.5990107007195373,3.298473917611772,-3.626023741791397,-4.655490096917348,Period II,2007-01-01
2011-11-17,GJR-GARCH,0.025,-1.6004250782027263,3.298473917611772,-3.626023741791397,-4.655490096917348,Period II,2007-01-01
2011-11-18,GJR-GARCH,0.025,-0.10651584546348021,3.298473917611772,-3.626023741791397,-4.655490096917348,Period II,2007-01-01
2011-11-21,GJR-GARCH,0.025,-1.9202705822494954,3.298473917611772,-3.626023741791397,-4.655490096917348,Period II,2007-01-01
2011-11-22,GJR-GARCH,0.025,-0.3935539588244083,3.298473917611772,-3.626023741791397,-4.655490096917348,Period II,2007-01-01
2011-11-23,GJR-GARCH,0.025,-2.2312738036471798,3.298473917611772,-3.626023741791397,-4.655490096917348,Period II,2007-01-01
2011-11-25,GJR-GARCH,0.025,-0.18892339364911,3.298473917611772,-3.626023741791397,-4.655490096917348,Period II,2007-01-01
2011-11-28,GJR-GARCH,0.025,2.8555236610433044,3.298473917611772,-3.626023741791397,-4.655490096917348,Period II,2007-01-01
2011-11-29,GJR-GARCH,0.025,0.28362044725834423,3.298473917611772,-3.626023741791397,-4.655490096917348,Period II,2007-01-01
2011-11-30,GJR-GARCH,0.025,4.032536892293411,3.298473917611772,-3.626023741791397,-4.655490096917348,Period II,2007-01-01
2011-12-01,GJR-GARCH,0.025,-0.015999874525770223,3.298473917611772,-3.626023741791397,-4.655490096917348,Period II,2007-01-01
2011-12-02,GJR-GARCH,0.025,-0.08806037437761391,3.298473917611772,-3.626023741791397,-4.655490096917348,Period II,2007-01-01
2011-12-05,GJR-GARCH,0.025,1.0833311305441844,2.291022476385046,-3.0230425019383396,-3.897865844183403,Period II,2007-01-01
2011-12-06,GJR-GARCH,0.025,0.03168640314494092,2.291022476385046,-3.0230425019383396,-3.897865844183403,Period II,2007-01-01
2011-12-07,GJR-GARCH,0.025,0.3715575724058595,2.291022476385046,-3.0230425019383396,-3.897865844183403,Period II,2007-01-01
2011-12-08,GJR-GARCH,0.025,-2.2180631722513984,2.291022476385046,-3.0230425019383396,-3.897865844183403,Period II,2007-01-01
2011-12-09,GJR-GARCH,0.025,1.6800443984299855,2.291022476385046,-3.0230425019383396,-3.897865844183403,Period II,2007-01-01
2011-12-12,GJR-GARCH,0.025,-1.4705003659321119,2.291022476385046,-3.0230425019383396,-3.897865844183403,Period II,2007-01-01
2011-12-13,GJR-GARCH,0.025,-0.9382872547278114,2.291022476385046,-3.0230425019383396,-3.897865844183403,Period II,2007-01-01
2011-12-14,GJR-GARCH,0.025,-1.0703196119725815,2.291022476385046,-3.0230425019383396,-3.897865844183403,Period II,2007-01-01
2011-12-15,GJR-GARCH,0.025,0.3607764201080332,2.291022476385046,-3.0230425019383396,-3.897865844183403,Period II,2007-01-01
2011-12-16,GJR-GARCH,0.025,-0.48406705295579816,2.291022476385046,-3.0230425019383396,-3.897865844183403,Period II,2007-01-01
2011-12-19,GJR-GARCH,0.025,-1.0749197572835998,2.291022476385046,-3.0230425019383396,-3.897865844183403,Period II,2007-01-01
2011-12-20,GJR-GARCH,0.025,2.981139092228546,2.291022476385046,-3.0230425019383396,-3.897865844183403,Period II,2007-01-01
2010-12-22,Original GARCHNet,0.025,0.31054640754708324,0.7197708487510681,-1.6753386793250633,-2.0391252463228775,Period II,2007-01-01
2010-12-23,Original GARCHNet,0.025,-0.14320975249110487,0.7197642922401428,-1.6753303342197483,-2.0391123940864793,Period II,2007-01-01
2010-12-27,Original GARCHNet,0.025,0.03980342481033424,0.7200130224227905,-1.6756187051696154,-2.039459318800183,Period II,2007-01-01
2010-12-28,Original GARCHNet,0.025,0.14315280222058227,0.7200470566749573,-1.6756585949279865,-2.039508955739419,Period II,2007-01-01
2010-12-29,Original GARCHNet,0.025,0.07149659719904494,0.7199904322624207,-1.675593377709964,-2.0394321073457644,Period II,2007-01-01
2010-12-30,Original GARCHNet,0.025,-0.15895484886163214,0.7200252413749695,-1.6756336335396504,-2.0394801678245593,Period II,2007-01-01
2010-12-31,Original GARCHNet,0.025,0.0238587340784555,0.7202538251876831,-1.675898032083787,-2.0397960984494645,Period II,2007-01-01
2011-01-03,Original GARCHNet,0.025,1.0284924806456492,0.7202066779136658,-1.6758439439622863,-2.039733148059999,Period II,2007-01-01
2011-01-04,Original GARCHNet,0.025,-0.05511136072903331,0.7197529077529907,-1.6753160951233859,-2.0390913306412872,Period II,2007-01-01
2011-01-05,Original GARCHNet,0.025,0.5184176449207462,0.7198451161384583,-1.6754243821975288,-2.039226816073492,Period II,2007-01-01
2011-01-06,Original GARCHNet,0.025,-0.19605542977314794,0.7197417616844177,-1.6753035699973227,-2.039077771055974,Period II,2007-01-01
2011-01-07,Original GARCHNet,0.025,-0.19644056228539014,0.720012366771698,-1.6756177545608806,-2.0394574539672443,Period II,2007-01-01
2011-01-10,Original GARCHNet,0.025,-0.12592165286221443,0.7202625870704651,-1.6759077779226585,-2.039806271885735,Period II,2007-01-01
2011-01-11,Original GARCHNet,0.025,0.3537576440023422,0.7203487753868103,-1.6760081196861252,-2.0399286775199,Period II,2007-01-01
2011-01-12,Original GARCHNet,0.025,0.8984096335089451,0.7199705839157104,-1.6755712606410968,-2.0394088801274757,Period II,2007-01-01
2011-01-13,Original GARCHNet,0.025,-0.1634611894315131,0.7197467684745789,-1.6753085638823908,-2.0390807074674226,Period II,2007-01-01
2011-01-14,Original GARCHNet,0.025,0.7218628320147511,0.7198995351791382,-1.6754873789465328,-2.0393022412626474,Period II,2007-01-01
2011-01-18,Original GARCHNet,0.025,0.17000329763009425,0.7197295427322388,-1.6752885396937804,-2.039056424131066,Period II,2007-01-01
2011-01-19,Original GARCHNet,0.025,-0.9853858305382115,0.7197452187538147,-1.6753077238560592,-2.039083318828674,Period II,2007-01-01
2011-01-20,Original GARCHNet,0.025,-0.13264010662401665,0.7208203077316284,-1.676552187848565,-2.0405743272244785,Period II,2007-01-01
2011-01-21,Original GARCHNet,0.025,0.22615980751737275,0.7367804050445557,-1.6950382595029514,-2.063175803446254,Period II,2007-01-01
2011-01-24,Original GARCHNet,0.025,0.5670664070208581,0.736727237701416,-1.694974105842991,-2.0630864190018356,Period II,2007-01-01
2011-01-25,Original GARCHNet,0.025,0.054200693836145,0.7365328669548035,-1.694747263065546,-2.0627981034470424,Period II,2007-01-01
2011-01-26,Original GARCHNet,0.025,0.38633953715288855,0.7365916967391968,-1.6948140250015775,-2.0628758940967478,Period II,2007-01-01
2011-01-27,Original GARCHNet,0.025,0.24648192383741713,0.7364299893379211,-1.6946271845662508,-2.0626454783177666,Period II,2007-01-01
2011-01-28,Original GARCHNet,0.025,-1.7617189274053888,0.7363855838775635,-1.694575466211439,-2.0625801666711507,Period II,2007-01-01
2011-01-31,Original GARCHNet,0.025,0.7488268048510469,0.7377241253852844,-1.6961249448009317,-2.0645040493673403,Period II,2007-01-01
2011-02-01,Original GARCHNet,0.025,1.5882014747780775,0.7368931174278259,-1.695167106419595,-2.063329610521699,Period II,2007-01-01
2011-02-02,Original GARCHNet,0.025,-0.19140226299316068,0.7363258004188538,-1.6945064031604673,-2.062495069504823,Period II,2007-01-01
2011-02-03,Original GARCHNet,0.025,0.22198752285183318,0.7365472912788391,-1.69476047655169,-2.0628014296914454,Period II,2007-01-01
2011-02-04,Original GARCHNet,0.025,0.2825146975337663,0.7364378571510315,-1.6946350600011695,-2.0626506237894886,Period II,2007-01-01
2011-02-07,Original GARCHNet,0.025,0.6232973504143775,0.7363511323928833,-1.6945352236722835,-2.0625289134744187,Period II,2007-01-01
2011-02-08,Original GARCHNet,0.025,0.45362297801004947,0.7361124753952026,-1.694259698643991,-2.0621901705939276,Period II,2007-01-01
2011-02-09,Original GARCHNet,0.025,-0.2265542719678451,0.7360183000564575,-1.6941504617557546,-2.0620539863485066,Period II,2007-01-01
2011-02-10,Original GARCHNet,0.025,0.037796628868440124,0.7363095283508301,-1.694487862102438,-2.0624731904384674,Period II,2007-01-01
2011-02-11,Original GARCHNet,0.025,0.595257201654703,0.7363602519035339,-1.6945478465432944,-2.062552312084386,Period II,2007-01-01
2011-02-14,Original GARCHNet,0.025,0.24010822182387254,0.7361245155334473,-1.6942751899027204,-2.062215195170118,Period II,2007-01-01
2011-02-15,Original GARCHNet,0.025,-0.3152668796160044,0.736158013343811,-1.6943130841142928,-2.062258848214211,Period II,2007-01-01
2011-02-16,Original GARCHNet,0.025,0.6295543499705147,0.7364476323127747,-1.6946493445334603,-2.0626794702466804,Period II,2007-01-01
2011-02-17,Original GARCHNet,0.025,0.2983917822945191,0.7361653447151184,-1.6943228392572067,-2.062275695382069,Period II,2007-01-01
2011-02-18,Original GARCHNet,0.025,0.20834800346416876,0.7778591513633728,-1.7417132099881225,-2.120225532180837,Period II,2007-01-01
2011-02-22,Original GARCHNet,0.025,-2.0273985764222773,0.7779139280319214,-1.7417752380202,-2.1203036997666858,Period II,2007-01-01
2011-02-23,Original GARCHNet,0.025,-0.6163211746435968,0.7813645601272583,-1.7456627271869827,-2.12514464857998,Period II,2007-01-01
2011-02-24,Original GARCHNet,0.025,-0.06872426132549282,0.7818429470062256,-1.746200413018183,-2.125812008777648,Period II,2007-01-01
2011-02-25,Original GARCHNet,0.025,1.0636043322289848,0.7815890908241272,-1.7459129285192754,-2.12544698927846,Period II,2007-01-01
2011-02-28,Original GARCHNet,0.025,0.6177449798552023,0.7803286910057068,-1.7444852650479807,-2.1236357740139606,Period II,2007-01-01
2011-03-01,Original GARCHNet,0.025,-1.6813493120841887,0.7793274521827698,-1.7433577110369345,-2.122232830587076,Period II,2007-01-01
2011-03-02,Original GARCHNet,0.025,0.21363709867891836,0.7819780111312866,-1.746344780369316,-2.125963341392668,Period II,2007-01-01
2011-03-03,Original GARCHNet,0.025,1.7077598345467793,0.7817065715789795,-1.7460353834174456,-2.1255629511684058,Period II,2007-01-01
2011-03-04,Original GARCHNet,0.025,-0.7520528720848659,0.7794290781021118,-1.7434650635643574,-2.1223396539725847,Period II,2007-01-01
2011-03-07,Original GARCHNet,0.025,-0.7881879144340674,0.7808780670166016,-1.7450998043221353,-2.124385999769509,Period II,2007-01-01
2011-03-08,Original GARCHNet,0.025,0.8711915857417784,0.7819355130195618,-1.7462919069016045,-2.125878479399671,Period II,2007-01-01
2011-03-09,Original GARCHNet,0.025,-0.1434143284876095,0.7808393836021423,-1.7450534502950912,-2.124317741663227,Period II,2007-01-01
2011-03-10,Original GARCHNet,0.025,-1.8679283098206725,0.7813055515289307,-1.7455776040382893,-2.1249683859463113,Period II,2007-01-01
2011-03-11,Original GARCHNet,0.025,0.6902350439859637,0.7844861149787903,-1.7491493257579585,-2.1294009455609078,Period II,2007-01-01
2011-03-14,Original GARCHNet,0.025,-0.6056159320269047,0.7824121117591858,-1.746823490691306,-2.1265236162849206,Period II,2007-01-01
2011-03-15,Original GARCHNet,0.025,-1.152331292184129,0.7833449244499207,-1.7478697361621294,-2.1278171399430863,Period II,2007-01-01
2011-03-16,Original GARCHNet,0.025,-1.8686241077615322,0.785466194152832,-1.7502430097571589,-2.130737669148747,Period II,2007-01-01
2011-03-17,Original GARCHNet,0.025,1.3148228441042051,0.7887399792671204,-1.7538996606324804,-2.1352383745085954,Period II,2007-01-01
2011-03-18,Original GARCHNet,0.025,-0.0704169174871776,0.7844820618629456,-1.749137606062073,-2.1293594369975284,Period II,2007-01-01
2011-03-21,Original GARCHNet,0.025,1.5378969497287496,0.9463999271392822,-1.921579032226337,-2.340772915985614,Period II,2007-01-01
2011-03-22,Original GARCHNet,0.025,-0.3474598786978691,0.9425144791603088,-1.9176121713101626,-2.3358708741744785,Period II,2007-01-01
2011-03-23,Original GARCHNet,0.025,0.2857776653072565,0.9429351091384888,-1.918046801007438,-2.336426178811865,Period II,2007-01-01
2011-03-24,Original GARCHNet,0.025,0.951795829774732,0.9419674873352051,-1.9170579238993937,-2.3352044430345913,Period II,2007-01-01
2011-03-25,Original GARCHNet,0.025,0.3051178262846453,0.9402126669883728,-1.9152633796416956,-2.3329877847330187,Period II,2007-01-01
2011-03-28,Original GARCHNet,0.025,-0.24401973806626945,0.9422466158866882,-1.9173392645254592,-2.3355369379839077,Period II,2007-01-01
2011-03-29,Original GARCHNet,0.025,0.6696151143217117,0.9446782469749451,-1.919819954650138,-2.3385902808667405,Period II,2007-01-01
2011-03-30,Original GARCHNet,0.025,0.6877581773286895,0.9412448406219482,-1.9163172541153122,-2.3342824552114516,Period II,2007-01-01
2011-03-31,Original GARCHNet,0.025,-0.13567075803988482,0.9409742951393127,-1.9160398191544188,-2.33393684314981,Period II,2007-01-01
2011-04-01,Original GARCHNet,0.025,0.42146339137174116,0.9443461298942566,-1.919480324995991,-2.3381684418923285,Period II,2007-01-01
2011-04-04,Original GARCHNet,0.025,0.08257994924441352,0.9427307844161987,-1.9178328841778973,-2.33614232908044,Period II,2007-01-01
2011-04-05,Original GARCHNet,0.025,-0.01500113599201931,0.9424192905426025,-1.9175169217761114,-2.3357609082333743,Period II,2007-01-01
2011-04-06,Original GARCHNet,0.025,0.3147234928549288,0.9437651634216309,-1.9188896828127664,-2.3374485286378888,Period II,2007-01-01
2011-04-07,Original GARCHNet,0.025,-0.25469811049454494,0.9427691102027893,-1.9178736185987342,-2.3361986339914615,Period II,2007-01-01
2011-04-08,Original GARCHNet,0.025,-0.34563615456314933,0.9411031603813171,-1.916177974450268,-2.3341317038409355,Period II,2007-01-01
2011-04-11,Original GARCHNet,0.025,-0.30151830882110936,0.9424236416816711,-1.9175266053747173,-2.3357927775456466,Period II,2007-01-01
2011-04-12,Original GARCHNet,0.025,-0.7502065749284654,0.9416178464889526,-1.916706205956881,-2.3347916767067485,Period II,2007-01-01
2011-04-13,Original GARCHNet,0.025,-0.007602408655647419,0.9410500526428223,-1.9161310549907196,-2.3341018438378387,Period II,2007-01-01
2011-04-14,Original GARCHNet,0.025,0.07603288565081602,0.9372153282165527,-1.912212753388581,-2.329289675884162,Period II,2007-01-01
2011-04-15,Original GARCHNet,0.025,0.36418533742727915,0.9383084774017334,-1.913328325249795,-2.330651291781893,Period II,2007-01-01
2011-04-18,Original GARCHNet,0.025,-1.1271983621468706,1.1694015264511108,-2.1368535329192886,-2.6062743835548265,Period II,2007-01-01
2011-04-19,Original GARCHNet,0.025,0.5728048761922306,1.1731667518615723,-2.1403116360908863,-2.610573037259969,Period II,2007-01-01
2011-04-20,Original GARCHNet,0.025,1.3539849979458638,1.1697427034378052,-2.1371677681364574,-2.606667545862532,Period II,2007-01-01
2011-04-21,Original GARCHNet,0.025,0.5095879307875055,1.166896104812622,-2.1345482159348457,-2.603404205547534,Period II,2007-01-01
2011-04-25,Original GARCHNet,0.025,-0.10470376441327701,1.1687493324279785,-2.1362489543843037,-2.6055034336133547,Period II,2007-01-01
2011-04-26,Original GARCHNet,0.025,0.8568349018922111,1.170696496963501,-2.1380380320324623,-2.6077256092753394,Period II,2007-01-01
2011-04-27,Original GARCHNet,0.025,0.6507491060485546,1.1685640811920166,-2.136079146147445,-2.605294378826633,Period II,2007-01-01
2011-04-28,Original GARCHNet,0.025,0.32379338274032937,1.1689475774765015,-2.136430050219044,-2.6057240236747514,Period II,2007-01-01
2011-04-29,Original GARCHNet,0.025,0.2348222061735955,1.1701679229736328,-2.1375501846122686,-2.607110622615946,Period II,2007-01-01
2011-05-02,Original GARCHNet,0.025,-0.15403741155360814,1.1705859899520874,-2.1379346753558983,-2.6075900234447538,Period II,2007-01-01
2011-05-03,Original GARCHNet,0.025,-0.3603647942207419,1.1719484329223633,-2.1391860970529035,-2.609146013816127,Period II,2007-01-01
2011-05-04,Original GARCHNet,0.025,-0.6652847605774445,1.1728472709655762,-2.140012337469732,-2.6101773893471774,Period II,2007-01-01
2011-05-05,Original GARCHNet,0.025,-0.90896260574921,1.1737918853759766,-2.140880995486544,-2.611264346407382,Period II,2007-01-01
2011-05-06,Original GARCHNet,0.025,0.4406088628249448,1.1747030019760132,-2.1417187040375993,-2.6123132991698963,Period II,2007-01-01
2011-05-09,Original GARCHNet,0.025,0.3867357757845281,1.1717610359191895,-2.1390185240135464,-2.6089551213646285,Period II,2007-01-01
2011-05-10,Original GARCHNet,0.025,0.84999507437913,1.1709705591201782,-2.138291067760344,-2.6080451044270156,Period II,2007-01-01
2011-05-11,Original GARCHNet,0.025,-1.0580489282121406,1.1692862510681152,-2.136742379701272,-2.606116110065581,Period II,2007-01-01
2011-05-12,Original GARCHNet,0.025,0.47491880559770866,1.1726717948913574,-2.139855205147522,-2.60999728001197,Period II,2007-01-01
2011-05-13,Original GARCHNet,0.025,-0.7728996292128418,1.1699976921081543,-2.137400176950588,-2.60694900160001,Period II,2007-01-01
2011-05-16,Original GARCHNet,0.025,-0.6361514237382823,1.172169804573059,-2.1393966409769707,-2.6094359906135915,Period II,2007-01-01
2011-05-17,Original GARCHNet,0.025,-0.015020477889104714,1.4411444664001465,-2.3735227542661197,-2.9002630545632138,Period II,2007-01-01
2011-05-18,Original GARCHNet,0.025,0.8896275522450333,1.4390523433685303,-2.371790534180049,-2.898111284365084,Period II,2007-01-01
2011-05-19,Original GARCHNet,0.025,0.2378770623743367,1.4356627464294434,-2.368977229829952,-2.8946001069151213,Period II,2007-01-01
2011-05-20,Original GARCHNet,0.025,-0.7976426741533248,1.4371333122253418,-2.3701942439630694,-2.8961033378219336,Period II,2007-01-01
2011-05-23,Original GARCHNet,0.025,-1.1668766889634001,1.4406789541244507,-2.373133873726366,-2.8997657910801005,Period II,2007-01-01
2011-05-24,Original GARCHNet,0.025,-0.08333064581316543,1.4425349235534668,-2.3746743710935707,-2.901697799312433,Period II,2007-01-01
2011-05-25,Original GARCHNet,0.025,0.33290675181164125,1.4401880502700806,-2.372731954077181,-2.899284428144495,Period II,2007-01-01
2011-05-26,Original GARCHNet,0.025,0.4597020882442528,1.4383717775344849,-2.3712247078836035,-2.8974001773819573,Period II,2007-01-01
2011-05-27,Original GARCHNet,0.025,0.3827212036034536,1.4375125169754028,-2.3705095566030843,-2.896499159446688,Period II,2007-01-01
2011-05-31,Original GARCHNet,0.025,1.0357377711179272,1.43754243850708,-2.3705324655841378,-2.8965200906622965,Period II,2007-01-01
2011-06-01,Original GARCHNet,0.025,-2.271716617683093,1.4351918697357178,-2.368580929141475,-2.8940847259651545,Period II,2007-01-01
2011-06-02,Original GARCHNet,0.025,-0.10622109838710118,1.4439560174942017,-2.3758474953494675,-2.9031462121719462,Period II,2007-01-01
2011-06-03,Original GARCHNet,0.025,-0.9994342882886753,1.4405360221862793,-2.3730200001292983,-2.8996420859022765,Period II,2007-01-01
2011-06-06,Original GARCHNet,0.025,-1.063761613777586,1.4420406818389893,-2.3742675994810325,-2.9012010276881655,Period II,2007-01-01
2011-06-07,Original GARCHNet,0.025,-0.062005096766113064,1.4428496360778809,-2.3749384729166665,-2.902040884977425,Period II,2007-01-01
2011-06-08,Original GARCHNet,0.025,-0.4196202712369402,1.4403287172317505,-2.372850412641082,-2.8994395436124036,Period II,2007-01-01
2011-06-09,Original GARCHNet,0.025,0.7602206791408592,1.4409120082855225,-2.3733315564456214,-2.900030370821558,Period II,2007-01-01
2011-06-10,Original GARCHNet,0.025,-1.400797594659042,1.4371079206466675,-2.370176556475633,-2.8960947563704416,Period II,2007-01-01
2011-06-13,Original GARCHNet,0.025,0.07833801882340768,1.4426240921020508,-2.374747062081418,-2.901783808880321,Period II,2007-01-01
2011-06-14,Original GARCHNet,0.025,1.2606270353002091,1.4397783279418945,-2.372391415187198,-2.898856277125134,Period II,2007-01-01
2011-06-15,Original GARCHNet,0.025,-1.7945481547184419,1.792885422706604,-2.6490568704652966,-3.243795201685079,Period II,2007-01-01
2011-06-16,Original GARCHNet,0.025,0.22020015898782608,1.800638198852539,-2.6548465300721724,-3.251168392327659,Period II,2007-01-01
2011-06-17,Original GARCHNet,0.025,-0.19657957500154952,1.7980210781097412,-2.6528845452851697,-3.2486329964154588,Period II,2007-01-01
2011-06-20,Original GARCHNet,0.025,0.5103005354319755,1.7980560064315796,-2.652914539406946,-3.2486872777285467,Period II,2007-01-01
2011-06-21,Original GARCHNet,0.025,1.3610943482121969,1.7957793474197388,-2.6512154838453883,-3.2465278076547355,Period II,2007-01-01
2011-06-22,Original GARCHNet,0.025,-0.6043709656474322,1.7914682626724243,-2.647999820939466,-3.2424598107111025,Period II,2007-01-01
2011-06-23,Original GARCHNet,0.025,-0.28796775585726825,1.7969386577606201,-2.652085671856097,-3.2476537830274794,Period II,2007-01-01
2011-06-24,Original GARCHNet,0.025,-1.1681411413365772,1.7981306314468384,-2.6529684667234417,-3.248748646986265,Period II,2007-01-01
2011-06-27,Original GARCHNet,0.025,0.8871539110088738,1.800981879234314,-2.655095223444969,-3.2514536083837613,Period II,2007-01-01
2011-06-28,Original GARCHNet,0.025,1.2968523040000555,1.7956136465072632,-2.6510889154731765,-3.2463551845949987,Period II,2007-01-01
2011-06-29,Original GARCHNet,0.025,0.8527694305573862,1.7918846607208252,-2.6483098984920708,-3.242849259451729,Period II,2007-01-01
2011-06-30,Original GARCHNet,0.025,0.9516992828594328,1.7921801805496216,-2.6485322652486825,-3.2431381186611548,Period II,2007-01-01
2011-07-01,Original GARCHNet,0.025,1.4667959789823863,1.7919695377349854,-2.648373266787986,-3.2429295386327768,Period II,2007-01-01
2011-07-05,Original GARCHNet,0.025,-0.08217279968376062,1.7896170616149902,-2.646616551528393,-3.2407047463928174,Period II,2007-01-01
2011-07-06,Original GARCHNet,0.025,0.11950383290817403,1.7945307493209839,-2.650287834347704,-3.245367788589979,Period II,2007-01-01
2011-07-07,Original GARCHNet,0.025,1.0321996966352438,1.795790433883667,-2.651223077907176,-3.2465346589887125,Period II,2007-01-01
2011-07-08,Original GARCHNet,0.025,-0.711751769102607,1.7927489280700684,-2.6489533600808155,-3.243657372639134,Period II,2007-01-01
2011-07-11,Original GARCHNet,0.025,-1.8245749397394189,1.7977378368377686,-2.652679177667781,-3.2483964352816947,Period II,2007-01-01
2011-07-12,Original GARCHNet,0.025,-0.4328573677972774,1.8024088144302368,-2.6561597630286866,-3.2528109346530707,Period II,2007-01-01
2011-07-13,Original GARCHNet,0.025,0.3342978783620863,1.8004744052886963,-2.6547135892061613,-3.250954946996464,Period II,2007-01-01
2011-07-14,Original GARCHNet,0.025,-0.6926265084537383,2.1690518856048584,-2.9172163514096963,-3.587121250484518,Period II,2007-01-01
2011-07-15,Original GARCHNet,0.025,0.5787920961467228,2.171888589859009,-2.9191496336932676,-3.5896156582472636,Period II,2007-01-01
2011-07-18,Original GARCHNet,0.025,-0.8234905998654835,2.167677402496338,-2.9162806576379774,-3.585920600528617,Period II,2007-01-01
2011-07-19,Original GARCHNet,0.025,1.6101169186483368,2.171938180923462,-2.91918392151115,-3.589662101070306,Period II,2007-01-01
2011-07-20,Original GARCHNet,0.025,-0.060292287742959555,2.16271710395813,-2.912900863900822,-3.5815814564222124,Period II,2007-01-01
2011-07-21,Original GARCHNet,0.025,1.377585310829419,2.1674203872680664,-2.916110174559125,-3.585721689857146,Period II,2007-01-01
2011-07-22,Original GARCHNet,0.025,0.06689436860065935,2.162379741668701,-2.9126717600215346,-3.5812913007496467,Period II,2007-01-01
2011-07-25,Original GARCHNet,0.025,-0.5588479875640823,2.166656732559204,-2.9155892806659924,-3.585049482137203,Period II,2007-01-01
2011-07-26,Original GARCHNet,0.025,-0.3743079629607383,2.1705336570739746,-2.9182267860374553,-3.588426768282829,Period II,2007-01-01
2011-07-27,Original GARCHNet,0.025,-2.0688008283868005,2.1710205078125,-2.9185564536184647,-3.5888428598237696,Period II,2007-01-01
2011-07-28,Original GARCHNet,0.025,-0.2913926393876417,2.1769330501556396,-2.922579726526428,-3.594020769143309,Period II,2007-01-01
2011-07-29,Original GARCHNet,0.025,-0.685804559771897,2.1729140281677246,-2.919842356508999,-3.5904838623984303,Period II,2007-01-01
2011-08-01,Original GARCHNet,0.025,-0.42617789541002615,2.1730170249938965,-2.9199160129088706,-3.5905942793727568,Period II,2007-01-01
2011-08-02,Original GARCHNet,0.025,-2.587945553195333,2.172269344329834,-2.9194065420295963,-3.5899362076549894,Period II,2007-01-01
2011-08-03,Original GARCHNet,0.025,0.5404132327946674,2.1788954734802246,-2.923914446961753,-3.595741103956801,Period II,2007-01-01
2011-08-04,Original GARCHNet,0.025,-4.797410605219454,2.170316219329834,-2.9180743696480027,-3.5882115630578597,Period II,2007-01-01
2011-08-05,Original GARCHNet,0.025,-0.14978808010258596,2.1824002265930176,-2.926303696554016,-3.5988516312042664,Period II,2007-01-01
2011-08-08,Original GARCHNet,0.025,-6.734057403046549,2.1747400760650635,-2.9210822090476607,-3.592067441951909,Period II,2007-01-01
2011-08-09,Original GARCHNet,0.025,4.5450506361566,2.1846253871917725,-2.927824270974209,-3.6008516978284963,Period II,2007-01-01
2011-08-10,Original GARCHNet,0.025,-4.518331616724278,2.1507294178009033,-2.9047221451578316,-3.571105362466754,Period II,2007-01-01
2011-08-11,Original GARCHNet,0.025,4.390567430386802,2.2469286918640137,-2.970317919481614,-3.6577988518156346,Period II,2007-01-01
2011-08-12,Original GARCHNet,0.025,0.6710587086638596,2.217772960662842,-2.950718372596811,-3.6324548374954873,Period II,2007-01-01
2011-08-15,Original GARCHNet,0.025,2.0944050665182243,2.22938871383667,-2.9585491571017135,-3.6426108773344965,Period II,2007-01-01
2011-08-16,Original GARCHNet,0.025,-0.8575935434864694,2.225698471069336,-2.9560574290493546,-3.639351532909028,Period II,2007-01-01
2011-08-17,Original GARCHNet,0.025,0.06687439260467234,2.238400936126709,-2.964591114878095,-3.6503597461574513,Period II,2007-01-01
2011-08-18,Original GARCHNet,0.025,-4.407576520390514,2.238534927368164,-2.9646751074703466,-3.6504415893870625,Period II,2007-01-01
2011-08-19,Original GARCHNet,0.025,-1.646528708952503,2.2518115043640137,-2.9735703295610114,-3.6619261864382953,Period II,2007-01-01
2011-08-22,Original GARCHNet,0.025,0.07987218438405376,2.249446153640747,-2.9719790370540604,-3.659833524371782,Period II,2007-01-01
2011-08-23,Original GARCHNet,0.025,3.2380531009528957,2.241832971572876,-2.9668856102684726,-3.6532881355800684,Period II,2007-01-01
2011-08-24,Original GARCHNet,0.025,1.3986236514564057,2.222797155380249,-2.9541044816799973,-3.6368307039602006,Period II,2007-01-01
2011-08-25,Original GARCHNet,0.025,-1.5361311166349485,2.2274930477142334,-2.957269728683162,-3.6409386492158884,Period II,2007-01-01
2011-08-26,Original GARCHNet,0.025,1.44293000086114,2.2418265342712402,-2.966886422272714,-3.6533122538334877,Period II,2007-01-01
2011-08-29,Original GARCHNet,0.025,2.833097486821802,2.2332088947296143,-2.9610997024637906,-3.645827639738337,Period II,2007-01-01
2011-08-30,Original GARCHNet,0.025,0.2633310389515277,2.2222323417663574,-2.9537231937418786,-3.636334295154859,Period II,2007-01-01
2011-08-31,Original GARCHNet,0.025,0.44280589954652844,2.2327914237976074,-2.960827244332784,-3.6455118630113588,Period II,2007-01-01
2011-09-01,Original GARCHNet,0.025,-1.0528134422534179,2.2353084087371826,-2.9625112846674204,-3.647656651147909,Period II,2007-01-01
2011-09-02,Original GARCHNet,0.025,-2.588195859748386,2.2420692443847656,-2.967044825311927,-3.6534972913530894,Period II,2007-01-01
2011-09-06,Original GARCHNet,0.025,-0.7324173634934822,2.2491276264190674,-2.971769211212069,-3.6595778801392225,Period II,2007-01-01
2011-09-07,Original GARCHNet,0.025,2.7817058817413183,2.2450480461120605,-2.9690366686340783,-3.656047981951782,Period II,2007-01-01
2011-09-08,Original GARCHNet,0.025,-1.0445922841278863,2.226550579071045,-2.956626938170694,-3.640069503316798,Period II,2007-01-01
2011-09-09,Original GARCHNet,0.025,-2.65592965591247,2.4064745903015137,-3.083083388965874,-3.843211046004574,Period II,2007-01-01
2011-09-12,Original GARCHNet,0.025,0.6449138924880436,2.4159693717956543,-3.089280597483757,-3.851633874980384,Period II,2007-01-01
2011-09-13,Original GARCHNet,0.025,0.9129364315030244,2.4052443504333496,-3.082271737636202,-3.8420642098094455,Period II,2007-01-01
2011-09-14,Original GARCHNet,0.025,1.374915065943775,2.4009482860565186,-3.079464613126651,-3.8382592718579756,Period II,2007-01-01
2011-09-15,Original GARCHNet,0.025,1.7110031462982918,2.3975181579589844,-3.0772190749271493,-3.835202253247968,Period II,2007-01-01
2011-09-16,Original GARCHNet,0.025,0.07408630840709542,2.3947389125823975,-3.0753985647263105,-3.8327247139037075,Period II,2007-01-01
2011-09-19,Original GARCHNet,0.025,-1.0007105910177692,2.4023494720458984,-3.080383437155964,-3.839521482454943,Period II,2007-01-01
2011-09-20,Original GARCHNet,0.025,-0.11643330667982066,2.40889835357666,-3.0846641475285455,-3.8453457963597093,Period II,2007-01-01
2011-09-21,Original GARCHNet,0.025,-2.990088453258005,2.406761407852173,-3.0832657811733677,-3.8434307411433246,Period II,2007-01-01
2011-09-22,Original GARCHNet,0.025,-3.2858389204389793,2.4167540073394775,-3.0897932581523935,-3.8523368707114476,Period II,2007-01-01
2011-09-23,Original GARCHNet,0.025,0.6007087857023056,2.4201815128326416,-3.0920253925065047,-3.8553621252496377,Period II,2007-01-01
2011-09-26,Original GARCHNet,0.025,2.3501795078211662,2.4065115451812744,-3.083099647305795,-3.843188654762122,Period II,2007-01-01
2011-09-27,Original GARCHNet,0.025,1.1121708089304598,2.3933145999908447,-3.074464036602522,-3.831446607968069,Period II,2007-01-01
2011-09-28,Original GARCHNet,0.025,-2.0629935026862865,2.39699649810791,-3.0768795790138386,-3.834752180161372,Period II,2007-01-01
2011-09-29,Original GARCHNet,0.025,0.7872385070655765,2.411729574203491,-3.0865154298110538,-3.8478788489372246,Period II,2007-01-01
2011-09-30,Original GARCHNet,0.025,-2.530677345236948,2.4035074710845947,-3.0811363973949724,-3.8405211012812885,Period II,2007-01-01
2011-10-03,Original GARCHNet,0.025,-2.887058319813414,2.4146265983581543,-3.0884059396995203,-3.8504507406816937,Period II,2007-01-01
2011-10-04,Original GARCHNet,0.025,2.1686152138976267,2.418591260910034,-3.09098898747467,-3.853951959645763,Period II,2007-01-01
2011-10-05,Original GARCHNet,0.025,1.8345918331616917,2.397792100906372,-3.077393935356516,-3.83541481018863,Period II,2007-01-01
2011-10-06,Original GARCHNet,0.025,1.7929541235911752,2.3940541744232178,-3.074950836921104,-3.832120841673725,Period II,2007-01-01
2011-10-07,Original GARCHNet,0.025,-0.6718361097380832,2.3902509212493896,-3.074288682725598,-3.8417926620870757,Period II,2007-01-01
2011-10-10,Original GARCHNet,0.025,3.2898565789152205,2.402345895767212,-3.0822356709147707,-3.852810912023621,Period II,2007-01-01
2011-10-11,Original GARCHNet,0.025,0.10029683037337549,2.3838798999786377,-3.0700908117425616,-3.8359532066536164,Period II,2007-01-01
2011-10-12,Original GARCHNet,0.025,0.8733705463807772,2.3970789909362793,-3.078779899272112,-3.8480329110851934,Period II,2007-01-01
2011-10-13,Original GARCHNet,0.025,-0.19895377667991324,2.396761178970337,-3.0785656076415218,-3.8477030583333462,Period II,2007-01-01
2011-10-14,Original GARCHNet,0.025,1.6949538097382644,2.4017579555511475,-3.0818473914205353,-3.852257877945958,Period II,2007-01-01
2011-10-17,Original GARCHNet,0.025,-1.9275689955516837,2.393437385559082,-3.076380090952572,-3.844666725833228,Period II,2007-01-01
2011-10-18,Original GARCHNet,0.025,1.9357290087466699,2.4080288410186768,-3.0859598676237514,-3.857959563611849,Period II,2007-01-01
2011-10-19,Original GARCHNet,0.025,-1.1899566641168824,2.393906593322754,-3.0766859168252876,-3.8450750257768043,Period II,2007-01-01
2011-10-20,Original GARCHNet,0.025,0.4365972639690508,2.4052774906158447,-3.084157876770564,-3.8554711427862456,Period II,2007-01-01
2011-10-21,Original GARCHNet,0.025,1.8809311703080418,2.401073932647705,-3.0813951968197,-3.8516114614515415,Period II,2007-01-01
2011-10-24,Original GARCHNet,0.025,1.2186446402285758,2.3921327590942383,-3.075523329948808,-3.843485436363861,Period II,2007-01-01
2011-10-25,Original GARCHNet,0.025,-1.9635255461081464,2.3935976028442383,-3.076489129744807,-3.8448399030622893,Period II,2007-01-01
2011-10-26,Original GARCHNet,0.025,1.0107221430194213,2.4083290100097656,-3.086156118294858,-3.8582289011090403,Period II,2007-01-01
2011-10-27,Original GARCHNet,0.025,3.4242080982544705,2.3990137577056885,-3.08004132749965,-3.8497263521843843,Period II,2007-01-01
2011-10-28,Original GARCHNet,0.025,-0.023324478600182927,2.381934881210327,-3.0688113027252424,-3.8341925203967135,Period II,2007-01-01
2011-10-31,Original GARCHNet,0.025,-2.440110069292053,2.397286891937256,-3.0789168280747314,-3.8482248699867703,Period II,2007-01-01
2011-11-01,Original GARCHNet,0.025,-2.828471383858199,2.4107697010040283,-3.0877528808188592,-3.8604294023743293,Period II,2007-01-01
2011-11-02,Original GARCHNet,0.025,1.6179855229439513,2.4152653217315674,-3.090690663017448,-3.8644710495209935,Period II,2007-01-01
2011-11-03,Original GARCHNet,0.025,1.8063168192773142,2.3974483013153076,-3.079011431245519,-3.848288030587482,Period II,2007-01-01
2011-11-04,Original GARCHNet,0.025,-0.6117658080253967,2.4917471408843994,-3.149967045857196,-4.024433582671709,Period II,2007-01-01
2011-11-07,Original GARCHNet,0.025,0.6196879783561348,2.504101514816284,-3.1579209937016466,-4.036355588330211,Period II,2007-01-01
2011-11-08,Original GARCHNet,0.025,1.2749012855056312,2.500123977661133,-3.155368282012781,-4.032592770744318,Period II,2007-01-01
2011-11-09,Original GARCHNet,0.025,-3.7607949922965935,2.495551109313965,-3.1524212177525377,-4.028142572131928,Period II,2007-01-01
2011-11-10,Original GARCHNet,0.025,0.9374531373710209,2.5174856185913086,-3.1665075802451343,-4.049165175029159,Period II,2007-01-01
2011-11-11,Original GARCHNet,0.025,1.8647475836618268,2.5010666847229004,-3.1559807531266646,-4.033577154521175,Period II,2007-01-01
2011-11-14,Original GARCHNet,0.025,-0.951938462996258,2.4921975135803223,-3.150259345886308,-4.024893309222338,Period II,2007-01-01
2011-11-15,Original GARCHNet,0.025,0.4929665261295321,2.505815029144287,-3.159022551219352,-4.038008097492581,Period II,2007-01-01
2011-11-16,Original GARCHNet,0.025,-1.5990107007195373,2.5011627674102783,-3.156037648294954,-4.033607252392067,Period II,2007-01-01
2011-11-17,Original GARCHNet,0.025,-1.6004250782027263,2.510356903076172,-3.1619437357478093,-4.042429369017229,Period II,2007-01-01
2011-11-18,Original GARCHNet,0.025,-0.10651584546348021,2.512117385864258,-3.1630782449346033,-4.044181062428612,Period II,2007-01-01
2011-11-21,Original GARCHNet,0.025,-1.9202705822494954,2.5055134296417236,-3.158838739041002,-4.037845659445679,Period II,2007-01-01
2011-11-22,Original GARCHNet,0.025,-0.3935539588244083,2.512584686279297,-3.16337530370828,-4.044594273442362,Period II,2007-01-01
2011-11-23,Original GARCHNet,0.025,-2.2312738036471798,2.5070688724517822,-3.159838476322274,-4.0393467941312995,Period II,2007-01-01
2011-11-25,Original GARCHNet,0.025,-0.18892339364911,2.514134407043457,-3.1643696563525476,-4.046085855099799,Period II,2007-01-01
2011-11-28,Original GARCHNet,0.025,2.8555236610433044,2.5064077377319336,-3.159414482016484,-4.038720290529128,Period II,2007-01-01
2011-11-29,Original GARCHNet,0.025,0.28362044725834423,2.486975908279419,-3.1468909470626096,-4.019841316051003,Period II,2007-01-01
2011-11-30,Original GARCHNet,0.025,4.032536892293411,2.4986743927001953,-3.154427352109055,-4.03109319034778,Period II,2007-01-01
2011-12-01,Original GARCHNet,0.025,-0.015999874525770223,2.4768550395965576,-3.140342794927127,-4.009935171190468,Period II,2007-01-01
2011-12-02,Original GARCHNet,0.025,-0.08806037437761391,2.498187780380249,-3.1541090588607443,-4.030559885553397,Period II,2007-01-01
2011-12-05,Original GARCHNet,0.025,1.0833311305441844,2.5663442611694336,-3.201386971000563,-4.23536868296752,Period II,2007-01-01
2011-12-06,Original GARCHNet,0.025,0.03168640314494092,2.560920476913452,-3.198036532431187,-4.229413147853565,Period II,2007-01-01
2011-12-07,Original GARCHNet,0.025,0.3715575724058595,2.5654549598693848,-3.200838402007848,-4.234374983592086,Period II,2007-01-01
2011-12-08,Original GARCHNet,0.025,-2.2180631722513984,2.5645458698272705,-3.2002763409750985,-4.233407306128479,Period II,2007-01-01
2011-12-09,Original GARCHNet,0.025,1.6800443984299855,2.5758798122406006,-3.20726450977971,-4.245825285024229,Period II,2007-01-01
2011-12-12,Original GARCHNet,0.025,-1.4705003659321119,2.5593340396881104,-3.197054458623699,-4.2277184120819,Period II,2007-01-01
2011-12-13,Original GARCHNet,0.025,-0.9382872547278114,2.5720741748809814,-3.2049215120383714,-4.2416236666987235,Period II,2007-01-01
2011-12-14,Original GARCHNet,0.025,-1.0703196119725815,2.57189679145813,-3.2048094598276133,-4.241538692063224,Period II,2007-01-01
2011-12-15,Original GARCHNet,0.025,0.3607764201080332,2.5724246501922607,-3.205134771890446,-4.242115104739334,Period II,2007-01-01
2011-12-16,Original GARCHNet,0.025,-0.48406705295579816,2.565829038619995,-3.201067386973803,-4.234868263143514,Period II,2007-01-01
2011-12-19,Original GARCHNet,0.025,-1.0749197572835998,2.568807363510132,-3.202906170969122,-4.238095205762851,Period II,2007-01-01
2011-12-20,Original GARCHNet,0.025,2.981139092228546,2.571964740753174,-3.204852047823786,-4.241584642709648,Period II,2007-01-01
2010-12-22,GARCHNet++,0.025,0.31054640754708324,0.888934850692749,-1.8632299840508124,-2.2731875931102237,Period II,2007-01-01
2010-12-23,GARCHNet++,0.025,-0.14320975249110487,0.8844746351242065,-1.8585323236855886,-2.26738819210167,Period II,2007-01-01
2010-12-27,GARCHNet++,0.025,0.03980342481033424,0.8802753686904907,-1.854101774639544,-2.2619306812109743,Period II,2007-01-01
2010-12-28,GARCHNet++,0.025,0.14315280222058227,0.8761088252067566,-1.849694415517917,-2.256498332499739,Period II,2007-01-01
2010-12-29,GARCHNet++,0.025,0.07149659719904494,0.8733629584312439,-1.8467814885081255,-2.252897757609941,Period II,2007-01-01
2010-12-30,GARCHNet++,0.025,-0.15895484886163214,0.8708189725875854,-1.844078578770878,-2.2495565708724783,Period II,2007-01-01
2010-12-31,GARCHNet++,0.025,0.0238587340784555,0.8680362701416016,-1.8411182881580033,-2.245900247351883,Period II,2007-01-01
2011-01-03,GARCHNet++,0.025,1.0284924806456492,0.8660017251968384,-1.838950266906899,-2.243220032022308,Period II,2007-01-01
2011-01-04,GARCHNet++,0.025,-0.05511136072903331,0.8783521056175232,-1.852054351130207,-2.259351401091646,Period II,2007-01-01
2011-01-05,GARCHNet++,0.025,0.5184176449207462,0.8773500919342041,-1.8509993558525826,-2.258071064441181,Period II,2007-01-01
2011-01-06,GARCHNet++,0.025,-0.19605542977314794,0.8783778548240662,-1.8520871491121451,-2.259413493091641,Period II,2007-01-01
2011-01-07,GARCHNet++,0.025,-0.19644056228539014,0.8769211769104004,-1.8505497349608213,-2.2575338494733255,Period II,2007-01-01
2011-01-10,GARCHNet++,0.025,-0.12592165286221443,0.8749918341636658,-1.8485090037949246,-2.255029136872301,Period II,2007-01-01
2011-01-11,GARCHNet++,0.025,0.3537576440023422,0.8725987076759338,-1.845971270716426,-2.251901507476556,Period II,2007-01-01
2011-01-12,GARCHNet++,0.025,0.8984096335089451,0.8716797828674316,-1.8449924005879037,-2.2506814983092074,Period II,2007-01-01
2011-01-13,GARCHNet++,0.025,-0.1634611894315131,0.8801434636116028,-1.8539510207739864,-2.2617005123215095,Period II,2007-01-01
2011-01-14,GARCHNet++,0.025,0.7218628320147511,0.8789399266242981,-1.8526832213536177,-2.260154702960996,Period II,2007-01-01
2011-01-18,GARCHNet++,0.025,0.17000329763009425,0.8827612400054932,-1.8567164071093523,-2.2651146209061386,Period II,2007-01-01
2011-01-19,GARCHNet++,0.025,-0.9853858305382115,0.8804687261581421,-1.8542993876821336,-2.2621482780856303,Period II,2007-01-01
2011-01-20,GARCHNet++,0.025,-0.13264010662401665,0.8993840217590332,-1.8741708553579175,-2.286621834467376,Period II,2007-01-01
2011-01-21,GARCHNet++,0.025,0.22615980751737275,1.0272456407546997,-2.003454457182112,-2.4462781653840526,Period II,2007-01-01
2011-01-24,GARCHNet++,0.025,0.5670664070208581,1.021179437637329,-1.9975124519830219,-2.4389525130228735,Period II,2007-01-01
2011-01-25,GARCHNet++,0.025,0.054200693836145,1.0227391719818115,-1.999033585399473,-2.440794874222053,Period II,2007-01-01
2011-01-26,GARCHNet++,0.025,0.38633953715288855,1.0170087814331055,-1.9934111777804426,-2.4338734869759255,Period II,2007-01-01
2011-01-27,GARCHNet++,0.025,0.24648192383741713,1.0140050649642944,-1.9904534693833613,-2.43021560483209,Period II,2007-01-01
2011-01-28,GARCHNet++,0.025,-1.7617189274053888,1.009238362312317,-1.9857550012135756,-2.424421573493593,Period II,2007-01-01
2011-01-31,GARCHNet++,0.025,0.7488268048510469,1.1392192840576172,-2.110140774479279,-2.5778106124174283,Period II,2007-01-01
2011-02-01,GARCHNet++,0.025,1.5882014747780775,1.1532939672470093,-2.1232146433347348,-2.5940972483268547,Period II,2007-01-01
2011-02-02,GARCHNet++,0.025,-0.19140226299316068,1.2080131769180298,-2.1731361754910434,-2.655636209565842,Period II,2007-01-01
2011-02-03,GARCHNet++,0.025,0.22198752285183318,1.2075735330581665,-2.172776509482229,-2.6553405644717802,Period II,2007-01-01
2011-02-04,GARCHNet++,0.025,0.2825146975337663,1.1959679126739502,-2.162287455662045,-2.6424299281864196,Period II,2007-01-01
2011-02-07,GARCHNet++,0.025,0.6232973504143775,1.184329867362976,-2.1517098659224034,-2.629378333737089,Period II,2007-01-01
2011-02-08,GARCHNet++,0.025,0.45362297801004947,1.1803163290023804,-2.148044447194358,-2.6248334267517546,Period II,2007-01-01
2011-02-09,GARCHNet++,0.025,-0.2265542719678451,1.1722320318222046,-2.1406496619712403,-2.615693446909584,Period II,2007-01-01
2011-02-10,GARCHNet++,0.025,0.037796628868440124,1.1603995561599731,-2.1297871530557932,-2.6022950101827056,Period II,2007-01-01
2011-02-11,GARCHNet++,0.025,0.595257201654703,1.1393673419952393,-2.110335519912333,-2.5782788856780945,Period II,2007-01-01
2011-02-14,GARCHNet++,0.025,0.24010822182387254,1.13402259349823,-2.105355943180838,-2.5720992135304037,Period II,2007-01-01
2011-02-15,GARCHNet++,0.025,-0.3152668796160044,1.1177220344543457,-2.0901181551625077,-2.5532766923050048,Period II,2007-01-01
2011-02-16,GARCHNet++,0.025,0.6295543499705147,1.1093885898590088,-2.0822894834062224,-2.54362379645511,Period II,2007-01-01
2011-02-17,GARCHNet++,0.025,0.2983917822945191,1.0939204692840576,-2.067665441664378,-2.5255345443647648,Period II,2007-01-01
2011-02-18,GARCHNet++,0.025,0.20834800346416876,0.9394522309303284,-1.9157633774590943,-2.3385452073964537,Period II,2007-01-01
2011-02-22,GARCHNet++,0.025,-2.0273985764222773,0.9300592541694641,-1.9061306686907338,-2.326662815921834,Period II,2007-01-01
2011-02-23,GARCHNet++,0.025,-0.6163211746435968,1.1552696228027344,-2.12518711491145,-2.5971273622733935,Period II,2007-01-01
2011-02-24,GARCHNet++,0.025,-0.06872426132549282,1.1686218976974487,-2.1375472067038426,-2.6126918141022677,Period II,2007-01-01
2011-02-25,GARCHNet++,0.025,1.0636043322289848,1.1391257047653198,-2.1103121094815323,-2.579053891963043,Period II,2007-01-01
2011-02-28,GARCHNet++,0.025,0.6177449798552023,1.1432687044143677,-2.1141291421243937,-2.583650086746192,Period II,2007-01-01
2011-03-01,GARCHNet++,0.025,-1.6813493120841887,1.1136374473571777,-2.086448367137033,-2.5494047997388396,Period II,2007-01-01
2011-03-02,GARCHNet++,0.025,0.21363709867891836,1.267080307006836,-2.226111262540789,-2.722312728734398,Period II,2007-01-01
2011-03-03,GARCHNet++,0.025,1.7077598345467793,1.2341521978378296,-2.196924121276239,-2.6863303189056,Period II,2007-01-01
2011-03-04,GARCHNet++,0.025,-0.7520528720848659,1.2980715036392212,-2.2532617025379906,-2.7558848453346863,Period II,2007-01-01
2011-03-07,GARCHNet++,0.025,-0.7881879144340674,1.308570384979248,-2.2624450322049503,-2.7674810266482113,Period II,2007-01-01
2011-03-08,GARCHNet++,0.025,0.8711915857417784,1.3125190734863281,-2.265899247342802,-2.7718828452648974,Period II,2007-01-01
2011-03-09,GARCHNet++,0.025,-0.1434143284876095,1.2901184558868408,-2.2463900118098805,-2.7476496419857153,Period II,2007-01-01
2011-03-10,GARCHNet++,0.025,-1.8679283098206725,1.2445344924926758,-2.206194018011963,-2.697861810004503,Period II,2007-01-01
2011-03-11,GARCHNet++,0.025,0.6902350439859637,1.432910680770874,-2.3679299141782,-2.8982962920592126,Period II,2007-01-01
2011-03-14,GARCHNet++,0.025,-0.6056159320269047,1.4122259616851807,-2.3507613741244286,-2.8772191837209253,Period II,2007-01-01
2011-03-15,GARCHNet++,0.025,-1.152331292184129,1.3908175230026245,-2.332813641609739,-2.854998214217935,Period II,2007-01-01
2011-03-16,GARCHNet++,0.025,-1.8686241077615322,1.4372726678848267,-2.371615330147138,-2.9031535546469636,Period II,2007-01-01
2011-03-17,GARCHNet++,0.025,1.3148228441042051,1.6304343938827515,-2.5266686587416776,-3.0959101218406757,Period II,2007-01-01
2011-03-18,GARCHNet++,0.025,-0.0704169174871776,1.656589388847351,-2.546960040794624,-3.1212177308867703,Period II,2007-01-01
2011-03-21,GARCHNet++,0.025,1.5378969497287496,1.468841791152954,-2.3979731241521343,-2.937300659814763,Period II,2007-01-01
2011-03-22,GARCHNet++,0.025,-0.3474598786978691,1.469844937324524,-2.398716604678041,-2.9378978331835706,Period II,2007-01-01
2011-03-23,GARCHNet++,0.025,0.2857776653072565,1.3677808046340942,-2.31360090148871,-2.8322582274779173,Period II,2007-01-01
2011-03-24,GARCHNet++,0.025,0.951795829774732,1.2658816576004028,-2.225358351259161,-2.7226161233035255,Period II,2007-01-01
2011-03-25,GARCHNet++,0.025,0.3051178262846453,1.2069505453109741,-2.172677169877678,-2.6570833349226164,Period II,2007-01-01
2011-03-28,GARCHNet++,0.025,-0.24401973806626945,1.1266123056411743,-2.098814531910922,-2.5655074798388537,Period II,2007-01-01
2011-03-29,GARCHNet++,0.025,0.6696151143217117,1.0640385150909424,-2.0394649626250048,-2.4920311176192937,Period II,2007-01-01
2011-03-30,GARCHNet++,0.025,0.6877581773286895,1.0119712352752686,-1.9887212352683936,-2.429153121861797,Period II,2007-01-01
2011-03-31,GARCHNet++,0.025,-0.13567075803988482,0.9833409786224365,-1.9602660350080456,-2.393913241764045,Period II,2007-01-01
2011-04-01,GARCHNet++,0.025,0.42146339137174116,0.9481373429298401,-1.9247336920969447,-2.350029598082367,Period II,2007-01-01
2011-04-04,GARCHNet++,0.025,0.08257994924441352,0.9245924353599548,-1.900589020823255,-2.320169499198012,Period II,2007-01-01
2011-04-05,GARCHNet++,0.025,-0.01500113599201931,0.9061636328697205,-1.8814486837318274,-2.296393832961331,Period II,2007-01-01
2011-04-06,GARCHNet++,0.025,0.3147234928549288,0.8928215503692627,-1.8674789253338644,-2.279077681419953,Period II,2007-01-01
2011-04-07,GARCHNet++,0.025,-0.25469811049454494,0.8845887184143066,-1.858807181918361,-2.2683309603080413,Period II,2007-01-01
2011-04-08,GARCHNet++,0.025,-0.34563615456314933,0.8795382976531982,-1.853470955933869,-2.261731354252592,Period II,2007-01-01
2011-04-11,GARCHNet++,0.025,-0.30151830882110936,0.8810614347457886,-1.8550866164982507,-2.2637479717973017,Period II,2007-01-01
2011-04-12,GARCHNet++,0.025,-0.7502065749284654,0.8810582160949707,-1.8550856412704309,-2.2637562561461175,Period II,2007-01-01
2011-04-13,GARCHNet++,0.025,-0.007602408655647419,0.9052777290344238,-1.8805358278434445,-2.2953074643950426,Period II,2007-01-01
2011-04-14,GARCHNet++,0.025,0.07603288565081602,0.8951770663261414,-1.8699651866553175,-2.2822079440323804,Period II,2007-01-01
2011-04-15,GARCHNet++,0.025,0.36418533742727915,0.886951208114624,-1.8613099312924404,-2.271472416545415,Period II,2007-01-01
2011-04-18,GARCHNet++,0.025,-1.1271983621468706,0.8618535399436951,-1.8347239833010796,-2.2387820142604187,Period II,2007-01-01
2011-04-19,GARCHNet++,0.025,0.5728048761922306,0.9390974044799805,-1.9155884394986764,-2.339070966806278,Period II,2007-01-01
2011-04-20,GARCHNet++,0.025,1.3539849979458638,0.9244847893714905,-1.9005702947039733,-2.320510151231704,Period II,2007-01-01
2011-04-21,GARCHNet++,0.025,0.5095879307875055,0.9651147723197937,-1.9420116945562058,-2.3716102760913578,Period II,2007-01-01
2011-04-25,GARCHNet++,0.025,-0.10470376441327701,0.9413212537765503,-1.9178501703879862,-2.341812666889899,Period II,2007-01-01
2011-04-26,GARCHNet++,0.025,0.8568349018922111,0.9145579934120178,-1.890284049274864,-2.307733990917749,Period II,2007-01-01
2011-04-27,GARCHNet++,0.025,0.6507491060485546,0.9098383784294128,-1.8853690576169155,-2.301610120331601,Period II,2007-01-01
2011-04-28,GARCHNet++,0.025,0.32379338274032937,0.899016261100769,-1.874056821767492,-2.2875403949468684,Period II,2007-01-01
2011-04-29,GARCHNet++,0.025,0.2348222061735955,0.8824651837348938,-1.8566308578881419,-2.265895770309855,Period II,2007-01-01
2011-05-02,GARCHNet++,0.025,-0.15403741155360814,0.870051383972168,-1.8434608327108641,-2.2495672403859057,Period II,2007-01-01
2011-05-03,GARCHNet++,0.025,-0.3603647942207419,0.8630697727203369,-1.8360171132746028,-2.2403560878529003,Period II,2007-01-01
2011-05-04,GARCHNet++,0.025,-0.6652847605774445,0.8637919425964355,-1.8367950235550332,-2.241344275469187,Period II,2007-01-01
2011-05-05,GARCHNet++,0.025,-0.90896260574921,0.8830243945121765,-1.8572406008112927,-2.266724785224569,Period II,2007-01-01
2011-05-06,GARCHNet++,0.025,0.4406088628249448,0.930869996547699,-1.9071500314989884,-2.3286531442345972,Period II,2007-01-01
2011-05-09,GARCHNet++,0.025,0.3867357757845281,0.9123937487602234,-1.888044029390928,-2.3049910806708658,Period II,2007-01-01
2011-05-10,GARCHNet++,0.025,0.84999507437913,0.8955593109130859,-1.8704438787266828,-2.2831052469816613,Period II,2007-01-01
2011-05-11,GARCHNet++,0.025,-1.0580489282121406,0.8963085412979126,-1.8712238291685614,-2.284048210404887,Period II,2007-01-01
2011-05-12,GARCHNet++,0.025,0.47491880559770866,0.9688148498535156,-1.945786879165269,-2.3764435661310044,Period II,2007-01-01
2011-05-13,GARCHNet++,0.025,-0.7728996292128418,0.9421932101249695,-1.9187613953711051,-2.3430172205057604,Period II,2007-01-01
2011-05-16,GARCHNet++,0.025,-0.6361514237382823,0.9671458005905151,-1.9441177874940436,-2.374435724936672,Period II,2007-01-01
2011-05-17,GARCHNet++,0.025,-0.015020477889104714,0.9717337489128113,-1.9488532939829244,-2.380736510529432,Period II,2007-01-01
2011-05-18,GARCHNet++,0.025,0.8896275522450333,0.9293228983879089,-1.9056665579259473,-2.3272466356250807,Period II,2007-01-01
2011-05-19,GARCHNet++,0.025,0.2378770623743367,0.9148905277252197,-1.8907172565295116,-2.3086175005823075,Period II,2007-01-01
2011-05-20,GARCHNet++,0.025,-0.7976426741533248,0.886703610420227,-1.8611889155210009,-2.2718711955897968,Period II,2007-01-01
2011-05-23,GARCHNet++,0.025,-1.1668766889634001,0.9164623618125916,-1.8923504042053212,-2.3106499286094135,Period II,2007-01-01
2011-05-24,GARCHNet++,0.025,-0.08333064581316543,1.0315179824829102,-2.0081828772898773,-2.4543139960011757,Period II,2007-01-01
2011-05-25,GARCHNet++,0.025,0.33290675181164125,0.9883848428726196,-1.9655622133008481,-2.401478518720857,Period II,2007-01-01
2011-05-26,GARCHNet++,0.025,0.4597020882442528,0.9391818046569824,-1.9157928594181692,-2.3397906446111394,Period II,2007-01-01
2011-05-27,GARCHNet++,0.025,0.3827212036034536,0.9046708345413208,-1.8800689400421007,-2.295383443855816,Period II,2007-01-01
2011-05-31,GARCHNet++,0.025,1.0357377711179272,0.8784500956535339,-1.8524594429742334,-2.2610295932577436,Period II,2007-01-01
2011-06-01,GARCHNet++,0.025,-2.271716617683093,0.8810533881187439,-1.8552040996320647,-2.2643866882796706,Period II,2007-01-01
2011-06-02,GARCHNet++,0.025,-0.10622109838710118,1.4207295179367065,-2.358642766947846,-2.890253287859629,Period II,2007-01-01
2011-06-03,GARCHNet++,0.025,-0.9994342882886753,1.3949426412582397,-2.3371536370766313,-2.863979969141031,Period II,2007-01-01
2011-06-06,GARCHNet++,0.025,-1.063761613777586,1.4619269371032715,-2.3929882865108714,-2.933996250230354,Period II,2007-01-01
2011-06-07,GARCHNet++,0.025,-0.062005096766113064,1.5350323915481567,-2.452494384742896,-3.008674879386245,Period II,2007-01-01
2011-06-08,GARCHNet++,0.025,-0.4196202712369402,1.4019559621810913,-2.343148236281201,-2.871858915789678,Period II,2007-01-01
2011-06-09,GARCHNet++,0.025,0.7602206791408592,1.2829487323760986,-2.2409445739852383,-2.744303153971072,Period II,2007-01-01
2011-06-10,GARCHNet++,0.025,-1.400797594659042,1.159664511680603,-2.1299555165985926,-2.6059144803938787,Period II,2007-01-01
2011-06-13,GARCHNet++,0.025,0.07833801882340768,1.3027485609054565,-2.2582213490232195,-2.76567127109863,Period II,2007-01-01
2011-06-14,GARCHNet++,0.025,1.2606270353002091,1.1873515844345093,-2.155368517770155,-2.637565998304608,Period II,2007-01-01
2011-06-15,GARCHNet++,0.025,-1.7945481547184419,1.1210023164749146,-2.0938321994682494,-2.560427673882242,Period II,2007-01-01
2011-06-16,GARCHNet++,0.025,0.22020015898782608,1.4798165559768677,-2.4074043532807283,-2.950906496757466,Period II,2007-01-01
2011-06-17,GARCHNet++,0.025,-0.19657957500154952,1.3704756498336792,-2.316316393138989,-2.8373991135267462,Period II,2007-01-01
2011-06-20,GARCHNet++,0.025,0.5103005354319755,1.2344402074813843,-2.1977892518771087,-2.6898754094495927,Period II,2007-01-01
2011-06-21,GARCHNet++,0.025,1.3610943482121969,1.0942835807800293,-2.0686580327803483,-2.529356680693,Period II,2007-01-01
2011-06-22,GARCHNet++,0.025,-0.6043709656474322,1.0485224723815918,-2.024676389042296,-2.4745070726294127,Period II,2007-01-01
2011-06-23,GARCHNet++,0.025,-0.28796775585726825,1.0096189975738525,-1.9866153078478859,-2.4274070695636727,Period II,2007-01-01
2011-06-24,GARCHNet++,0.025,-1.1681411413365772,0.9472364187240601,-1.924010986926953,-2.3499093684452106,Period II,2007-01-01
2011-06-27,GARCHNet++,0.025,0.8871539110088738,1.0456347465515137,-2.0219061196729338,-2.4712006925924257,Period II,2007-01-01
2011-06-28,GARCHNet++,0.025,1.2968523040000555,0.9956369996070862,-1.9727340165117178,-2.4101366105896913,Period II,2007-01-01
2011-06-29,GARCHNet++,0.025,0.8527694305573862,0.9857779145240784,-1.9628616182680454,-2.397752430896794,Period II,2007-01-01
2011-06-30,GARCHNet++,0.025,0.9516992828594328,0.9502772688865662,-1.9270498268285923,-2.353434126933234,Period II,2007-01-01
2011-07-01,GARCHNet++,0.025,1.4667959789823863,0.9173666834831238,-1.8932391501067174,-2.311558168266002,Period II,2007-01-01
2011-07-05,GARCHNet++,0.025,-0.08217279968376062,0.9380930066108704,-1.9145630185715086,-2.3378158717011353,Period II,2007-01-01
2011-07-06,GARCHNet++,0.025,0.11950383290817403,0.8977319002151489,-1.8727591185419343,-2.2861198836693277,Period II,2007-01-01
2011-07-07,GARCHNet++,0.025,1.0321996966352438,0.864025354385376,-1.8370789239087038,-2.241831043745365,Period II,2007-01-01
2011-07-08,GARCHNet++,0.025,-0.711751769102607,0.858001708984375,-1.8306252307949062,-2.233803158669947,Period II,2007-01-01
2011-07-11,GARCHNet++,0.025,-1.8245749397394189,0.8805017471313477,-1.8546121477561786,-2.2636205527315645,Period II,2007-01-01
2011-07-12,GARCHNet++,0.025,-0.4328573677972774,1.2476518154144287,-2.2094624814894095,-2.703930324980558,Period II,2007-01-01
2011-07-13,GARCHNet++,0.025,0.3342978783620863,1.2396467924118042,-2.20239265740097,-2.6954000711725703,Period II,2007-01-01
2011-07-14,GARCHNet++,0.025,-0.6926265084537383,1.1335551738739014,-2.10551162022131,-2.5746643569431957,Period II,2007-01-01
2011-07-15,GARCHNet++,0.025,0.5787920961467228,1.1172572374343872,-2.090273312883365,-2.5558389142945734,Period II,2007-01-01
2011-07-18,GARCHNet++,0.025,-0.8234905998654835,1.0237923860549927,-2.0005278655350454,-2.44447370861276,Period II,2007-01-01
2011-07-19,GARCHNet++,0.025,1.6101169186483368,1.0352100133895874,-2.011706775682353,-2.4583524854393,Period II,2007-01-01
2011-07-20,GARCHNet++,0.025,-0.060292287742959555,1.0539944171905518,-2.0298681728154286,-2.4805129652417683,Period II,2007-01-01
2011-07-21,GARCHNet++,0.025,1.377585310829419,0.9806187152862549,-1.9576762352960921,-2.3912498695695628,Period II,2007-01-01
2011-07-22,GARCHNet++,0.025,0.06689436860065935,0.972387969493866,-1.949371103197316,-2.3808185492374463,Period II,2007-01-01
2011-07-25,GARCHNet++,0.025,-0.5588479875640823,0.9124231338500977,-1.8880848625995652,-2.305082171695234,Period II,2007-01-01
2011-07-26,GARCHNet++,0.025,-0.3743079629607383,0.9029817581176758,-1.8782503675712419,-2.292915448042217,Period II,2007-01-01
2011-07-27,GARCHNet++,0.025,-2.0688008283868005,0.8842136859893799,-1.8585267317591911,-2.2684356371317205,Period II,2007-01-01
2011-07-28,GARCHNet++,0.025,-0.2913926393876417,1.3596566915512085,-2.306831999739337,-2.824436408053483,Period II,2007-01-01
2011-07-29,GARCHNet++,0.025,-0.685804559771897,1.3387912511825562,-2.2890630802691327,-2.8026803650572267,Period II,2007-01-01
2011-08-01,GARCHNet++,0.025,-0.42617789541002615,1.3239165544509888,-2.2762824516422633,-2.786913023635347,Period II,2007-01-01
2011-08-02,GARCHNet++,0.025,-2.587945553195333,1.241109848022461,-2.203630718453493,-2.696663718374702,Period II,2007-01-01
2011-08-03,GARCHNet++,0.025,0.5404132327946674,2.157271146774292,-2.909591138366588,-3.5791186589592874,Period II,2007-01-01
2011-08-04,GARCHNet++,0.025,-4.797410605219454,2.1555933952331543,-2.908696746108729,-3.5790838690717126,Period II,2007-01-01
2011-08-05,GARCHNet++,0.025,-0.14978808010258596,4.350798606872559,-4.148116904587603,-5.186244765352086,Period II,2007-01-01
2011-08-08,GARCHNet++,0.025,-6.734057403046549,4.859663486480713,-4.389781687593993,-5.5268484859630576,Period II,2007-01-01
2011-08-09,GARCHNet++,0.025,4.5450506361566,6.153410911560059,-4.950077740190413,-6.324279879019474,Period II,2007-01-01
2011-08-10,GARCHNet++,0.025,-4.518331616724278,6.641489505767822,-5.14675194008245,-6.63038739671355,Period II,2007-01-01
2011-08-11,GARCHNet++,0.025,4.390567430386802,8.023839950561523,-5.660843641663735,-7.3846854361276275,Period II,2007-01-01
2011-08-12,GARCHNet++,0.025,0.6710587086638596,8.085952758789062,-5.682905636427858,-7.423772025719877,Period II,2007-01-01
2011-08-15,GARCHNet++,0.025,2.0944050665182243,8.234912872314453,-5.735296375320833,-7.517298772989505,Period II,2007-01-01
2011-08-16,GARCHNet++,0.025,-0.8575935434864694,8.334904670715332,-5.770055128983779,-7.5790818538473825,Period II,2007-01-01
2011-08-17,GARCHNet++,0.025,0.06687439260467234,8.34580135345459,-5.773815226141112,-7.5896739310898855,Period II,2007-01-01
2011-08-18,GARCHNet++,0.025,-4.407576520390514,8.228017807006836,-5.732935050432679,-7.524526721047615,Period II,2007-01-01
2011-08-19,GARCHNet++,0.025,-1.646528708952503,8.572102546691895,-5.851382320412422,-7.715644740750413,Period II,2007-01-01
2011-08-22,GARCHNet++,0.025,0.07987218438405376,8.560408592224121,-5.847280176228161,-7.717894549379642,Period II,2007-01-01
2011-08-23,GARCHNet++,0.025,3.2380531009528957,8.373270034790039,-5.783270944459915,-7.610249163781924,Period II,2007-01-01
2011-08-24,GARCHNet++,0.025,1.3986236514564057,8.388622283935547,-5.7885633961461345,-7.618259682974183,Period II,2007-01-01
2011-08-25,GARCHNet++,0.025,-1.5361311166349485,8.291857719421387,-5.755132928260147,-7.561825750056036,Period II,2007-01-01
2011-08-26,GARCHNet++,0.025,1.44293000086114,8.310492515563965,-5.76158151547542,-7.575640495781418,Period II,2007-01-01
2011-08-29,GARCHNet++,0.025,2.833097486821802,8.14329719543457,-5.703325147287764,-7.4795113913778275,Period II,2007-01-01
2011-08-30,GARCHNet++,0.025,0.2633310389515277,8.118185997009277,-5.694502461749627,-7.463669317381428,Period II,2007-01-01
2011-08-31,GARCHNet++,0.025,0.44280589954652844,7.868953227996826,-5.606085144705876,-7.320688897645618,Period II,2007-01-01
2011-09-01,GARCHNet++,0.025,-1.0528134422534179,7.601486682891846,-5.509318090496718,-7.166446862747021,Period II,2007-01-01
2011-09-02,GARCHNet++,0.025,-2.588195859748386,7.169130325317383,-5.348699317509709,-6.916048265687562,Period II,2007-01-01
2011-09-06,GARCHNet++,0.025,-0.7324173634934822,7.464123725891113,-5.458848776064539,-7.086843811484632,Period II,2007-01-01
2011-09-07,GARCHNet++,0.025,2.7817058817413183,6.087366580963135,-4.9224993856995285,-6.278730073709275,Period II,2007-01-01
2011-09-08,GARCHNet++,0.025,-1.0445922841278863,5.310340404510498,-4.591568690840439,-5.801703363670165,Period II,2007-01-01
2011-09-09,GARCHNet++,0.025,-2.65592965591247,4.025463581085205,-3.9853090947904426,-4.955498110211128,Period II,2007-01-01
2011-09-12,GARCHNet++,0.025,0.6449138924880436,4.514688968658447,-4.223562015463033,-5.268838858433104,Period II,2007-01-01
2011-09-13,GARCHNet++,0.025,0.9129364315030244,4.147721767425537,-4.046207285144549,-5.035810989063334,Period II,2007-01-01
2011-09-14,GARCHNet++,0.025,1.374915065943775,3.580467939376831,-3.7560901414706733,-4.657236367262685,Period II,2007-01-01
2011-09-15,GARCHNet++,0.025,1.7110031462982918,2.99292254447937,-3.430997808421573,-4.2386184219831184,Period II,2007-01-01
2011-09-16,GARCHNet++,0.025,0.07408630840709542,2.5502068996429443,-3.1649182021258073,-3.899662140609288,Period II,2007-01-01
2011-09-19,GARCHNet++,0.025,-1.0007105910177692,2.3677773475646973,-3.048634896165251,-3.75190632332524,Period II,2007-01-01
2011-09-20,GARCHNet++,0.025,-0.11643330667982066,2.2926344871520996,-2.999582872664186,-3.6902475302909563,Period II,2007-01-01
2011-09-21,GARCHNet++,0.025,-2.990088453258005,1.8324133157730103,-2.679790409214771,-3.2885724377039605,Period II,2007-01-01
2011-09-22,GARCHNet++,0.025,-3.2858389204389793,2.9331655502319336,-3.395472492677329,-4.189473214561625,Period II,2007-01-01
2011-09-23,GARCHNet++,0.025,0.6007087857023056,4.440624237060547,-4.186711954209185,-5.211096167895398,Period II,2007-01-01
2011-09-26,GARCHNet++,0.025,2.3501795078211662,4.645186901092529,-4.284373129913342,-5.3458984378098355,Period II,2007-01-01
2011-09-27,GARCHNet++,0.025,1.1121708089304598,4.602814674377441,-4.2647043931442274,-5.320866571044395,Period II,2007-01-01
2011-09-28,GARCHNet++,0.025,-2.0629935026862865,4.332247734069824,-4.135995529069436,-5.151844290288394,Period II,2007-01-01
2011-09-29,GARCHNet++,0.025,0.7872385070655765,4.597672462463379,-4.262721799445269,-5.320750825030891,Period II,2007-01-01
2011-09-30,GARCHNet++,0.025,-2.530677345236948,4.145656585693359,-4.0451308667610295,-5.034087420191919,Period II,2007-01-01
2011-10-03,GARCHNet++,0.025,-2.887058319813414,4.722942352294922,-4.321367123388485,-5.39972142904007,Period II,2007-01-01
2011-10-04,GARCHNet++,0.025,2.1686152138976267,6.356509208679199,-5.0256720512684465,-6.367865846146029,Period II,2007-01-01
2011-10-05,GARCHNet++,0.025,1.8345918331616917,6.283927917480469,-4.996884900593557,-6.331286252743044,Period II,2007-01-01
2011-10-06,GARCHNet++,0.025,1.7929541235911752,6.3024373054504395,-5.00456893119727,-6.343874651307013,Period II,2007-01-01
2011-10-07,GARCHNet++,0.025,-0.6718361097380832,5.789088249206543,-4.786929639028528,-5.997766356330516,Period II,2007-01-01
2011-10-10,GARCHNet++,0.025,3.2898565789152205,5.9653520584106445,-4.860510362052707,-6.098139003854452,Period II,2007-01-01
2011-10-11,GARCHNet++,0.025,0.10029683037337549,5.5299882888793945,-4.676739015695726,-5.848123777608394,Period II,2007-01-01
2011-10-12,GARCHNet++,0.025,0.8733705463807772,5.046227931976318,-4.4645585435277395,-5.565313143725753,Period II,2007-01-01
2011-10-13,GARCHNet++,0.025,-0.19895377667991324,4.469590663909912,-4.1985347366637145,-5.2159067338713525,Period II,2007-01-01
2011-10-14,GARCHNet++,0.025,1.6949538097382644,3.956843376159668,-3.9477233190357137,-4.890470642111281,Period II,2007-01-01
2011-10-17,GARCHNet++,0.025,-1.9275689955516837,3.431783437728882,-3.6740064701584387,-4.539126410003139,Period II,2007-01-01
2011-10-18,GARCHNet++,0.025,1.9357290087466699,3.4841465950012207,-3.7021131517070773,-4.574739471094291,Period II,2007-01-01
2011-10-19,GARCHNet++,0.025,-1.1899566641168824,3.148728609085083,-3.5179242825427655,-4.340060224570996,Period II,2007-01-01
2011-10-20,GARCHNet++,0.025,0.4365972639690508,2.5924172401428223,-3.1897321750686016,-3.9244536045832645,Period II,2007-01-01
2011-10-21,GARCHNet++,0.025,1.8809311703080418,2.4668972492218018,-3.1111184517272688,-3.82578504153628,Period II,2007-01-01
2011-10-24,GARCHNet++,0.025,1.2186446402285758,2.0859487056732178,-2.8594330223684254,-3.5101329252587776,Period II,2007-01-01
2011-10-25,GARCHNet++,0.025,-1.9635255461081464,1.7287260293960571,-2.601889413500916,-3.1888104543026246,Period II,2007-01-01
2011-10-26,GARCHNet++,0.025,1.0107221430194213,1.9724849462509155,-2.780106871618474,-3.410731574531555,Period II,2007-01-01
2011-10-27,GARCHNet++,0.025,3.4242080982544705,1.5885990858078003,-2.4936391058423166,-3.0537572267645072,Period II,2007-01-01
2011-10-28,GARCHNet++,0.025,-0.023324478600182927,1.7181346416473389,-2.5934522774343036,-3.1765672715682283,Period II,2007-01-01
2011-10-31,GARCHNet++,0.025,-2.440110069292053,1.662459135055542,-2.550888403374247,-3.1236102905525183,Period II,2007-01-01
2011-11-01,GARCHNet++,0.025,-2.828471383858199,2.8718254566192627,-3.3572300375228554,-4.1305436495374215,Period II,2007-01-01
2011-11-02,GARCHNet++,0.025,1.6179855229439513,4.485226154327393,-4.203656392050694,-5.210629415320114,Period II,2007-01-01
2011-11-03,GARCHNet++,0.025,1.8063168192773142,4.9219794273376465,-4.4067966088833295,-5.479540410715455,Period II,2007-01-01
2011-11-04,GARCHNet++,0.025,-0.6117658080253967,4.804052829742432,-4.353573824023655,-5.412754836421035,Period II,2007-01-01
2011-11-07,GARCHNet++,0.025,0.6196879783561348,4.675053119659424,-4.294487726780535,-5.33800563709298,Period II,2007-01-01
2011-11-08,GARCHNet++,0.025,1.2749012855056312,4.4029059410095215,-4.166465389270984,-5.172697534272627,Period II,2007-01-01
2011-11-09,GARCHNet++,0.025,-3.7607949922965935,3.8239223957061768,-3.880099645819294,-4.802912500623806,Period II,2007-01-01
2011-11-10,GARCHNet++,0.025,0.9374531373710209,4.836719512939453,-4.368657204243164,-5.433186237597803,Period II,2007-01-01
2011-11-11,GARCHNet++,0.025,1.8647475836618268,4.677308082580566,-4.295975459504368,-5.342321133724701,Period II,2007-01-01
2011-11-14,GARCHNet++,0.025,-0.951938462996258,4.30507230758667,-4.119644613999791,-5.113137130810041,Period II,2007-01-01
2011-11-15,GARCHNet++,0.025,0.4929665261295321,4.471907615661621,-4.19974098386631,-5.218040734319331,Period II,2007-01-01
2011-11-16,GARCHNet++,0.025,-1.5990107007195373,4.013151168823242,-3.976156862619251,-4.927961153223174,Period II,2007-01-01
2011-11-17,GARCHNet++,0.025,-1.6004250782027263,4.030425548553467,-3.984822098204189,-4.939300852600608,Period II,2007-01-01
2011-11-18,GARCHNet++,0.025,-0.10651584546348021,4.030051231384277,-3.9846467826290666,-4.939133580072711,Period II,2007-01-01
2011-11-21,GARCHNet++,0.025,-1.9202705822494954,3.6769416332244873,-3.8043406702962104,-4.7068497856790765,Period II,2007-01-01
2011-11-22,GARCHNet++,0.025,-0.3935539588244083,3.7968997955322266,-3.866482387083668,-4.78664278185456,Period II,2007-01-01
2011-11-23,GARCHNet++,0.025,-2.2312738036471798,3.5427496433258057,-3.733600170425896,-4.616000410815473,Period II,2007-01-01
2011-11-25,GARCHNet++,0.025,-0.18892339364911,3.8384926319122314,-3.8877053895607987,-4.813435089733225,Period II,2007-01-01
2011-11-28,GARCHNet++,0.025,2.8555236610433044,3.5394957065582275,-3.731802521242753,-4.6133732903049545,Period II,2007-01-01
2011-11-29,GARCHNet++,0.025,0.28362044725834423,3.1616203784942627,-3.525211432456195,-4.3494883379677995,Period II,2007-01-01
2011-11-30,GARCHNet++,0.025,4.032536892293411,2.9035844802856445,-3.377005678032546,-4.160620041561266,Period II,2007-01-01
2011-12-01,GARCHNet++,0.025,-0.015999874525770223,2.888792037963867,-3.3682220396580824,-4.149014718759744,Period II,2007-01-01
2011-12-02,GARCHNet++,0.025,-0.08806037437761391,2.747420072555542,-3.2840651081407195,-4.042133212433235,Period II,2007-01-01
2011-12-05,GARCHNet++,0.025,1.0833311305441844,2.48116135597229,-3.1189299748099546,-3.830239698359915,Period II,2007-01-01
2011-12-06,GARCHNet++,0.025,0.03168640314494092,2.057410955429077,-2.8389330467071443,-3.4812287325177906,Period II,2007-01-01
2011-12-07,GARCHNet++,0.025,0.3715575724058595,1.7264387607574463,-2.599671192277564,-3.1840141187616853,Period II,2007-01-01
2011-12-08,GARCHNet++,0.025,-2.2180631722513984,1.4068206548690796,-2.345908012397775,-2.8698422914310826,Period II,2007-01-01
2011-12-09,GARCHNet++,0.025,1.6800443984299855,2.081658363342285,-2.8556178357102975,-3.5017088145386284,Period II,2007-01-01
2011-12-12,GARCHNet++,0.025,-1.4705003659321119,1.9151078462600708,-2.7384681367770503,-3.3558088572975544,Period II,2007-01-01
2011-12-13,GARCHNet++,0.025,-0.9382872547278114,2.1232988834381104,-2.8840815681623355,-3.536799216736361,Period II,2007-01-01
2011-12-14,GARCHNet++,0.025,-1.0703196119725815,2.179187536239624,-2.9219788543973757,-3.5840696965548218,Period II,2007-01-01
2011-12-15,GARCHNet++,0.025,0.3607764201080332,2.1916987895965576,-2.930410189822805,-3.594648170892059,Period II,2007-01-01
2011-12-16,GARCHNet++,0.025,-0.48406705295579816,1.9716936349868774,-2.7788667479507607,-3.406309672607022,Period II,2007-01-01
2011-12-19,GARCHNet++,0.025,-1.0749197572835998,1.820957899093628,-2.670142416398906,-3.271394437488538,Period II,2007-01-01
2011-12-20,GARCHNet++,0.025,2.981139092228546,1.7568162679672241,-2.62251909478756,-3.21231610705053,Period II,2007-01-01
2016-12-21,Historical Simulation,0.025,-0.2786518496201791,0.659946843712639,-1.8075038118276698,-2.3908331108841994,Period III,2013-01-01
2016-12-22,Historical Simulation,0.025,-0.17289126848319208,0.6599779548965917,-1.8075038118276698,-2.3908331108841994,Period III,2013-01-01
2016-12-23,Historical Simulation,0.025,0.14631310002082348,0.6598688418662368,-1.8075038118276698,-2.3908331108841994,Period III,2013-01-01
2016-12-27,Historical Simulation,0.025,0.24779761561614494,0.6597788432865997,-1.8075038118276698,-2.3908331108841994,Period III,2013-01-01
2016-12-28,Historical Simulation,0.025,-0.8298848896098834,0.6597101461406802,-1.8075038118276698,-2.3908331108841994,Period III,2013-01-01
2016-12-29,Historical Simulation,0.025,-0.02227868219520829,0.6604295773779392,-1.8075038118276698,-2.3908331108841994,Period III,2013-01-01
2016-12-30,Historical Simulation,0.025,-0.36617318546013605,0.6598719541517758,-1.8075038118276698,-2.3908331108841994,Period III,2013-01-01
2017-01-03,Historical Simulation,0.025,0.7620897001746235,0.6600363740983576,-1.8075038118276698,-2.3908331108841994,Period III,2013-01-01
2017-01-04,Historical Simulation,0.025,0.5931566752148794,0.6605428420953429,-1.8075038118276698,-2.3908331108841994,Period III,2013-01-01
2017-01-05,Historical Simulation,0.025,-0.07947721565786298,0.6608452365738914,-1.8075038118276698,-2.3908331108841994,Period III,2013-01-01
2017-01-06,Historical Simulation,0.025,0.35714101420465494,0.6608570697042223,-1.8075038118276698,-2.3908331108841994,Period III,2013-01-01
2017-01-09,Historical Simulation,0.025,-0.3306370979156274,0.6605943456144755,-1.8075038118276698,-2.3908331108841994,Period III,2013-01-01
2017-01-10,Historical Simulation,0.025,0.0,0.6607013015790941,-1.8075038118276698,-2.3908331108841994,Period III,2013-01-01
2017-01-11,Historical Simulation,0.025,0.28221174544804994,0.6604569608357382,-1.8075038118276698,-2.3908331108841994,Period III,2013-01-01
2017-01-12,Historical Simulation,0.025,-0.2513094892667004,0.660500633239031,-1.8075038118276698,-2.3908331108841994,Period III,2013-01-01
2017-01-13,Historical Simulation,0.025,0.22928898901267697,0.6605863828839731,-1.8075038118276698,-2.3908331108841994,Period III,2013-01-01
2017-01-17,Historical Simulation,0.025,-0.3529688404831017,0.6603518811736439,-1.8075038118276698,-2.3908331108841994,Period III,2013-01-01
2017-01-18,Historical Simulation,0.025,0.220750641521052,0.6604814233343121,-1.8075038118276698,-2.3908331108841994,Period III,2013-01-01
2017-01-19,Historical Simulation,0.025,-0.371138291563596,0.6603901658904604,-1.8075038118276698,-2.3908331108841994,Period III,2013-01-01
2017-01-20,Historical Simulation,0.025,0.36673047365514516,0.6603721951653105,-1.8075038118276698,-2.3908331108841994,Period III,2013-01-01
2017-01-23,Historical Simulation,0.025,-0.2605541881103168,0.6603951953695201,-1.8075038118276698,-2.3908331108841994,Period III,2013-01-01
2017-01-24,Historical Simulation,0.025,0.6391260133969621,0.6595196779201615,-1.8075038118276698,-2.3908331108841994,Period III,2013-01-01
2017-01-25,Historical Simulation,0.025,0.8618296722527514,0.6585037879459756,-1.8075038118276698,-2.3908331108841994,Period III,2013-01-01
2017-01-26,Historical Simulation,0.025,-0.10460035313087782,0.6582488316721626,-1.8075038118276698,-2.3908331108841994,Period III,2013-01-01
2017-01-27,Historical Simulation,0.025,-0.15710263233611213,0.6582693140897876,-1.8075038118276698,-2.3908331108841994,Period III,2013-01-01
2017-01-30,Historical Simulation,0.025,-0.6220988062862284,0.65827853499406,-1.8075038118276698,-2.3908331108841994,Period III,2013-01-01
2017-01-31,Historical Simulation,0.025,-0.00879154100085011,0.6584544866584207,-1.8075038118276698,-2.3908331108841994,Period III,2013-01-01
2017-02-01,Historical Simulation,0.025,0.039545793813170554,0.6584532836675082,-1.8075038118276698,-2.3908331108841994,Period III,2013-01-01
2017-02-02,Historical Simulation,0.025,0.06588162274107837,0.6584378537223412,-1.8075038118276698,-2.3908331108841994,Period III,2013-01-01
2017-02-03,Historical Simulation,0.025,0.6869236012564833,0.6584364684975882,-1.8075038118276698,-2.3908331108841994,Period III,2013-01-01
2017-02-06,Historical Simulation,0.025,-0.1789354665738825,0.6588519262294652,-1.8075038118276698,-2.3908331108841994,Period III,2013-01-01
2017-02-07,Historical Simulation,0.025,0.004372317790355026,0.658874946174843,-1.8075038118276698,-2.3908331108841994,Period III,2013-01-01
2017-02-08,Historical Simulation,0.025,0.13095424917520315,0.6583771026858722,-1.8075038118276698,-2.3908331108841994,Period III,2013-01-01
2017-02-09,Historical Simulation,0.025,0.5915120656897009,0.6567065414766204,-1.8075038118276698,-2.3908331108841994,Period III,2013-01-01
2017-02-10,Historical Simulation,0.025,0.3938411107139749,0.6565832952574069,-1.8075038118276698,-2.3908331108841994,Period III,2013-01-01
2017-02-13,Historical Simulation,0.025,0.5427814518752642,0.6558409819722636,-1.8075038118276698,-2.3908331108841994,Period III,2013-01-01
2017-02-14,Historical Simulation,0.025,0.39873685575423923,0.6522278850495199,-1.6948406138333794,-2.3862807693294386,Period III,2013-01-01
2017-02-15,Historical Simulation,0.025,0.5206794373572733,0.6519463647441933,-1.6948406138333794,-2.3862807693294386,Period III,2013-01-01
2017-02-16,Historical Simulation,0.025,-0.0851703264593723,0.6507131266731644,-1.6948406138333794,-2.3862807693294386,Period III,2013-01-01
2017-02-17,Historical Simulation,0.025,0.15750843771027803,0.6506714377922127,-1.6948406138333794,-2.3862807693294386,Period III,2013-01-01
2017-02-21,Historical Simulation,0.025,0.5937542995365429,0.6506027554585183,-1.6948406138333794,-2.3862807693294386,Period III,2013-01-01
2017-02-22,Historical Simulation,0.025,-0.0888409695124651,0.6506678430096848,-1.6948406138333794,-2.3862807693294386,Period III,2013-01-01
2017-02-23,Historical Simulation,0.025,0.06769490091659686,0.649964102007265,-1.6948406138333794,-2.3862807693294386,Period III,2013-01-01
2017-02-24,Historical Simulation,0.025,0.12680294472507694,0.649955994359104,-1.6948406138333794,-2.3862807693294386,Period III,2013-01-01
2017-02-27,Historical Simulation,0.025,0.15616553239042483,0.6499438914801479,-1.6948406138333794,-2.3862807693294386,Period III,2013-01-01
2017-02-28,Historical Simulation,0.025,-0.27028158992564316,0.6498099077984925,-1.6948406138333794,-2.3862807693294386,Period III,2013-01-01
2017-03-01,Historical Simulation,0.025,1.3900476034819913,0.6497938183467706,-1.6948406138333794,-2.3862807693294386,Period III,2013-01-01
2017-03-02,Historical Simulation,0.025,-0.6317328810846006,0.6515404948627082,-1.6948406138333794,-2.3862807693294386,Period III,2013-01-01
2017-03-03,Historical Simulation,0.025,0.06293142321694911,0.6519862578426979,-1.6948406138333794,-2.3862807693294386,Period III,2013-01-01
2017-03-06,Historical Simulation,0.025,-0.29823450487956105,0.651747527414377,-1.6948406138333794,-2.3862807693294386,Period III,2013-01-01
2017-03-07,Historical Simulation,0.025,-0.2991330425974492,0.6514811862585441,-1.6948406138333794,-2.3862807693294386,Period III,2013-01-01
2017-03-08,Historical Simulation,0.025,-0.18582759113619426,0.6512426226736104,-1.6948406138333794,-2.3862807693294386,Period III,2013-01-01
2017-03-09,Historical Simulation,0.025,0.126738664642497,0.6512190665045297,-1.6948406138333794,-2.3862807693294386,Period III,2013-01-01
2017-03-10,Historical Simulation,0.025,0.34980620464540757,0.6507982524928068,-1.6948406138333794,-2.3862807693294386,Period III,2013-01-01
2017-03-13,Historical Simulation,0.025,0.050471133432059306,0.650081038707353,-1.6948406138333794,-2.3862807693294386,Period III,2013-01-01
2017-03-14,Historical Simulation,0.025,-0.3833939850330953,0.6495069932459774,-1.6948406138333794,-2.3862807693294386,Period III,2013-01-01
2017-03-15,Historical Simulation,0.025,0.8616226851996198,0.6494757217702404,-1.6948406138333794,-2.3862807693294386,Period III,2013-01-01
2017-03-16,Historical Simulation,0.025,-0.19688807982030052,0.6495774014123338,-1.6948406138333794,-2.3862807693294386,Period III,2013-01-01
2017-03-17,Historical Simulation,0.025,-0.6098721201673768,0.6496329257050382,-1.6948406138333794,-2.3862807693294386,Period III,2013-01-01
2017-03-20,Historical Simulation,0.025,-0.10974864130761401,0.6499878240754156,-1.6948406138333794,-2.3862807693294386,Period III,2013-01-01
2017-03-21,Historical Simulation,0.025,-1.2922639108276666,0.6498186435978426,-1.6948406138333794,-2.3862807693294386,Period III,2013-01-01
2017-03-22,Historical Simulation,0.025,0.23503912797317797,0.6513934935301798,-1.6948406138333794,-2.3862807693294386,Period III,2013-01-01
2017-03-23,Historical Simulation,0.025,-0.10676689588160469,0.6503074504392353,-1.6948406138333794,-2.3862807693294386,Period III,2013-01-01
2017-03-24,Historical Simulation,0.025,-0.07266587302462943,0.6501965586729447,-1.6948406138333794,-2.3862807693294386,Period III,2013-01-01
2017-03-27,Historical Simulation,0.025,-0.10268054951853856,0.6499681633415282,-1.6948406138333794,-2.3862807693294386,Period III,2013-01-01
2017-03-28,Historical Simulation,0.025,0.725047829387214,0.6495866129092943,-1.6948406138333794,-2.3862807693294386,Period III,2013-01-01
2017-03-29,Historical Simulation,0.025,0.09344007884925203,0.6499628670274047,-1.6948406138333794,-2.3862807693294386,Period III,2013-01-01
2017-03-30,Historical Simulation,0.025,0.31791138885483344,0.6485781288020296,-1.6948406138333794,-2.3862807693294386,Period III,2013-01-01
2017-03-31,Historical Simulation,0.025,-0.2330309697588091,0.6485728703192896,-1.6948406138333794,-2.3862807693294386,Period III,2013-01-01
2017-04-03,Historical Simulation,0.025,-0.17407339005489855,0.6485660309435752,-1.6948406138333794,-2.3862807693294386,Period III,2013-01-01
2017-04-04,Historical Simulation,0.025,0.06371738167705392,0.6429170341935877,-1.6572267081254706,-2.3601727808016117,Period III,2013-01-01
2017-04-05,Historical Simulation,0.025,-0.2977065765407665,0.640886283450177,-1.6572267081254706,-2.3601727808016117,Period III,2013-01-01
2017-04-06,Historical Simulation,0.025,0.280721404373758,0.6387101779102962,-1.6572267081254706,-2.3601727808016117,Period III,2013-01-01
2017-04-07,Historical Simulation,0.025,-0.10199112454537344,0.6383189476262535,-1.6572267081254706,-2.3601727808016117,Period III,2013-01-01
2017-04-10,Historical Simulation,0.025,0.05950584255413305,0.6376604977136914,-1.6572267081254706,-2.3601727808016117,Period III,2013-01-01
2017-04-11,Historical Simulation,0.025,-0.1190471156455239,0.6374993839414664,-1.6572267081254706,-2.3601727808016117,Period III,2013-01-01
2017-04-12,Historical Simulation,0.025,-0.43914832660768754,0.6365532258046201,-1.6572267081254706,-2.3601727808016117,Period III,2013-01-01
2017-04-13,Historical Simulation,0.025,-0.6516095822653079,0.6367821026749041,-1.6572267081254706,-2.3601727808016117,Period III,2013-01-01
2017-04-17,Historical Simulation,0.025,0.8820870798886493,0.6371254077042818,-1.6572267081254706,-2.3601727808016117,Period III,2013-01-01
2017-04-18,Historical Simulation,0.025,-0.2988697482894407,0.6377906538736515,-1.6572267081254706,-2.3601727808016117,Period III,2013-01-01
2017-04-19,Historical Simulation,0.025,-0.18402893127950093,0.6375091181319064,-1.6572267081254706,-2.3601727808016117,Period III,2013-01-01
2017-04-20,Historical Simulation,0.025,0.8106166241988226,0.6375184805408287,-1.6572267081254706,-2.3601727808016117,Period III,2013-01-01
2017-04-21,Historical Simulation,0.025,-0.319196752061056,0.6372685352443761,-1.6572267081254706,-2.3601727808016117,Period III,2013-01-01
2017-04-24,Historical Simulation,0.025,1.0937881902130022,0.6366122762373301,-1.6572267081254706,-2.3601727808016117,Period III,2013-01-01
2017-04-25,Historical Simulation,0.025,0.5801768898692425,0.6367842672105908,-1.6572267081254706,-2.3601727808016117,Period III,2013-01-01
2017-04-26,Historical Simulation,0.025,-0.06290351658648945,0.6370314821630109,-1.6572267081254706,-2.3601727808016117,Period III,2013-01-01
2017-04-27,Historical Simulation,0.025,0.08386256551509146,0.6368234447200309,-1.6572267081254706,-2.3601727808016117,Period III,2013-01-01
2017-04-28,Historical Simulation,0.025,-0.2181775908701382,0.6366523256394446,-1.6572267081254706,-2.3601727808016117,Period III,2013-01-01
2017-05-01,Historical Simulation,0.025,0.2516952631878662,0.636615516600684,-1.6572267081254706,-2.3601727808016117,Period III,2013-01-01
2017-05-02,Historical Simulation,0.025,0.03770514119653767,0.6365788433785148,-1.6572267081254706,-2.3601727808016117,Period III,2013-01-01
2017-05-03,Historical Simulation,0.025,-0.12153319250617428,0.636577106837195,-1.6572267081254706,-2.3601727808016117,Period III,2013-01-01
2017-05-04,Historical Simulation,0.025,0.11734088389643792,0.6356196525206049,-1.6572267081254706,-2.3601727808016117,Period III,2013-01-01
2017-05-05,Historical Simulation,0.025,0.3929288415371179,0.635375232820773,-1.6572267081254706,-2.3601727808016117,Period III,2013-01-01
2017-05-08,Historical Simulation,0.025,-0.01668611739598412,0.6352445905905878,-1.6572267081254706,-2.3601727808016117,Period III,2013-01-01
2017-05-09,Historical Simulation,0.025,-0.09183937940459314,0.6343883512533339,-1.6572267081254706,-2.3601727808016117,Period III,2013-01-01
2017-05-10,Historical Simulation,0.025,0.1794215824099324,0.6344029649665983,-1.6572267081254706,-2.3601727808016117,Period III,2013-01-01
2017-05-11,Historical Simulation,0.025,-0.20448217218897294,0.6344119437617355,-1.6572267081254706,-2.3601727808016117,Period III,2013-01-01
2017-05-12,Historical Simulation,0.025,-0.1672419299264369,0.633859590315051,-1.6572267081254706,-2.3601727808016117,Period III,2013-01-01
2017-05-15,Historical Simulation,0.025,0.5508306898499835,0.6337945813363838,-1.6572267081254706,-2.3601727808016117,Period III,2013-01-01
2017-05-16,Historical Simulation,0.025,-0.0915946683242044,0.6340439402872461,-1.6572267081254706,-2.3601727808016117,Period III,2013-01-01
2017-05-17,Historical Simulation,0.025,-1.7903375551923166,0.6337465621263038,-1.6572267081254706,-2.3601727808016117,Period III,2013-01-01
2017-05-18,Historical Simulation,0.025,0.4020390632640581,0.6366125531894959,-1.6944186044696892,-2.3641079172415145,Period III,2013-01-01
2017-05-19,Historical Simulation,0.025,0.6483113050925737,0.6366360153452432,-1.6944186044696892,-2.3641079172415145,Period III,2013-01-01
2017-05-22,Historical Simulation,0.025,0.5064601618306679,0.6348111960614751,-1.6944186044696892,-2.3641079172415145,Period III,2013-01-01
2017-05-23,Historical Simulation,0.025,0.2210309181044507,0.6347693362842839,-1.6944186044696892,-2.3641079172415145,Period III,2013-01-01
2017-05-24,Historical Simulation,0.025,0.23301202833640117,0.6345323385794546,-1.6944186044696892,-2.3641079172415145,Period III,2013-01-01
2017-05-25,Historical Simulation,0.025,0.4768107829548058,0.6324677312946919,-1.6944186044696892,-2.3641079172415145,Period III,2013-01-01
2017-05-26,Historical Simulation,0.025,-0.020678756911771005,0.6319160850342913,-1.6944186044696892,-2.3641079172415145,Period III,2013-01-01
2017-05-30,Historical Simulation,0.025,-0.08692151411252483,0.6304173084866198,-1.6944186044696892,-2.3641079172415145,Period III,2013-01-01
2017-05-31,Historical Simulation,0.025,-0.02484679612337303,0.6304315287943885,-1.6944186044696892,-2.3641079172415145,Period III,2013-01-01
2017-06-01,Historical Simulation,0.025,0.7920825887608272,0.6292774385004666,-1.6944186044696892,-2.3641079172415145,Period III,2013-01-01
2017-06-02,Historical Simulation,0.025,0.3322865488960124,0.6290838296709045,-1.6944186044696892,-2.3641079172415145,Period III,2013-01-01
2017-06-05,Historical Simulation,0.025,-0.07374331472786078,0.6270086026611744,-1.6944186044696892,-2.3641079172415145,Period III,2013-01-01
2017-06-06,Historical Simulation,0.025,-0.32019680877317014,0.6265732925927179,-1.6944186044696892,-2.3641079172415145,Period III,2013-01-01
2017-06-07,Historical Simulation,0.025,0.18485306828973203,0.6261702165438803,-1.6944186044696892,-2.3641079172415145,Period III,2013-01-01
2017-06-08,Historical Simulation,0.025,0.04923482644446555,0.6256305680040585,-1.6944186044696892,-2.3641079172415145,Period III,2013-01-01
2017-06-09,Historical Simulation,0.025,-0.15188948314465667,0.6235820684377188,-1.6944186044696892,-2.3641079172415145,Period III,2013-01-01
2017-06-12,Historical Simulation,0.025,-0.020544836984530822,0.6171093767486124,-1.6572267081254706,-2.3314247372742143,Period III,2013-01-01
2017-06-13,Historical Simulation,0.025,0.4877968445439268,0.6170509541311611,-1.6572267081254706,-2.3314247372742143,Period III,2013-01-01
2017-06-14,Historical Simulation,0.025,-0.12684285469737472,0.6155175492485156,-1.6572267081254706,-2.3314247372742143,Period III,2013-01-01
2017-06-15,Historical Simulation,0.025,-0.1926195596875313,0.6147121032348228,-1.6572267081254706,-2.3314247372742143,Period III,2013-01-01
2017-06-16,Historical Simulation,0.025,-0.4646314455727953,0.6138780717645602,-1.6572267081254706,-2.3314247372742143,Period III,2013-01-01
2017-06-19,Historical Simulation,0.025,0.8290645722063341,0.6138384981240703,-1.6572267081254706,-2.3314247372742143,Period III,2013-01-01
2017-06-20,Historical Simulation,0.025,-0.6766934434419228,0.6142545802204409,-1.6572267081254706,-2.3314247372742143,Period III,2013-01-01
2017-06-21,Historical Simulation,0.025,-0.024692386185517282,0.6144762165813806,-1.6572267081254706,-2.3314247372742143,Period III,2013-01-01
2017-06-22,Historical Simulation,0.025,-0.04528731087584111,0.6144625652575526,-1.6572267081254706,-2.3314247372742143,Period III,2013-01-01
2017-06-23,Historical Simulation,0.025,0.11935246151813209,0.6144700071585689,-1.6572267081254706,-2.3314247372742143,Period III,2013-01-01
2017-06-26,Historical Simulation,0.025,0.06578200308041038,0.6134088161040195,-1.6572267081254706,-2.3314247372742143,Period III,2013-01-01
2017-06-27,Historical Simulation,0.025,-0.8088820773010476,0.6131292310321541,-1.6572267081254706,-2.3314247372742143,Period III,2013-01-01
2017-06-28,Historical Simulation,0.025,0.8910597422785591,0.6133875975734334,-1.6572267081254706,-2.3314247372742143,Period III,2013-01-01
2017-06-29,Historical Simulation,0.025,-0.8827709082089772,0.6141153999912459,-1.6572267081254706,-2.3314247372742143,Period III,2013-01-01
2017-06-30,Historical Simulation,0.025,0.18627634061266213,0.613232008817959,-1.6572267081254706,-2.3314247372742143,Period III,2013-01-01
2017-07-03,Historical Simulation,0.025,0.16941953757414918,0.6132543972665843,-1.6572267081254706,-2.3314247372742143,Period III,2013-01-01
2017-07-05,Historical Simulation,0.025,0.23093644883827985,0.6131530928009523,-1.6572267081254706,-2.3314247372742143,Period III,2013-01-01
2017-07-06,Historical Simulation,0.025,-0.9186529833769774,0.6130207735607142,-1.6572267081254706,-2.3314247372742143,Period III,2013-01-01
2017-07-07,Historical Simulation,0.025,0.6464190025662,0.613885652655335,-1.6572267081254706,-2.3314247372742143,Period III,2013-01-01
2017-07-10,Historical Simulation,0.025,0.10732931559087028,0.6139979891711829,-1.6572267081254706,-2.3314247372742143,Period III,2013-01-01
2017-07-11,Historical Simulation,0.025,-0.07429118580426038,0.6139830398436146,-1.6572267081254706,-2.3314247372742143,Period III,2013-01-01
2017-07-12,Historical Simulation,0.025,0.7486633392334205,0.6139698515237301,-1.6572267081254706,-2.3314247372742143,Period III,2013-01-01
2017-07-13,Historical Simulation,0.025,0.16788639705180453,0.6144160548172577,-1.6572267081254706,-2.3314247372742143,Period III,2013-01-01
2017-07-14,Historical Simulation,0.025,0.4653257098670055,0.6142697272898487,-1.6572267081254706,-2.3314247372742143,Period III,2013-01-01
2017-07-17,Historical Simulation,0.025,-0.012217222732245696,0.6144107674868536,-1.6572267081254706,-2.3314247372742143,Period III,2013-01-01
2017-07-18,Historical Simulation,0.025,0.052934662840060424,0.6144084393396871,-1.6572267081254706,-2.3314247372742143,Period III,2013-01-01
2017-07-19,Historical Simulation,0.025,0.5399391200699996,0.6142892334413346,-1.6572267081254706,-2.3314247372742143,Period III,2013-01-01
2017-07-20,Historical Simulation,0.025,0.0445265476278358,0.6145400718756392,-1.6572267081254706,-2.3314247372742143,Period III,2013-01-01
2017-07-21,Historical Simulation,0.025,-0.08907293022224441,0.6145390231697736,-1.6572267081254706,-2.3314247372742143,Period III,2013-01-01
2017-07-24,Historical Simulation,0.025,-0.024305269356146516,0.6133180523369406,-1.6572267081254706,-2.3314247372742143,Period III,2013-01-01
2017-07-25,Historical Simulation,0.025,0.24279343347230284,0.6133040985005637,-1.6572267081254706,-2.3314247372742143,Period III,2013-01-01
2017-07-26,Historical Simulation,0.025,0.004039408718685109,0.6133129011390053,-1.6572267081254706,-2.3314247372742143,Period III,2013-01-01
2017-07-27,Historical Simulation,0.025,-0.09299708830424845,0.6129448637802464,-1.6572267081254706,-2.3314247372742143,Period III,2013-01-01
2017-07-28,Historical Simulation,0.025,-0.11738006479158243,0.612830540288583,-1.6572267081254706,-2.3314247372742143,Period III,2013-01-01
2017-07-31,Historical Simulation,0.025,-0.05671665497943276,0.6127468328162526,-1.6572267081254706,-2.3314247372742143,Period III,2013-01-01
2017-08-01,Historical Simulation,0.025,0.2226328264181252,0.6126489864222046,-1.6572267081254706,-2.3314247372742143,Period III,2013-01-01
2017-08-02,Historical Simulation,0.025,0.048506393876542674,0.6126587958303867,-1.6572267081254706,-2.3314247372742143,Period III,2013-01-01
2017-08-03,Historical Simulation,0.025,-0.19417308635190522,0.6125926188433792,-1.6572267081254706,-2.3314247372742143,Period III,2013-01-01
2017-08-04,Historical Simulation,0.025,0.18204869352030434,0.6123413292457801,-1.6572267081254706,-2.3314247372742143,Period III,2013-01-01
2017-08-07,Historical Simulation,0.025,0.18575011648817466,0.6102649092682958,-1.6572267081254706,-2.3314247372742143,Period III,2013-01-01
2017-08-08,Historical Simulation,0.025,-0.24640031174037116,0.6101483737460951,-1.6572267081254706,-2.3314247372742143,Period III,2013-01-01
2017-08-09,Historical Simulation,0.025,-0.004042185981409468,0.6097655930275544,-1.6572267081254706,-2.3314247372742143,Period III,2013-01-01
2017-08-10,Historical Simulation,0.025,-1.4215858360501283,0.609564820146909,-1.6572267081254706,-2.3314247372742143,Period III,2013-01-01
2017-08-11,Historical Simulation,0.025,0.1475775532283997,0.6112693996954587,-1.6572267081254706,-2.3314247372742143,Period III,2013-01-01
2017-08-14,Historical Simulation,0.025,0.9864337216404111,0.6105262050146328,-1.6572267081254706,-2.3314247372742143,Period III,2013-01-01
2017-08-15,Historical Simulation,0.025,-0.012168656353959788,0.6113362321765448,-1.6572267081254706,-2.3314247372742143,Period III,2013-01-01
2017-08-16,Historical Simulation,0.025,0.17428636987663798,0.6111688471742519,-1.6572267081254706,-2.3314247372742143,Period III,2013-01-01
2017-08-17,Historical Simulation,0.025,-1.5713671950320924,0.6084219451986106,-1.6572267081254706,-2.3314247372742143,Period III,2013-01-01
2017-08-18,Historical Simulation,0.025,-0.1564387398651075,0.6109234943136853,-1.6572267081254706,-2.3314247372742143,Period III,2013-01-01
2017-08-21,Historical Simulation,0.025,0.07824682031745127,0.6109475957115136,-1.6572267081254706,-2.3314247372742143,Period III,2013-01-01
2017-08-22,Historical Simulation,0.025,1.0402717245512967,0.610821863383493,-1.6572267081254706,-2.3314247372742143,Period III,2013-01-01
2017-08-23,Historical Simulation,0.025,-0.359186052622354,0.6116544313480972,-1.6572267081254706,-2.3314247372742143,Period III,2013-01-01
2017-08-24,Historical Simulation,0.025,-0.23334042390436718,0.6111976202633735,-1.6572267081254706,-2.3314247372742143,Period III,2013-01-01
2017-08-25,Historical Simulation,0.025,0.23334042390438092,0.6112639755393499,-1.6572267081254706,-2.3314247372742143,Period III,2013-01-01
2017-08-28,Historical Simulation,0.025,0.0040928855422689685,0.6113018340252244,-1.6572267081254706,-2.3314247372742143,Period III,2013-01-01
2017-08-29,Historical Simulation,0.025,0.11442066207465451,0.6104652997970664,-1.6572267081254706,-2.3314247372742143,Period III,2013-01-01
2017-08-30,Historical Simulation,0.025,0.4726360107737079,0.609981391829051,-1.6572267081254706,-2.3314247372742143,Period III,2013-01-01
2017-08-31,Historical Simulation,0.025,0.5998036163940785,0.610094836195883,-1.6572267081254706,-2.3314247372742143,Period III,2013-01-01
2017-09-01,Historical Simulation,0.025,0.14131625448807666,0.6103187139148303,-1.6572267081254706,-2.3314247372742143,Period III,2013-01-01
2017-09-05,Historical Simulation,0.025,-0.7207963182428161,0.6102945412135579,-1.6572267081254706,-2.3314247372742143,Period III,2013-01-01
2017-09-06,Historical Simulation,0.025,0.3407972920508354,0.6105785469949647,-1.6572267081254706,-2.3314247372742143,Period III,2013-01-01
2017-09-07,Historical Simulation,0.025,-0.012150912368609306,0.6105040369885001,-1.6572267081254706,-2.3314247372742143,Period III,2013-01-01
2017-09-08,Historical Simulation,0.025,-0.11753706406389999,0.6092626534067258,-1.6572267081254706,-2.3314247372742143,Period III,2013-01-01
2017-09-11,Historical Simulation,0.025,1.0609449593480138,0.6092447492317785,-1.6572267081254706,-2.3314247372742143,Period III,2013-01-01
2017-09-12,Historical Simulation,0.025,0.33649686098124415,0.6087938358484982,-1.6572267081254706,-2.3314247372742143,Period III,2013-01-01
2017-09-13,Historical Simulation,0.025,0.047976937825897556,0.6086305808255529,-1.6572267081254706,-2.3314247372742143,Period III,2013-01-01
2017-09-14,Historical Simulation,0.025,-0.03198410131337737,0.6085552761770773,-1.6572267081254706,-2.3314247372742143,Period III,2013-01-01
2017-09-15,Historical Simulation,0.025,-0.36051709400428367,0.608452308005592,-1.6572267081254706,-2.3314247372742143,Period III,2013-01-01
2017-09-18,Historical Simulation,0.025,0.21246275872453704,0.608492777510287,-1.6572267081254706,-2.3314247372742143,Period III,2013-01-01
2017-09-19,Historical Simulation,0.025,0.10006204632380786,0.6082732485389459,-1.6572267081254706,-2.3314247372742143,Period III,2013-01-01
2017-09-20,Historical Simulation,0.025,0.035996375850295956,0.6079475004845147,-1.6572267081254706,-2.3314247372742143,Period III,2013-01-01
2017-09-21,Historical Simulation,0.025,-0.2682945539843174,0.6073857268291979,-1.6572267081254706,-2.3314247372742143,Period III,2013-01-01
2017-09-22,Historical Simulation,0.025,0.02004813332869188,0.6074623653931919,-1.6572267081254706,-2.3314247372742143,Period III,2013-01-01
2017-09-25,Historical Simulation,0.025,-0.20467120760038973,0.6065293228450112,-1.6572267081254706,-2.3314247372742143,Period III,2013-01-01
2017-09-26,Historical Simulation,0.025,0.060243433451111106,0.6060763798046547,-1.6572267081254706,-2.3314247372742143,Period III,2013-01-01
2017-09-27,Historical Simulation,0.025,0.38867727139802655,0.6052524639417066,-1.6572267081254706,-2.3314247372742143,Period III,2013-01-01
2017-09-28,Historical Simulation,0.025,0.11990530863811022,0.6039033967234353,-1.6572267081254706,-2.3314247372742143,Period III,2013-01-01
2017-09-29,Historical Simulation,0.025,0.3508874052771569,0.6039086070672758,-1.6572267081254706,-2.3314247372742143,Period III,2013-01-01
2017-10-02,Historical Simulation,0.025,0.43293150335718944,0.5996223688275106,-1.6572267081254706,-2.3314247372742143,Period III,2013-01-01
2017-10-03,Historical Simulation,0.025,0.21378260553165726,0.5994136125748715,-1.6572267081254706,-2.3314247372742143,Period III,2013-01-01
2017-10-04,Historical Simulation,0.025,0.11857360751527833,0.5993148422313983,-1.6572267081254706,-2.3314247372742143,Period III,2013-01-01
2017-10-05,Historical Simulation,0.025,0.59076221529796,0.5987312536033542,-1.6572267081254706,-2.3314247372742143,Period III,2013-01-01
2017-10-06,Historical Simulation,0.025,-0.11394557373643072,0.5972182346633327,-1.6572267081254706,-2.3314247372742143,Period III,2013-01-01
2017-10-09,Historical Simulation,0.025,-0.16524955582182807,0.596847702865665,-1.6572267081254706,-2.3314247372742143,Period III,2013-01-01
2017-10-10,Historical Simulation,0.025,0.2634833226543812,0.5964852161434853,-1.6572267081254706,-2.3314247372742143,Period III,2013-01-01
2017-10-11,Historical Simulation,0.025,0.15697717521929855,0.5965352154283764,-1.6572267081254706,-2.3314247372742143,Period III,2013-01-01
2017-10-12,Historical Simulation,0.025,-0.14912096319125537,0.5962577630287464,-1.6572267081254706,-2.3314247372742143,Period III,2013-01-01
2017-10-13,Historical Simulation,0.025,0.12166549542219028,0.5960244660981071,-1.6572267081254706,-2.3314247372742143,Period III,2013-01-01
2017-10-16,Historical Simulation,0.025,0.13326920457795463,0.5959449866717862,-1.6572267081254706,-2.3314247372742143,Period III,2013-01-01
2017-10-17,Historical Simulation,0.025,0.07048631214624704,0.5957790136094345,-1.6572267081254706,-2.3314247372742143,Period III,2013-01-01
2017-10-18,Historical Simulation,0.025,0.09781099737367754,0.5957652661320656,-1.6572267081254706,-2.3314247372742143,Period III,2013-01-01
2017-10-19,Historical Simulation,0.025,0.02736684194568484,0.5955236452108781,-1.6572267081254706,-2.3314247372742143,Period III,2013-01-01
2017-10-20,Historical Simulation,0.025,0.5147182821886276,0.5952373345257572,-1.6572267081254706,-2.3314247372742143,Period III,2013-01-01
2017-10-23,Historical Simulation,0.025,-0.3896969419021379,0.5953616218534153,-1.6572267081254706,-2.3314247372742143,Period III,2013-01-01
2017-10-24,Historical Simulation,0.025,0.17555633745319232,0.5955040629778754,-1.6572267081254706,-2.3314247372742143,Period III,2013-01-01
2017-10-25,Historical Simulation,0.025,-0.4962418292052873,0.5954245464456576,-1.6572267081254706,-2.3314247372742143,Period III,2013-01-01
2017-10-26,Historical Simulation,0.025,0.12918200248079084,0.5955836479933587,-1.6572267081254706,-2.3314247372742143,Period III,2013-01-01
2017-10-27,Historical Simulation,0.025,0.8142940958378798,0.5953687689152717,-1.6572267081254706,-2.3314247372742143,Period III,2013-01-01
2017-10-30,Historical Simulation,0.025,-0.37320397514387565,0.5942544207780999,-1.6572267081254706,-2.3314247372742143,Period III,2013-01-01
2017-10-31,Historical Simulation,0.025,0.15566996770224462,0.5927261547404139,-1.6572267081254706,-2.3314247372742143,Period III,2013-01-01
2017-11-01,Historical Simulation,0.025,0.13212979863173313,0.5927398200583489,-1.6572267081254706,-2.3314247372742143,Period III,2013-01-01
2017-11-02,Historical Simulation,0.025,0.03883129120887515,0.5926908838699185,-1.6572267081254706,-2.3314247372742143,Period III,2013-01-01
2017-11-03,Historical Simulation,0.025,0.33331394896447597,0.5921094903381496,-1.6572267081254706,-2.3314247372742143,Period III,2013-01-01
2017-11-06,Historical Simulation,0.025,0.15464680535225,0.5919848179525322,-1.6572267081254706,-2.3314247372742143,Period III,2013-01-01
2017-11-07,Historical Simulation,0.025,-0.06955969865738221,0.5918404711640477,-1.6572267081254706,-2.3314247372742143,Period III,2013-01-01
2017-11-08,Historical Simulation,0.025,0.16994554859494032,0.5917018300395561,-1.6572267081254706,-2.3314247372742143,Period III,2013-01-01
2017-11-09,Historical Simulation,0.025,-0.3634290754126552,0.5916548081927699,-1.6572267081254706,-2.3314247372742143,Period III,2013-01-01
2017-11-10,Historical Simulation,0.025,-0.030998756041870038,0.5916924837780602,-1.6572267081254706,-2.3314247372742143,Period III,2013-01-01
2017-11-13,Historical Simulation,0.025,0.09294382850910488,0.5911079833979543,-1.6572267081254706,-2.3314247372742143,Period III,2013-01-01
2017-11-14,Historical Simulation,0.025,-0.2325217451833892,0.5908965501706157,-1.6572267081254706,-2.3314247372742143,Period III,2013-01-01
2017-11-15,Historical Simulation,0.025,-0.5017839305914511,0.5909502180925902,-1.6572267081254706,-2.3314247372742143,Period III,2013-01-01
2017-11-16,Historical Simulation,0.025,0.8465055348010225,0.5912388880592253,-1.6572267081254706,-2.3314247372742143,Period III,2013-01-01
2017-11-17,Historical Simulation,0.025,-0.2943038812472192,0.5918543009413534,-1.6572267081254706,-2.3314247372742143,Period III,2013-01-01
2017-11-20,Historical Simulation,0.025,0.1704907667696995,0.5919528149038664,-1.6572267081254706,-2.3314247372742143,Period III,2013-01-01
2017-11-21,Historical Simulation,0.025,0.652147833318907,0.591883551498838,-1.6572267081254706,-2.3314247372742143,Period III,2013-01-01
2017-11-22,Historical Simulation,0.025,-0.08849657864718609,0.5920425986816243,-1.6572267081254706,-2.3314247372742143,Period III,2013-01-01
2017-11-24,Historical Simulation,0.025,0.2307067052553484,0.59205602476333,-1.6572267081254706,-2.3314247372742143,Period III,2013-01-01
2017-11-27,Historical Simulation,0.025,-0.049933486563042716,0.5918651145148266,-1.6572267081254706,-2.3314247372742143,Period III,2013-01-01
2017-11-28,Historical Simulation,0.025,1.0093697243671753,0.5907168042796331,-1.6572267081254706,-2.3314247372742143,Period III,2013-01-01
2017-11-29,Historical Simulation,0.025,-0.0608865143803894,0.5916165875011631,-1.6572267081254706,-2.3314247372742143,Period III,2013-01-01
2017-11-30,Historical Simulation,0.025,0.871686829714373,0.5914690882564675,-1.6572267081254706,-2.3314247372742143,Period III,2013-01-01
2017-12-01,Historical Simulation,0.025,-0.20776191554762394,0.5907989303934864,-1.6572267081254706,-2.3314247372742143,Period III,2013-01-01
2017-12-04,Historical Simulation,0.025,-0.12106577450937815,0.5907229782881377,-1.6572267081254706,-2.3314247372742143,Period III,2013-01-01
2017-12-05,Historical Simulation,0.025,-0.36031069881391525,0.5907462010761694,-1.6572267081254706,-2.3314247372742143,Period III,2013-01-01
2017-12-06,Historical Simulation,0.025,0.01899124055029588,0.5905662609762462,-1.6572267081254706,-2.3314247372742143,Period III,2013-01-01
2017-12-07,Historical Simulation,0.025,0.31481207607982853,0.5904389613034291,-1.6572267081254706,-2.3314247372742143,Period III,2013-01-01
2017-12-08,Historical Simulation,0.025,0.5438294285834409,0.5877746297207587,-1.6572267081254706,-2.3314247372742143,Period III,2013-01-01
2017-12-11,Historical Simulation,0.025,0.30084930440527813,0.5880074968783524,-1.6572267081254706,-2.3314247372742143,Period III,2013-01-01
2017-12-12,Historical Simulation,0.025,0.17633095564034157,0.5880765628843876,-1.6572267081254706,-2.3314247372742143,Period III,2013-01-01
2017-12-13,Historical Simulation,0.025,-0.011245395534321218,0.587850700742124,-1.6572267081254706,-2.3314247372742143,Period III,2013-01-01
2017-12-14,Historical Simulation,0.025,-0.4094580692557239,0.5878202954835007,-1.6572267081254706,-2.3314247372742143,Period III,2013-01-01
2017-12-15,Historical Simulation,0.025,0.31944935073848557,0.5877990792341985,-1.6572267081254706,-2.3314247372742143,Period III,2013-01-01
2017-12-18,Historical Simulation,0.025,0.6321213365544615,0.5878771557540882,-1.6572267081254706,-2.3314247372742143,Period III,2013-01-01
2017-12-19,Historical Simulation,0.025,-0.3847806193067688,0.5882282454320543,-1.6572267081254706,-2.3314247372742143,Period III,2013-01-01
2017-12-20,Historical Simulation,0.025,-0.05242031016257336,0.5882173589237351,-1.6572267081254706,-2.3314247372742143,Period III,2013-01-01
2016-12-21,GARCH,0.025,-0.2786518496201791,0.4105650049780821,-1.2804274833213618,-1.6671546727575155,Period III,2013-01-01
2016-12-22,GARCH,0.025,-0.17289126848319208,0.4105650049780821,-1.2804274833213618,-1.6671546727575155,Period III,2013-01-01
2016-12-23,GARCH,0.025,0.14631310002082348,0.4105650049780821,-1.2804274833213618,-1.6671546727575155,Period III,2013-01-01
2016-12-27,GARCH,0.025,0.24779761561614494,0.4105650049780821,-1.2804274833213618,-1.6671546727575155,Period III,2013-01-01
2016-12-28,GARCH,0.025,-0.8298848896098834,0.4105650049780821,-1.2804274833213618,-1.6671546727575155,Period III,2013-01-01
2016-12-29,GARCH,0.025,-0.02227868219520829,0.4105650049780821,-1.2804274833213618,-1.6671546727575155,Period III,2013-01-01
2016-12-30,GARCH,0.025,-0.36617318546013605,0.4105650049780821,-1.2804274833213618,-1.6671546727575155,Period III,2013-01-01
2017-01-03,GARCH,0.025,0.7620897001746235,0.4105650049780821,-1.2804274833213618,-1.6671546727575155,Period III,2013-01-01
2017-01-04,GARCH,0.025,0.5931566752148794,0.4105650049780821,-1.2804274833213618,-1.6671546727575155,Period III,2013-01-01
2017-01-05,GARCH,0.025,-0.07947721565786298,0.4105650049780821,-1.2804274833213618,-1.6671546727575155,Period III,2013-01-01
2017-01-06,GARCH,0.025,0.35714101420465494,0.4105650049780821,-1.2804274833213618,-1.6671546727575155,Period III,2013-01-01
2017-01-09,GARCH,0.025,-0.3306370979156274,0.4105650049780821,-1.2804274833213618,-1.6671546727575155,Period III,2013-01-01
2017-01-10,GARCH,0.025,0.0,0.4105650049780821,-1.2804274833213618,-1.6671546727575155,Period III,2013-01-01
2017-01-11,GARCH,0.025,0.28221174544804994,0.4105650049780821,-1.2804274833213618,-1.6671546727575155,Period III,2013-01-01
2017-01-12,GARCH,0.025,-0.2513094892667004,0.4105650049780821,-1.2804274833213618,-1.6671546727575155,Period III,2013-01-01
2017-01-13,GARCH,0.025,0.22928898901267697,0.4105650049780821,-1.2804274833213618,-1.6671546727575155,Period III,2013-01-01
2017-01-17,GARCH,0.025,-0.3529688404831017,0.4105650049780821,-1.2804274833213618,-1.6671546727575155,Period III,2013-01-01
2017-01-18,GARCH,0.025,0.220750641521052,0.4105650049780821,-1.2804274833213618,-1.6671546727575155,Period III,2013-01-01
2017-01-19,GARCH,0.025,-0.371138291563596,0.4105650049780821,-1.2804274833213618,-1.6671546727575155,Period III,2013-01-01
2017-01-20,GARCH,0.025,0.36673047365514516,0.4105650049780821,-1.2804274833213618,-1.6671546727575155,Period III,2013-01-01
2017-01-23,GARCH,0.025,-0.2605541881103168,0.28162145598305816,-1.0604510121181892,-1.3801854762566488,Period III,2013-01-01
2017-01-24,GARCH,0.025,0.6391260133969621,0.28162145598305816,-1.0604510121181892,-1.3801854762566488,Period III,2013-01-01
2017-01-25,GARCH,0.025,0.8618296722527514,0.28162145598305816,-1.0604510121181892,-1.3801854762566488,Period III,2013-01-01
2017-01-26,GARCH,0.025,-0.10460035313087782,0.28162145598305816,-1.0604510121181892,-1.3801854762566488,Period III,2013-01-01
2017-01-27,GARCH,0.025,-0.15710263233611213,0.28162145598305816,-1.0604510121181892,-1.3801854762566488,Period III,2013-01-01
2017-01-30,GARCH,0.025,-0.6220988062862284,0.28162145598305816,-1.0604510121181892,-1.3801854762566488,Period III,2013-01-01
2017-01-31,GARCH,0.025,-0.00879154100085011,0.28162145598305816,-1.0604510121181892,-1.3801854762566488,Period III,2013-01-01
2017-02-01,GARCH,0.025,0.039545793813170554,0.28162145598305816,-1.0604510121181892,-1.3801854762566488,Period III,2013-01-01
2017-02-02,GARCH,0.025,0.06588162274107837,0.28162145598305816,-1.0604510121181892,-1.3801854762566488,Period III,2013-01-01
2017-02-03,GARCH,0.025,0.6869236012564833,0.28162145598305816,-1.0604510121181892,-1.3801854762566488,Period III,2013-01-01
2017-02-06,GARCH,0.025,-0.1789354665738825,0.28162145598305816,-1.0604510121181892,-1.3801854762566488,Period III,2013-01-01
2017-02-07,GARCH,0.025,0.004372317790355026,0.28162145598305816,-1.0604510121181892,-1.3801854762566488,Period III,2013-01-01
2017-02-08,GARCH,0.025,0.13095424917520315,0.28162145598305816,-1.0604510121181892,-1.3801854762566488,Period III,2013-01-01
2017-02-09,GARCH,0.025,0.5915120656897009,0.28162145598305816,-1.0604510121181892,-1.3801854762566488,Period III,2013-01-01
2017-02-10,GARCH,0.025,0.3938411107139749,0.28162145598305816,-1.0604510121181892,-1.3801854762566488,Period III,2013-01-01
2017-02-13,GARCH,0.025,0.5427814518752642,0.28162145598305816,-1.0604510121181892,-1.3801854762566488,Period III,2013-01-01
2017-02-14,GARCH,0.025,0.39873685575423923,0.28162145598305816,-1.0604510121181892,-1.3801854762566488,Period III,2013-01-01
2017-02-15,GARCH,0.025,0.5206794373572733,0.28162145598305816,-1.0604510121181892,-1.3801854762566488,Period III,2013-01-01
2017-02-16,GARCH,0.025,-0.0851703264593723,0.28162145598305816,-1.0604510121181892,-1.3801854762566488,Period III,2013-01-01
2017-02-17,GARCH,0.025,0.15750843771027803,0.28162145598305816,-1.0604510121181892,-1.3801854762566488,Period III,2013-01-01
2017-02-21,GARCH,0.025,0.5937542995365429,0.2819173282323469,-1.0610387630960485,-1.3820907549088286,Period III,2013-01-01
2017-02-22,GARCH,0.025,-0.0888409695124651,0.2819173282323469,-1.0610387630960485,-1.3820907549088286,Period III,2013-01-01
2017-02-23,GARCH,0.025,0.06769490091659686,0.2819173282323469,-1.0610387630960485,-1.3820907549088286,Period III,2013-01-01
2017-02-24,GARCH,0.025,0.12680294472507694,0.2819173282323469,-1.0610387630960485,-1.3820907549088286,Period III,2013-01-01
2017-02-27,GARCH,0.025,0.15616553239042483,0.2819173282323469,-1.0610387630960485,-1.3820907549088286,Period III,2013-01-01
2017-02-28,GARCH,0.025,-0.27028158992564316,0.2819173282323469,-1.0610387630960485,-1.3820907549088286,Period III,2013-01-01
2017-03-01,GARCH,0.025,1.3900476034819913,0.2819173282323469,-1.0610387630960485,-1.3820907549088286,Period III,2013-01-01
2017-03-02,GARCH,0.025,-0.6317328810846006,0.2819173282323469,-1.0610387630960485,-1.3820907549088286,Period III,2013-01-01
2017-03-03,GARCH,0.025,0.06293142321694911,0.2819173282323469,-1.0610387630960485,-1.3820907549088286,Period III,2013-01-01
2017-03-06,GARCH,0.025,-0.29823450487956105,0.2819173282323469,-1.0610387630960485,-1.3820907549088286,Period III,2013-01-01
2017-03-07,GARCH,0.025,-0.2991330425974492,0.2819173282323469,-1.0610387630960485,-1.3820907549088286,Period III,2013-01-01
2017-03-08,GARCH,0.025,-0.18582759113619426,0.2819173282323469,-1.0610387630960485,-1.3820907549088286,Period III,2013-01-01
2017-03-09,GARCH,0.025,0.126738664642497,0.2819173282323469,-1.0610387630960485,-1.3820907549088286,Period III,2013-01-01
2017-03-10,GARCH,0.025,0.34980620464540757,0.2819173282323469,-1.0610387630960485,-1.3820907549088286,Period III,2013-01-01
2017-03-13,GARCH,0.025,0.050471133432059306,0.2819173282323469,-1.0610387630960485,-1.3820907549088286,Period III,2013-01-01
2017-03-14,GARCH,0.025,-0.3833939850330953,0.2819173282323469,-1.0610387630960485,-1.3820907549088286,Period III,2013-01-01
2017-03-15,GARCH,0.025,0.8616226851996198,0.2819173282323469,-1.0610387630960485,-1.3820907549088286,Period III,2013-01-01
2017-03-16,GARCH,0.025,-0.19688807982030052,0.2819173282323469,-1.0610387630960485,-1.3820907549088286,Period III,2013-01-01
2017-03-17,GARCH,0.025,-0.6098721201673768,0.2819173282323469,-1.0610387630960485,-1.3820907549088286,Period III,2013-01-01
2017-03-20,GARCH,0.025,-0.10974864130761401,0.2819173282323469,-1.0610387630960485,-1.3820907549088286,Period III,2013-01-01
2017-03-21,GARCH,0.025,-1.2922639108276666,0.3326288635981162,-1.15268087673665,-1.512542500417456,Period III,2013-01-01
2017-03-22,GARCH,0.025,0.23503912797317797,0.3326288635981162,-1.15268087673665,-1.512542500417456,Period III,2013-01-01
2017-03-23,GARCH,0.025,-0.10676689588160469,0.3326288635981162,-1.15268087673665,-1.512542500417456,Period III,2013-01-01
2017-03-24,GARCH,0.025,-0.07266587302462943,0.3326288635981162,-1.15268087673665,-1.512542500417456,Period III,2013-01-01
2017-03-27,GARCH,0.025,-0.10268054951853856,0.3326288635981162,-1.15268087673665,-1.512542500417456,Period III,2013-01-01
2017-03-28,GARCH,0.025,0.725047829387214,0.3326288635981162,-1.15268087673665,-1.512542500417456,Period III,2013-01-01
2017-03-29,GARCH,0.025,0.09344007884925203,0.3326288635981162,-1.15268087673665,-1.512542500417456,Period III,2013-01-01
2017-03-30,GARCH,0.025,0.31791138885483344,0.3326288635981162,-1.15268087673665,-1.512542500417456,Period III,2013-01-01
2017-03-31,GARCH,0.025,-0.2330309697588091,0.3326288635981162,-1.15268087673665,-1.512542500417456,Period III,2013-01-01
2017-04-03,GARCH,0.025,-0.17407339005489855,0.3326288635981162,-1.15268087673665,-1.512542500417456,Period III,2013-01-01
2017-04-04,GARCH,0.025,0.06371738167705392,0.3326288635981162,-1.15268087673665,-1.512542500417456,Period III,2013-01-01
2017-04-05,GARCH,0.025,-0.2977065765407665,0.3326288635981162,-1.15268087673665,-1.512542500417456,Period III,2013-01-01
2017-04-06,GARCH,0.025,0.280721404373758,0.3326288635981162,-1.15268087673665,-1.512542500417456,Period III,2013-01-01
2017-04-07,GARCH,0.025,-0.10199112454537344,0.3326288635981162,-1.15268087673665,-1.512542500417456,Period III,2013-01-01
2017-04-10,GARCH,0.025,0.05950584255413305,0.3326288635981162,-1.15268087673665,-1.512542500417456,Period III,2013-01-01
2017-04-11,GARCH,0.025,-0.1190471156455239,0.3326288635981162,-1.15268087673665,-1.512542500417456,Period III,2013-01-01
2017-04-12,GARCH,0.025,-0.43914832660768754,0.3326288635981162,-1.15268087673665,-1.512542500417456,Period III,2013-01-01
2017-04-13,GARCH,0.025,-0.6516095822653079,0.3326288635981162,-1.15268087673665,-1.512542500417456,Period III,2013-01-01
2017-04-17,GARCH,0.025,0.8820870798886493,0.3326288635981162,-1.15268087673665,-1.512542500417456,Period III,2013-01-01
2017-04-18,GARCH,0.025,-0.2988697482894407,0.3326288635981162,-1.15268087673665,-1.512542500417456,Period III,2013-01-01
2017-04-19,GARCH,0.025,-0.18402893127950093,0.37420099613440977,-1.2225935753011894,-1.6059189462949688,Period III,2013-01-01
2017-04-20,GARCH,0.025,0.8106166241988226,0.37420099613440977,-1.2225935753011894,-1.6059189462949688,Period III,2013-01-01
2017-04-21,GARCH,0.025,-0.319196752061056,0.37420099613440977,-1.2225935753011894,-1.6059189462949688,Period III,2013-01-01
2017-04-24,GARCH,0.025,1.0937881902130022,0.37420099613440977,-1.2225935753011894,-1.6059189462949688,Period III,2013-01-01
2017-04-25,GARCH,0.025,0.5801768898692425,0.37420099613440977,-1.2225935753011894,-1.6059189462949688,Period III,2013-01-01
2017-04-26,GARCH,0.025,-0.06290351658648945,0.37420099613440977,-1.2225935753011894,-1.6059189462949688,Period III,2013-01-01
2017-04-27,GARCH,0.025,0.08386256551509146,0.37420099613440977,-1.2225935753011894,-1.6059189462949688,Period III,2013-01-01
2017-04-28,GARCH,0.025,-0.2181775908701382,0.37420099613440977,-1.2225935753011894,-1.6059189462949688,Period III,2013-01-01
2017-05-01,GARCH,0.025,0.2516952631878662,0.37420099613440977,-1.2225935753011894,-1.6059189462949688,Period III,2013-01-01
2017-05-02,GARCH,0.025,0.03770514119653767,0.37420099613440977,-1.2225935753011894,-1.6059189462949688,Period III,2013-01-01
2017-05-03,GARCH,0.025,-0.12153319250617428,0.37420099613440977,-1.2225935753011894,-1.6059189462949688,Period III,2013-01-01
2017-05-04,GARCH,0.025,0.11734088389643792,0.37420099613440977,-1.2225935753011894,-1.6059189462949688,Period III,2013-01-01
2017-05-05,GARCH,0.025,0.3929288415371179,0.37420099613440977,-1.2225935753011894,-1.6059189462949688,Period III,2013-01-01
2017-05-08,GARCH,0.025,-0.01668611739598412,0.37420099613440977,-1.2225935753011894,-1.6059189462949688,Period III,2013-01-01
2017-05-09,GARCH,0.025,-0.09183937940459314,0.37420099613440977,-1.2225935753011894,-1.6059189462949688,Period III,2013-01-01
2017-05-10,GARCH,0.025,0.1794215824099324,0.37420099613440977,-1.2225935753011894,-1.6059189462949688,Period III,2013-01-01
2017-05-11,GARCH,0.025,-0.20448217218897294,0.37420099613440977,-1.2225935753011894,-1.6059189462949688,Period III,2013-01-01
2017-05-12,GARCH,0.025,-0.1672419299264369,0.37420099613440977,-1.2225935753011894,-1.6059189462949688,Period III,2013-01-01
2017-05-15,GARCH,0.025,0.5508306898499835,0.37420099613440977,-1.2225935753011894,-1.6059189462949688,Period III,2013-01-01
2017-05-16,GARCH,0.025,-0.0915946683242044,0.37420099613440977,-1.2225935753011894,-1.6059189462949688,Period III,2013-01-01
2017-05-17,GARCH,0.025,-1.7903375551923166,0.23009769969374222,-0.9586244450045339,-1.267051663313309,Period III,2013-01-01
2017-05-18,GARCH,0.025,0.4020390632640581,0.23009769969374222,-0.9586244450045339,-1.267051663313309,Period III,2013-01-01
2017-05-19,GARCH,0.025,0.6483113050925737,0.23009769969374222,-0.9586244450045339,-1.267051663313309,Period III,2013-01-01
2017-05-22,GARCH,0.025,0.5064601618306679,0.23009769969374222,-0.9586244450045339,-1.267051663313309,Period III,2013-01-01
2017-05-23,GARCH,0.025,0.2210309181044507,0.23009769969374222,-0.9586244450045339,-1.267051663313309,Period III,2013-01-01
2017-05-24,GARCH,0.025,0.23301202833640117,0.23009769969374222,-0.9586244450045339,-1.267051663313309,Period III,2013-01-01
2017-05-25,GARCH,0.025,0.4768107829548058,0.23009769969374222,-0.9586244450045339,-1.267051663313309,Period III,2013-01-01
2017-05-26,GARCH,0.025,-0.020678756911771005,0.23009769969374222,-0.9586244450045339,-1.267051663313309,Period III,2013-01-01
2017-05-30,GARCH,0.025,-0.08692151411252483,0.23009769969374222,-0.9586244450045339,-1.267051663313309,Period III,2013-01-01
2017-05-31,GARCH,0.025,-0.02484679612337303,0.23009769969374222,-0.9586244450045339,-1.267051663313309,Period III,2013-01-01
2017-06-01,GARCH,0.025,0.7920825887608272,0.23009769969374222,-0.9586244450045339,-1.267051663313309,Period III,2013-01-01
2017-06-02,GARCH,0.025,0.3322865488960124,0.23009769969374222,-0.9586244450045339,-1.267051663313309,Period III,2013-01-01
2017-06-05,GARCH,0.025,-0.07374331472786078,0.23009769969374222,-0.9586244450045339,-1.267051663313309,Period III,2013-01-01
2017-06-06,GARCH,0.025,-0.32019680877317014,0.23009769969374222,-0.9586244450045339,-1.267051663313309,Period III,2013-01-01
2017-06-07,GARCH,0.025,0.18485306828973203,0.23009769969374222,-0.9586244450045339,-1.267051663313309,Period III,2013-01-01
2017-06-08,GARCH,0.025,0.04923482644446555,0.23009769969374222,-0.9586244450045339,-1.267051663313309,Period III,2013-01-01
2017-06-09,GARCH,0.025,-0.15188948314465667,0.23009769969374222,-0.9586244450045339,-1.267051663313309,Period III,2013-01-01
2017-06-12,GARCH,0.025,-0.020544836984530822,0.23009769969374222,-0.9586244450045339,-1.267051663313309,Period III,2013-01-01
2017-06-13,GARCH,0.025,0.4877968445439268,0.23009769969374222,-0.9586244450045339,-1.267051663313309,Period III,2013-01-01
2017-06-14,GARCH,0.025,-0.12684285469737472,0.23009769969374222,-0.9586244450045339,-1.267051663313309,Period III,2013-01-01
2017-06-15,GARCH,0.025,-0.1926195596875313,0.2327564520384842,-0.9635207379666834,-1.289407508950443,Period III,2013-01-01
2017-06-16,GARCH,0.025,-0.4646314455727953,0.2327564520384842,-0.9635207379666834,-1.289407508950443,Period III,2013-01-01
2017-06-19,GARCH,0.025,0.8290645722063341,0.2327564520384842,-0.9635207379666834,-1.289407508950443,Period III,2013-01-01
2017-06-20,GARCH,0.025,-0.6766934434419228,0.2327564520384842,-0.9635207379666834,-1.289407508950443,Period III,2013-01-01
2017-06-21,GARCH,0.025,-0.024692386185517282,0.2327564520384842,-0.9635207379666834,-1.289407508950443,Period III,2013-01-01
2017-06-22,GARCH,0.025,-0.04528731087584111,0.2327564520384842,-0.9635207379666834,-1.289407508950443,Period III,2013-01-01
2017-06-23,GARCH,0.025,0.11935246151813209,0.2327564520384842,-0.9635207379666834,-1.289407508950443,Period III,2013-01-01
2017-06-26,GARCH,0.025,0.06578200308041038,0.2327564520384842,-0.9635207379666834,-1.289407508950443,Period III,2013-01-01
2017-06-27,GARCH,0.025,-0.8088820773010476,0.2327564520384842,-0.9635207379666834,-1.289407508950443,Period III,2013-01-01
2017-06-28,GARCH,0.025,0.8910597422785591,0.2327564520384842,-0.9635207379666834,-1.289407508950443,Period III,2013-01-01
2017-06-29,GARCH,0.025,-0.8827709082089772,0.2327564520384842,-0.9635207379666834,-1.289407508950443,Period III,2013-01-01
2017-06-30,GARCH,0.025,0.18627634061266213,0.2327564520384842,-0.9635207379666834,-1.289407508950443,Period III,2013-01-01
2017-07-03,GARCH,0.025,0.16941953757414918,0.2327564520384842,-0.9635207379666834,-1.289407508950443,Period III,2013-01-01
2017-07-05,GARCH,0.025,0.23093644883827985,0.2327564520384842,-0.9635207379666834,-1.289407508950443,Period III,2013-01-01
2017-07-06,GARCH,0.025,-0.9186529833769774,0.2327564520384842,-0.9635207379666834,-1.289407508950443,Period III,2013-01-01
2017-07-07,GARCH,0.025,0.6464190025662,0.2327564520384842,-0.9635207379666834,-1.289407508950443,Period III,2013-01-01
2017-07-10,GARCH,0.025,0.10732931559087028,0.2327564520384842,-0.9635207379666834,-1.289407508950443,Period III,2013-01-01
2017-07-11,GARCH,0.025,-0.07429118580426038,0.2327564520384842,-0.9635207379666834,-1.289407508950443,Period III,2013-01-01
2017-07-12,GARCH,0.025,0.7486633392334205,0.2327564520384842,-0.9635207379666834,-1.289407508950443,Period III,2013-01-01
2017-07-13,GARCH,0.025,0.16788639705180453,0.2327564520384842,-0.9635207379666834,-1.289407508950443,Period III,2013-01-01
2017-07-14,GARCH,0.025,0.4653257098670055,0.3586501529611601,-1.1961170889389903,-1.5993265406870576,Period III,2013-01-01
2017-07-17,GARCH,0.025,-0.012217222732245696,0.3586501529611601,-1.1961170889389903,-1.5993265406870576,Period III,2013-01-01
2017-07-18,GARCH,0.025,0.052934662840060424,0.3586501529611601,-1.1961170889389903,-1.5993265406870576,Period III,2013-01-01
2017-07-19,GARCH,0.025,0.5399391200699996,0.3586501529611601,-1.1961170889389903,-1.5993265406870576,Period III,2013-01-01
2017-07-20,GARCH,0.025,0.0445265476278358,0.3586501529611601,-1.1961170889389903,-1.5993265406870576,Period III,2013-01-01
2017-07-21,GARCH,0.025,-0.08907293022224441,0.3586501529611601,-1.1961170889389903,-1.5993265406870576,Period III,2013-01-01
2017-07-24,GARCH,0.025,-0.024305269356146516,0.3586501529611601,-1.1961170889389903,-1.5993265406870576,Period III,2013-01-01
2017-07-25,GARCH,0.025,0.24279343347230284,0.3586501529611601,-1.1961170889389903,-1.5993265406870576,Period III,2013-01-01
2017-07-26,GARCH,0.025,0.004039408718685109,0.3586501529611601,-1.1961170889389903,-1.5993265406870576,Period III,2013-01-01
2017-07-27,GARCH,0.025,-0.09299708830424845,0.3586501529611601,-1.1961170889389903,-1.5993265406870576,Period III,2013-01-01
2017-07-28,GARCH,0.025,-0.11738006479158243,0.3586501529611601,-1.1961170889389903,-1.5993265406870576,Period III,2013-01-01
2017-07-31,GARCH,0.025,-0.05671665497943276,0.3586501529611601,-1.1961170889389903,-1.5993265406870576,Period III,2013-01-01
2017-08-01,GARCH,0.025,0.2226328264181252,0.3586501529611601,-1.1961170889389903,-1.5993265406870576,Period III,2013-01-01
2017-08-02,GARCH,0.025,0.048506393876542674,0.3586501529611601,-1.1961170889389903,-1.5993265406870576,Period III,2013-01-01
2017-08-03,GARCH,0.025,-0.19417308635190522,0.3586501529611601,-1.1961170889389903,-1.5993265406870576,Period III,2013-01-01
2017-08-04,GARCH,0.025,0.18204869352030434,0.3586501529611601,-1.1961170889389903,-1.5993265406870576,Period III,2013-01-01
2017-08-07,GARCH,0.025,0.18575011648817466,0.3586501529611601,-1.1961170889389903,-1.5993265406870576,Period III,2013-01-01
2017-08-08,GARCH,0.025,-0.24640031174037116,0.3586501529611601,-1.1961170889389903,-1.5993265406870576,Period III,2013-01-01
2017-08-09,GARCH,0.025,-0.004042185981409468,0.3586501529611601,-1.1961170889389903,-1.5993265406870576,Period III,2013-01-01
2017-08-10,GARCH,0.025,-1.4215858360501283,0.3586501529611601,-1.1961170889389903,-1.5993265406870576,Period III,2013-01-01
2017-08-11,GARCH,0.025,0.1475775532283997,0.565621281570036,-1.5011246397017985,-2.0217972050793587,Period III,2013-01-01
2017-08-14,GARCH,0.025,0.9864337216404111,0.565621281570036,-1.5011246397017985,-2.0217972050793587,Period III,2013-01-01
2017-08-15,GARCH,0.025,-0.012168656353959788,0.565621281570036,-1.5011246397017985,-2.0217972050793587,Period III,2013-01-01
2017-08-16,GARCH,0.025,0.17428636987663798,0.565621281570036,-1.5011246397017985,-2.0217972050793587,Period III,2013-01-01
2017-08-17,GARCH,0.025,-1.5713671950320924,0.565621281570036,-1.5011246397017985,-2.0217972050793587,Period III,2013-01-01
2017-08-18,GARCH,0.025,-0.1564387398651075,0.565621281570036,-1.5011246397017985,-2.0217972050793587,Period III,2013-01-01
2017-08-21,GARCH,0.025,0.07824682031745127,0.565621281570036,-1.5011246397017985,-2.0217972050793587,Period III,2013-01-01
2017-08-22,GARCH,0.025,1.0402717245512967,0.565621281570036,-1.5011246397017985,-2.0217972050793587,Period III,2013-01-01
2017-08-23,GARCH,0.025,-0.359186052622354,0.565621281570036,-1.5011246397017985,-2.0217972050793587,Period III,2013-01-01
2017-08-24,GARCH,0.025,-0.23334042390436718,0.565621281570036,-1.5011246397017985,-2.0217972050793587,Period III,2013-01-01
2017-08-25,GARCH,0.025,0.23334042390438092,0.565621281570036,-1.5011246397017985,-2.0217972050793587,Period III,2013-01-01
2017-08-28,GARCH,0.025,0.0040928855422689685,0.565621281570036,-1.5011246397017985,-2.0217972050793587,Period III,2013-01-01
2017-08-29,GARCH,0.025,0.11442066207465451,0.565621281570036,-1.5011246397017985,-2.0217972050793587,Period III,2013-01-01
2017-08-30,GARCH,0.025,0.4726360107737079,0.565621281570036,-1.5011246397017985,-2.0217972050793587,Period III,2013-01-01
2017-08-31,GARCH,0.025,0.5998036163940785,0.565621281570036,-1.5011246397017985,-2.0217972050793587,Period III,2013-01-01
2017-09-01,GARCH,0.025,0.14131625448807666,0.565621281570036,-1.5011246397017985,-2.0217972050793587,Period III,2013-01-01
2017-09-05,GARCH,0.025,-0.7207963182428161,0.565621281570036,-1.5011246397017985,-2.0217972050793587,Period III,2013-01-01
2017-09-06,GARCH,0.025,0.3407972920508354,0.565621281570036,-1.5011246397017985,-2.0217972050793587,Period III,2013-01-01
2017-09-07,GARCH,0.025,-0.012150912368609306,0.565621281570036,-1.5011246397017985,-2.0217972050793587,Period III,2013-01-01
2017-09-08,GARCH,0.025,-0.11753706406389999,0.565621281570036,-1.5011246397017985,-2.0217972050793587,Period III,2013-01-01
2017-09-11,GARCH,0.025,1.0609449593480138,0.26414390781917685,-1.0253310926813577,-1.3868253039849752,Period III,2013-01-01
2017-09-12,GARCH,0.025,0.33649686098124415,0.26414390781917685,-1.0253310926813577,-1.3868253039849752,Period III,2013-01-01
2017-09-13,GARCH,0.025,0.047976937825897556,0.26414390781917685,-1.0253310926813577,-1.3868253039849752,Period III,2013-01-01
2017-09-14,GARCH,0.025,-0.03198410131337737,0.26414390781917685,-1.0253310926813577,-1.3868253039849752,Period III,2013-01-01
2017-09-15,GARCH,0.025,-0.36051709400428367,0.26414390781917685,-1.0253310926813577,-1.3868253039849752,Period III,2013-01-01
2017-09-18,GARCH,0.025,0.21246275872453704,0.26414390781917685,-1.0253310926813577,-1.3868253039849752,Period III,2013-01-01
2017-09-19,GARCH,0.025,0.10006204632380786,0.26414390781917685,-1.0253310926813577,-1.3868253039849752,Period III,2013-01-01
2017-09-20,GARCH,0.025,0.035996375850295956,0.26414390781917685,-1.0253310926813577,-1.3868253039849752,Period III,2013-01-01
2017-09-21,GARCH,0.025,-0.2682945539843174,0.26414390781917685,-1.0253310926813577,-1.3868253039849752,Period III,2013-01-01
2017-09-22,GARCH,0.025,0.02004813332869188,0.26414390781917685,-1.0253310926813577,-1.3868253039849752,Period III,2013-01-01
2017-09-25,GARCH,0.025,-0.20467120760038973,0.26414390781917685,-1.0253310926813577,-1.3868253039849752,Period III,2013-01-01
2017-09-26,GARCH,0.025,0.060243433451111106,0.26414390781917685,-1.0253310926813577,-1.3868253039849752,Period III,2013-01-01
2017-09-27,GARCH,0.025,0.38867727139802655,0.26414390781917685,-1.0253310926813577,-1.3868253039849752,Period III,2013-01-01
2017-09-28,GARCH,0.025,0.11990530863811022,0.26414390781917685,-1.0253310926813577,-1.3868253039849752,Period III,2013-01-01
2017-09-29,GARCH,0.025,0.3508874052771569,0.26414390781917685,-1.0253310926813577,-1.3868253039849752,Period III,2013-01-01
2017-10-02,GARCH,0.025,0.43293150335718944,0.26414390781917685,-1.0253310926813577,-1.3868253039849752,Period III,2013-01-01
2017-10-03,GARCH,0.025,0.21378260553165726,0.26414390781917685,-1.0253310926813577,-1.3868253039849752,Period III,2013-01-01
2017-10-04,GARCH,0.025,0.11857360751527833,0.26414390781917685,-1.0253310926813577,-1.3868253039849752,Period III,2013-01-01
2017-10-05,GARCH,0.025,0.59076221529796,0.26414390781917685,-1.0253310926813577,-1.3868253039849752,Period III,2013-01-01
2017-10-06,GARCH,0.025,-0.11394557373643072,0.26414390781917685,-1.0253310926813577,-1.3868253039849752,Period III,2013-01-01
2017-10-09,GARCH,0.025,-0.16524955582182807,0.23196614440879026,-0.9601222484287112,-1.305927941198455,Period III,2013-01-01
2017-10-10,GARCH,0.025,0.2634833226543812,0.23196614440879026,-0.9601222484287112,-1.305927941198455,Period III,2013-01-01
2017-10-11,GARCH,0.025,0.15697717521929855,0.23196614440879026,-0.9601222484287112,-1.305927941198455,Period III,2013-01-01
2017-10-12,GARCH,0.025,-0.14912096319125537,0.23196614440879026,-0.9601222484287112,-1.305927941198455,Period III,2013-01-01
2017-10-13,GARCH,0.025,0.12166549542219028,0.23196614440879026,-0.9601222484287112,-1.305927941198455,Period III,2013-01-01
2017-10-16,GARCH,0.025,0.13326920457795463,0.23196614440879026,-0.9601222484287112,-1.305927941198455,Period III,2013-01-01
2017-10-17,GARCH,0.025,0.07048631214624704,0.23196614440879026,-0.9601222484287112,-1.305927941198455,Period III,2013-01-01
2017-10-18,GARCH,0.025,0.09781099737367754,0.23196614440879026,-0.9601222484287112,-1.305927941198455,Period III,2013-01-01
2017-10-19,GARCH,0.025,0.02736684194568484,0.23196614440879026,-0.9601222484287112,-1.305927941198455,Period III,2013-01-01
2017-10-20,GARCH,0.025,0.5147182821886276,0.23196614440879026,-0.9601222484287112,-1.305927941198455,Period III,2013-01-01
2017-10-23,GARCH,0.025,-0.3896969419021379,0.23196614440879026,-0.9601222484287112,-1.305927941198455,Period III,2013-01-01
2017-10-24,GARCH,0.025,0.17555633745319232,0.23196614440879026,-0.9601222484287112,-1.305927941198455,Period III,2013-01-01
2017-10-25,GARCH,0.025,-0.4962418292052873,0.23196614440879026,-0.9601222484287112,-1.305927941198455,Period III,2013-01-01
2017-10-26,GARCH,0.025,0.12918200248079084,0.23196614440879026,-0.9601222484287112,-1.305927941198455,Period III,2013-01-01
2017-10-27,GARCH,0.025,0.8142940958378798,0.23196614440879026,-0.9601222484287112,-1.305927941198455,Period III,2013-01-01
2017-10-30,GARCH,0.025,-0.37320397514387565,0.23196614440879026,-0.9601222484287112,-1.305927941198455,Period III,2013-01-01
2017-10-31,GARCH,0.025,0.15566996770224462,0.23196614440879026,-0.9601222484287112,-1.305927941198455,Period III,2013-01-01
2017-11-01,GARCH,0.025,0.13212979863173313,0.23196614440879026,-0.9601222484287112,-1.305927941198455,Period III,2013-01-01
2017-11-02,GARCH,0.025,0.03883129120887515,0.23196614440879026,-0.9601222484287112,-1.305927941198455,Period III,2013-01-01
2017-11-03,GARCH,0.025,0.33331394896447597,0.23196614440879026,-0.9601222484287112,-1.305927941198455,Period III,2013-01-01
2017-11-06,GARCH,0.025,0.15464680535225,0.2188234918247123,-0.9313138967758624,-1.2768020595009784,Period III,2013-01-01
2017-11-07,GARCH,0.025,-0.06955969865738221,0.2188234918247123,-0.9313138967758624,-1.2768020595009784,Period III,2013-01-01
2017-11-08,GARCH,0.025,0.16994554859494032,0.2188234918247123,-0.9313138967758624,-1.2768020595009784,Period III,2013-01-01
2017-11-09,GARCH,0.025,-0.3634290754126552,0.2188234918247123,-0.9313138967758624,-1.2768020595009784,Period III,2013-01-01
2017-11-10,GARCH,0.025,-0.030998756041870038,0.2188234918247123,-0.9313138967758624,-1.2768020595009784,Period III,2013-01-01
2017-11-13,GARCH,0.025,0.09294382850910488,0.2188234918247123,-0.9313138967758624,-1.2768020595009784,Period III,2013-01-01
2017-11-14,GARCH,0.025,-0.2325217451833892,0.2188234918247123,-0.9313138967758624,-1.2768020595009784,Period III,2013-01-01
2017-11-15,GARCH,0.025,-0.5017839305914511,0.2188234918247123,-0.9313138967758624,-1.2768020595009784,Period III,2013-01-01
2017-11-16,GARCH,0.025,0.8465055348010225,0.2188234918247123,-0.9313138967758624,-1.2768020595009784,Period III,2013-01-01
2017-11-17,GARCH,0.025,-0.2943038812472192,0.2188234918247123,-0.9313138967758624,-1.2768020595009784,Period III,2013-01-01
2017-11-20,GARCH,0.025,0.1704907667696995,0.2188234918247123,-0.9313138967758624,-1.2768020595009784,Period III,2013-01-01
2017-11-21,GARCH,0.025,0.652147833318907,0.2188234918247123,-0.9313138967758624,-1.2768020595009784,Period III,2013-01-01
2017-11-22,GARCH,0.025,-0.08849657864718609,0.2188234918247123,-0.9313138967758624,-1.2768020595009784,Period III,2013-01-01
2017-11-24,GARCH,0.025,0.2307067052553484,0.2188234918247123,-0.9313138967758624,-1.2768020595009784,Period III,2013-01-01
2017-11-27,GARCH,0.025,-0.049933486563042716,0.2188234918247123,-0.9313138967758624,-1.2768020595009784,Period III,2013-01-01
2017-11-28,GARCH,0.025,1.0093697243671753,0.2188234918247123,-0.9313138967758624,-1.2768020595009784,Period III,2013-01-01
2017-11-29,GARCH,0.025,-0.0608865143803894,0.2188234918247123,-0.9313138967758624,-1.2768020595009784,Period III,2013-01-01
2017-11-30,GARCH,0.025,0.871686829714373,0.2188234918247123,-0.9313138967758624,-1.2768020595009784,Period III,2013-01-01
2017-12-01,GARCH,0.025,-0.20776191554762394,0.2188234918247123,-0.9313138967758624,-1.2768020595009784,Period III,2013-01-01
2017-12-04,GARCH,0.025,-0.12106577450937815,0.2188234918247123,-0.9313138967758624,-1.2768020595009784,Period III,2013-01-01
2017-12-05,GARCH,0.025,-0.36031069881391525,0.32589138430098885,-1.1364791300685282,-1.5585509044403365,Period III,2013-01-01
2017-12-06,GARCH,0.025,0.01899124055029588,0.32589138430098885,-1.1364791300685282,-1.5585509044403365,Period III,2013-01-01
2017-12-07,GARCH,0.025,0.31481207607982853,0.32589138430098885,-1.1364791300685282,-1.5585509044403365,Period III,2013-01-01
2017-12-08,GARCH,0.025,0.5438294285834409,0.32589138430098885,-1.1364791300685282,-1.5585509044403365,Period III,2013-01-01
2017-12-11,GARCH,0.025,0.30084930440527813,0.32589138430098885,-1.1364791300685282,-1.5585509044403365,Period III,2013-01-01
2017-12-12,GARCH,0.025,0.17633095564034157,0.32589138430098885,-1.1364791300685282,-1.5585509044403365,Period III,2013-01-01
2017-12-13,GARCH,0.025,-0.011245395534321218,0.32589138430098885,-1.1364791300685282,-1.5585509044403365,Period III,2013-01-01
2017-12-14,GARCH,0.025,-0.4094580692557239,0.32589138430098885,-1.1364791300685282,-1.5585509044403365,Period III,2013-01-01
2017-12-15,GARCH,0.025,0.31944935073848557,0.32589138430098885,-1.1364791300685282,-1.5585509044403365,Period III,2013-01-01
2017-12-18,GARCH,0.025,0.6321213365544615,0.32589138430098885,-1.1364791300685282,-1.5585509044403365,Period III,2013-01-01
2017-12-19,GARCH,0.025,-0.3847806193067688,0.32589138430098885,-1.1364791300685282,-1.5585509044403365,Period III,2013-01-01
2017-12-20,GARCH,0.025,-0.05242031016257336,0.32589138430098885,-1.1364791300685282,-1.5585509044403365,Period III,2013-01-01
2016-12-21,EGARCH,0.025,-0.2786518496201791,0.4770833857856114,-1.3803561924953174,-1.8013224687855949,Period III,2013-01-01
2016-12-22,EGARCH,0.025,-0.17289126848319208,0.4770833857856114,-1.3803561924953174,-1.8013224687855949,Period III,2013-01-01
2016-12-23,EGARCH,0.025,0.14631310002082348,0.4770833857856114,-1.3803561924953174,-1.8013224687855949,Period III,2013-01-01
2016-12-27,EGARCH,0.025,0.24779761561614494,0.4770833857856114,-1.3803561924953174,-1.8013224687855949,Period III,2013-01-01
2016-12-28,EGARCH,0.025,-0.8298848896098834,0.4770833857856114,-1.3803561924953174,-1.8013224687855949,Period III,2013-01-01
2016-12-29,EGARCH,0.025,-0.02227868219520829,0.4770833857856114,-1.3803561924953174,-1.8013224687855949,Period III,2013-01-01
2016-12-30,EGARCH,0.025,-0.36617318546013605,0.4770833857856114,-1.3803561924953174,-1.8013224687855949,Period III,2013-01-01
2017-01-03,EGARCH,0.025,0.7620897001746235,0.4770833857856114,-1.3803561924953174,-1.8013224687855949,Period III,2013-01-01
2017-01-04,EGARCH,0.025,0.5931566752148794,0.4770833857856114,-1.3803561924953174,-1.8013224687855949,Period III,2013-01-01
2017-01-05,EGARCH,0.025,-0.07947721565786298,0.4770833857856114,-1.3803561924953174,-1.8013224687855949,Period III,2013-01-01
2017-01-06,EGARCH,0.025,0.35714101420465494,0.4770833857856114,-1.3803561924953174,-1.8013224687855949,Period III,2013-01-01
2017-01-09,EGARCH,0.025,-0.3306370979156274,0.4770833857856114,-1.3803561924953174,-1.8013224687855949,Period III,2013-01-01
2017-01-10,EGARCH,0.025,0.0,0.4770833857856114,-1.3803561924953174,-1.8013224687855949,Period III,2013-01-01
2017-01-11,EGARCH,0.025,0.28221174544804994,0.4770833857856114,-1.3803561924953174,-1.8013224687855949,Period III,2013-01-01
2017-01-12,EGARCH,0.025,-0.2513094892667004,0.4770833857856114,-1.3803561924953174,-1.8013224687855949,Period III,2013-01-01
2017-01-13,EGARCH,0.025,0.22928898901267697,0.4770833857856114,-1.3803561924953174,-1.8013224687855949,Period III,2013-01-01
2017-01-17,EGARCH,0.025,-0.3529688404831017,0.4770833857856114,-1.3803561924953174,-1.8013224687855949,Period III,2013-01-01
2017-01-18,EGARCH,0.025,0.220750641521052,0.4770833857856114,-1.3803561924953174,-1.8013224687855949,Period III,2013-01-01
2017-01-19,EGARCH,0.025,-0.371138291563596,0.4770833857856114,-1.3803561924953174,-1.8013224687855949,Period III,2013-01-01
2017-01-20,EGARCH,0.025,0.36673047365514516,0.4770833857856114,-1.3803561924953174,-1.8013224687855949,Period III,2013-01-01
2017-01-23,EGARCH,0.025,-0.2605541881103168,0.28878392062331193,-1.0739401982841137,-1.4014061447396444,Period III,2013-01-01
2017-01-24,EGARCH,0.025,0.6391260133969621,0.28878392062331193,-1.0739401982841137,-1.4014061447396444,Period III,2013-01-01
2017-01-25,EGARCH,0.025,0.8618296722527514,0.28878392062331193,-1.0739401982841137,-1.4014061447396444,Period III,2013-01-01
2017-01-26,EGARCH,0.025,-0.10460035313087782,0.28878392062331193,-1.0739401982841137,-1.4014061447396444,Period III,2013-01-01
2017-01-27,EGARCH,0.025,-0.15710263233611213,0.28878392062331193,-1.0739401982841137,-1.4014061447396444,Period III,2013-01-01
2017-01-30,EGARCH,0.025,-0.6220988062862284,0.28878392062331193,-1.0739401982841137,-1.4014061447396444,Period III,2013-01-01
2017-01-31,EGARCH,0.025,-0.00879154100085011,0.28878392062331193,-1.0739401982841137,-1.4014061447396444,Period III,2013-01-01
2017-02-01,EGARCH,0.025,0.039545793813170554,0.28878392062331193,-1.0739401982841137,-1.4014061447396444,Period III,2013-01-01
2017-02-02,EGARCH,0.025,0.06588162274107837,0.28878392062331193,-1.0739401982841137,-1.4014061447396444,Period III,2013-01-01
2017-02-03,EGARCH,0.025,0.6869236012564833,0.28878392062331193,-1.0739401982841137,-1.4014061447396444,Period III,2013-01-01
2017-02-06,EGARCH,0.025,-0.1789354665738825,0.28878392062331193,-1.0739401982841137,-1.4014061447396444,Period III,2013-01-01
2017-02-07,EGARCH,0.025,0.004372317790355026,0.28878392062331193,-1.0739401982841137,-1.4014061447396444,Period III,2013-01-01
2017-02-08,EGARCH,0.025,0.13095424917520315,0.28878392062331193,-1.0739401982841137,-1.4014061447396444,Period III,2013-01-01
2017-02-09,EGARCH,0.025,0.5915120656897009,0.28878392062331193,-1.0739401982841137,-1.4014061447396444,Period III,2013-01-01
2017-02-10,EGARCH,0.025,0.3938411107139749,0.28878392062331193,-1.0739401982841137,-1.4014061447396444,Period III,2013-01-01
2017-02-13,EGARCH,0.025,0.5427814518752642,0.28878392062331193,-1.0739401982841137,-1.4014061447396444,Period III,2013-01-01
2017-02-14,EGARCH,0.025,0.39873685575423923,0.28878392062331193,-1.0739401982841137,-1.4014061447396444,Period III,2013-01-01
2017-02-15,EGARCH,0.025,0.5206794373572733,0.28878392062331193,-1.0739401982841137,-1.4014061447396444,Period III,2013-01-01
2017-02-16,EGARCH,0.025,-0.0851703264593723,0.28878392062331193,-1.0739401982841137,-1.4014061447396444,Period III,2013-01-01
2017-02-17,EGARCH,0.025,0.15750843771027803,0.28878392062331193,-1.0739401982841137,-1.4014061447396444,Period III,2013-01-01
2017-02-21,EGARCH,0.025,0.5937542995365429,0.2753850418905938,-1.048745892227667,-1.3693525769923984,Period III,2013-01-01
2017-02-22,EGARCH,0.025,-0.0888409695124651,0.2753850418905938,-1.048745892227667,-1.3693525769923984,Period III,2013-01-01
2017-02-23,EGARCH,0.025,0.06769490091659686,0.2753850418905938,-1.048745892227667,-1.3693525769923984,Period III,2013-01-01
2017-02-24,EGARCH,0.025,0.12680294472507694,0.2753850418905938,-1.048745892227667,-1.3693525769923984,Period III,2013-01-01
2017-02-27,EGARCH,0.025,0.15616553239042483,0.2753850418905938,-1.048745892227667,-1.3693525769923984,Period III,2013-01-01
2017-02-28,EGARCH,0.025,-0.27028158992564316,0.2753850418905938,-1.048745892227667,-1.3693525769923984,Period III,2013-01-01
2017-03-01,EGARCH,0.025,1.3900476034819913,0.2753850418905938,-1.048745892227667,-1.3693525769923984,Period III,2013-01-01
2017-03-02,EGARCH,0.025,-0.6317328810846006,0.2753850418905938,-1.048745892227667,-1.3693525769923984,Period III,2013-01-01
2017-03-03,EGARCH,0.025,0.06293142321694911,0.2753850418905938,-1.048745892227667,-1.3693525769923984,Period III,2013-01-01
2017-03-06,EGARCH,0.025,-0.29823450487956105,0.2753850418905938,-1.048745892227667,-1.3693525769923984,Period III,2013-01-01
2017-03-07,EGARCH,0.025,-0.2991330425974492,0.2753850418905938,-1.048745892227667,-1.3693525769923984,Period III,2013-01-01
2017-03-08,EGARCH,0.025,-0.18582759113619426,0.2753850418905938,-1.048745892227667,-1.3693525769923984,Period III,2013-01-01
2017-03-09,EGARCH,0.025,0.126738664642497,0.2753850418905938,-1.048745892227667,-1.3693525769923984,Period III,2013-01-01
2017-03-10,EGARCH,0.025,0.34980620464540757,0.2753850418905938,-1.048745892227667,-1.3693525769923984,Period III,2013-01-01
2017-03-13,EGARCH,0.025,0.050471133432059306,0.2753850418905938,-1.048745892227667,-1.3693525769923984,Period III,2013-01-01
2017-03-14,EGARCH,0.025,-0.3833939850330953,0.2753850418905938,-1.048745892227667,-1.3693525769923984,Period III,2013-01-01
2017-03-15,EGARCH,0.025,0.8616226851996198,0.2753850418905938,-1.048745892227667,-1.3693525769923984,Period III,2013-01-01
2017-03-16,EGARCH,0.025,-0.19688807982030052,0.2753850418905938,-1.048745892227667,-1.3693525769923984,Period III,2013-01-01
2017-03-17,EGARCH,0.025,-0.6098721201673768,0.2753850418905938,-1.048745892227667,-1.3693525769923984,Period III,2013-01-01
2017-03-20,EGARCH,0.025,-0.10974864130761401,0.2753850418905938,-1.048745892227667,-1.3693525769923984,Period III,2013-01-01
2017-03-21,EGARCH,0.025,-1.2922639108276666,0.32860733598572794,-1.1456889592613455,-1.5065643655410497,Period III,2013-01-01
2017-03-22,EGARCH,0.025,0.23503912797317797,0.32860733598572794,-1.1456889592613455,-1.5065643655410497,Period III,2013-01-01
2017-03-23,EGARCH,0.025,-0.10676689588160469,0.32860733598572794,-1.1456889592613455,-1.5065643655410497,Period III,2013-01-01
2017-03-24,EGARCH,0.025,-0.07266587302462943,0.32860733598572794,-1.1456889592613455,-1.5065643655410497,Period III,2013-01-01
2017-03-27,EGARCH,0.025,-0.10268054951853856,0.32860733598572794,-1.1456889592613455,-1.5065643655410497,Period III,2013-01-01
2017-03-28,EGARCH,0.025,0.725047829387214,0.32860733598572794,-1.1456889592613455,-1.5065643655410497,Period III,2013-01-01
2017-03-29,EGARCH,0.025,0.09344007884925203,0.32860733598572794,-1.1456889592613455,-1.5065643655410497,Period III,2013-01-01
2017-03-30,EGARCH,0.025,0.31791138885483344,0.32860733598572794,-1.1456889592613455,-1.5065643655410497,Period III,2013-01-01
2017-03-31,EGARCH,0.025,-0.2330309697588091,0.32860733598572794,-1.1456889592613455,-1.5065643655410497,Period III,2013-01-01
2017-04-03,EGARCH,0.025,-0.17407339005489855,0.32860733598572794,-1.1456889592613455,-1.5065643655410497,Period III,2013-01-01
2017-04-04,EGARCH,0.025,0.06371738167705392,0.32860733598572794,-1.1456889592613455,-1.5065643655410497,Period III,2013-01-01
2017-04-05,EGARCH,0.025,-0.2977065765407665,0.32860733598572794,-1.1456889592613455,-1.5065643655410497,Period III,2013-01-01
2017-04-06,EGARCH,0.025,0.280721404373758,0.32860733598572794,-1.1456889592613455,-1.5065643655410497,Period III,2013-01-01
2017-04-07,EGARCH,0.025,-0.10199112454537344,0.32860733598572794,-1.1456889592613455,-1.5065643655410497,Period III,2013-01-01
2017-04-10,EGARCH,0.025,0.05950584255413305,0.32860733598572794,-1.1456889592613455,-1.5065643655410497,Period III,2013-01-01
2017-04-11,EGARCH,0.025,-0.1190471156455239,0.32860733598572794,-1.1456889592613455,-1.5065643655410497,Period III,2013-01-01
2017-04-12,EGARCH,0.025,-0.43914832660768754,0.32860733598572794,-1.1456889592613455,-1.5065643655410497,Period III,2013-01-01
2017-04-13,EGARCH,0.025,-0.6516095822653079,0.32860733598572794,-1.1456889592613455,-1.5065643655410497,Period III,2013-01-01
2017-04-17,EGARCH,0.025,0.8820870798886493,0.32860733598572794,-1.1456889592613455,-1.5065643655410497,Period III,2013-01-01
2017-04-18,EGARCH,0.025,-0.2988697482894407,0.32860733598572794,-1.1456889592613455,-1.5065643655410497,Period III,2013-01-01
2017-04-19,EGARCH,0.025,-0.18402893127950093,0.3687164012482934,-1.2135873431521993,-1.5974509163217205,Period III,2013-01-01
2017-04-20,EGARCH,0.025,0.8106166241988226,0.3687164012482934,-1.2135873431521993,-1.5974509163217205,Period III,2013-01-01
2017-04-21,EGARCH,0.025,-0.319196752061056,0.3687164012482934,-1.2135873431521993,-1.5974509163217205,Period III,2013-01-01
2017-04-24,EGARCH,0.025,1.0937881902130022,0.3687164012482934,-1.2135873431521993,-1.5974509163217205,Period III,2013-01-01
2017-04-25,EGARCH,0.025,0.5801768898692425,0.3687164012482934,-1.2135873431521993,-1.5974509163217205,Period III,2013-01-01
2017-04-26,EGARCH,0.025,-0.06290351658648945,0.3687164012482934,-1.2135873431521993,-1.5974509163217205,Period III,2013-01-01
2017-04-27,EGARCH,0.025,0.08386256551509146,0.3687164012482934,-1.2135873431521993,-1.5974509163217205,Period III,2013-01-01
2017-04-28,EGARCH,0.025,-0.2181775908701382,0.3687164012482934,-1.2135873431521993,-1.5974509163217205,Period III,2013-01-01
2017-05-01,EGARCH,0.025,0.2516952631878662,0.3687164012482934,-1.2135873431521993,-1.5974509163217205,Period III,2013-01-01
2017-05-02,EGARCH,0.025,0.03770514119653767,0.3687164012482934,-1.2135873431521993,-1.5974509163217205,Period III,2013-01-01
2017-05-03,EGARCH,0.025,-0.12153319250617428,0.3687164012482934,-1.2135873431521993,-1.5974509163217205,Period III,2013-01-01
2017-05-04,EGARCH,0.025,0.11734088389643792,0.3687164012482934,-1.2135873431521993,-1.5974509163217205,Period III,2013-01-01
2017-05-05,EGARCH,0.025,0.3929288415371179,0.3687164012482934,-1.2135873431521993,-1.5974509163217205,Period III,2013-01-01
2017-05-08,EGARCH,0.025,-0.01668611739598412,0.3687164012482934,-1.2135873431521993,-1.5974509163217205,Period III,2013-01-01
2017-05-09,EGARCH,0.025,-0.09183937940459314,0.3687164012482934,-1.2135873431521993,-1.5974509163217205,Period III,2013-01-01
2017-05-10,EGARCH,0.025,0.1794215824099324,0.3687164012482934,-1.2135873431521993,-1.5974509163217205,Period III,2013-01-01
2017-05-11,EGARCH,0.025,-0.20448217218897294,0.3687164012482934,-1.2135873431521993,-1.5974509163217205,Period III,2013-01-01
2017-05-12,EGARCH,0.025,-0.1672419299264369,0.3687164012482934,-1.2135873431521993,-1.5974509163217205,Period III,2013-01-01
2017-05-15,EGARCH,0.025,0.5508306898499835,0.3687164012482934,-1.2135873431521993,-1.5974509163217205,Period III,2013-01-01
2017-05-16,EGARCH,0.025,-0.0915946683242044,0.3687164012482934,-1.2135873431521993,-1.5974509163217205,Period III,2013-01-01
2017-05-17,EGARCH,0.025,-1.7903375551923166,0.18747543856015905,-0.8652556772595243,-1.145415651646251,Period III,2013-01-01
2017-05-18,EGARCH,0.025,0.4020390632640581,0.18747543856015905,-0.8652556772595243,-1.145415651646251,Period III,2013-01-01
2017-05-19,EGARCH,0.025,0.6483113050925737,0.18747543856015905,-0.8652556772595243,-1.145415651646251,Period III,2013-01-01
2017-05-22,EGARCH,0.025,0.5064601618306679,0.18747543856015905,-0.8652556772595243,-1.145415651646251,Period III,2013-01-01
2017-05-23,EGARCH,0.025,0.2210309181044507,0.18747543856015905,-0.8652556772595243,-1.145415651646251,Period III,2013-01-01
2017-05-24,EGARCH,0.025,0.23301202833640117,0.18747543856015905,-0.8652556772595243,-1.145415651646251,Period III,2013-01-01
2017-05-25,EGARCH,0.025,0.4768107829548058,0.18747543856015905,-0.8652556772595243,-1.145415651646251,Period III,2013-01-01
2017-05-26,EGARCH,0.025,-0.020678756911771005,0.18747543856015905,-0.8652556772595243,-1.145415651646251,Period III,2013-01-01
2017-05-30,EGARCH,0.025,-0.08692151411252483,0.18747543856015905,-0.8652556772595243,-1.145415651646251,Period III,2013-01-01
2017-05-31,EGARCH,0.025,-0.02484679612337303,0.18747543856015905,-0.8652556772595243,-1.145415651646251,Period III,2013-01-01
2017-06-01,EGARCH,0.025,0.7920825887608272,0.18747543856015905,-0.8652556772595243,-1.145415651646251,Period III,2013-01-01
2017-06-02,EGARCH,0.025,0.3322865488960124,0.18747543856015905,-0.8652556772595243,-1.145415651646251,Period III,2013-01-01
2017-06-05,EGARCH,0.025,-0.07374331472786078,0.18747543856015905,-0.8652556772595243,-1.145415651646251,Period III,2013-01-01
2017-06-06,EGARCH,0.025,-0.32019680877317014,0.18747543856015905,-0.8652556772595243,-1.145415651646251,Period III,2013-01-01
2017-06-07,EGARCH,0.025,0.18485306828973203,0.18747543856015905,-0.8652556772595243,-1.145415651646251,Period III,2013-01-01
2017-06-08,EGARCH,0.025,0.04923482644446555,0.18747543856015905,-0.8652556772595243,-1.145415651646251,Period III,2013-01-01
2017-06-09,EGARCH,0.025,-0.15188948314465667,0.18747543856015905,-0.8652556772595243,-1.145415651646251,Period III,2013-01-01
2017-06-12,EGARCH,0.025,-0.020544836984530822,0.18747543856015905,-0.8652556772595243,-1.145415651646251,Period III,2013-01-01
2017-06-13,EGARCH,0.025,0.4877968445439268,0.18747543856015905,-0.8652556772595243,-1.145415651646251,Period III,2013-01-01
2017-06-14,EGARCH,0.025,-0.12684285469737472,0.18747543856015905,-0.8652556772595243,-1.145415651646251,Period III,2013-01-01
2017-06-15,EGARCH,0.025,-0.1926195596875313,0.19354757781423113,-0.8784152347558939,-1.1788692675218266,Period III,2013-01-01
2017-06-16,EGARCH,0.025,-0.4646314455727953,0.19354757781423113,-0.8784152347558939,-1.1788692675218266,Period III,2013-01-01
2017-06-19,EGARCH,0.025,0.8290645722063341,0.19354757781423113,-0.8784152347558939,-1.1788692675218266,Period III,2013-01-01
2017-06-20,EGARCH,0.025,-0.6766934434419228,0.19354757781423113,-0.8784152347558939,-1.1788692675218266,Period III,2013-01-01
2017-06-21,EGARCH,0.025,-0.024692386185517282,0.19354757781423113,-0.8784152347558939,-1.1788692675218266,Period III,2013-01-01
2017-06-22,EGARCH,0.025,-0.04528731087584111,0.19354757781423113,-0.8784152347558939,-1.1788692675218266,Period III,2013-01-01
2017-06-23,EGARCH,0.025,0.11935246151813209,0.19354757781423113,-0.8784152347558939,-1.1788692675218266,Period III,2013-01-01
2017-06-26,EGARCH,0.025,0.06578200308041038,0.19354757781423113,-0.8784152347558939,-1.1788692675218266,Period III,2013-01-01
2017-06-27,EGARCH,0.025,-0.8088820773010476,0.19354757781423113,-0.8784152347558939,-1.1788692675218266,Period III,2013-01-01
2017-06-28,EGARCH,0.025,0.8910597422785591,0.19354757781423113,-0.8784152347558939,-1.1788692675218266,Period III,2013-01-01
2017-06-29,EGARCH,0.025,-0.8827709082089772,0.19354757781423113,-0.8784152347558939,-1.1788692675218266,Period III,2013-01-01
2017-06-30,EGARCH,0.025,0.18627634061266213,0.19354757781423113,-0.8784152347558939,-1.1788692675218266,Period III,2013-01-01
2017-07-03,EGARCH,0.025,0.16941953757414918,0.19354757781423113,-0.8784152347558939,-1.1788692675218266,Period III,2013-01-01
2017-07-05,EGARCH,0.025,0.23093644883827985,0.19354757781423113,-0.8784152347558939,-1.1788692675218266,Period III,2013-01-01
2017-07-06,EGARCH,0.025,-0.9186529833769774,0.19354757781423113,-0.8784152347558939,-1.1788692675218266,Period III,2013-01-01
2017-07-07,EGARCH,0.025,0.6464190025662,0.19354757781423113,-0.8784152347558939,-1.1788692675218266,Period III,2013-01-01
2017-07-10,EGARCH,0.025,0.10732931559087028,0.19354757781423113,-0.8784152347558939,-1.1788692675218266,Period III,2013-01-01
2017-07-11,EGARCH,0.025,-0.07429118580426038,0.19354757781423113,-0.8784152347558939,-1.1788692675218266,Period III,2013-01-01
2017-07-12,EGARCH,0.025,0.7486633392334205,0.19354757781423113,-0.8784152347558939,-1.1788692675218266,Period III,2013-01-01
2017-07-13,EGARCH,0.025,0.16788639705180453,0.19354757781423113,-0.8784152347558939,-1.1788692675218266,Period III,2013-01-01
2017-07-14,EGARCH,0.025,0.4653257098670055,0.37058444706363175,-1.2155811236195733,-1.6298997273164313,Period III,2013-01-01
2017-07-17,EGARCH,0.025,-0.012217222732245696,0.37058444706363175,-1.2155811236195733,-1.6298997273164313,Period III,2013-01-01
2017-07-18,EGARCH,0.025,0.052934662840060424,0.37058444706363175,-1.2155811236195733,-1.6298997273164313,Period III,2013-01-01
2017-07-19,EGARCH,0.025,0.5399391200699996,0.37058444706363175,-1.2155811236195733,-1.6298997273164313,Period III,2013-01-01
2017-07-20,EGARCH,0.025,0.0445265476278358,0.37058444706363175,-1.2155811236195733,-1.6298997273164313,Period III,2013-01-01
2017-07-21,EGARCH,0.025,-0.08907293022224441,0.37058444706363175,-1.2155811236195733,-1.6298997273164313,Period III,2013-01-01
2017-07-24,EGARCH,0.025,-0.024305269356146516,0.37058444706363175,-1.2155811236195733,-1.6298997273164313,Period III,2013-01-01
2017-07-25,EGARCH,0.025,0.24279343347230284,0.37058444706363175,-1.2155811236195733,-1.6298997273164313,Period III,2013-01-01
2017-07-26,EGARCH,0.025,0.004039408718685109,0.37058444706363175,-1.2155811236195733,-1.6298997273164313,Period III,2013-01-01
2017-07-27,EGARCH,0.025,-0.09299708830424845,0.37058444706363175,-1.2155811236195733,-1.6298997273164313,Period III,2013-01-01
2017-07-28,EGARCH,0.025,-0.11738006479158243,0.37058444706363175,-1.2155811236195733,-1.6298997273164313,Period III,2013-01-01
2017-07-31,EGARCH,0.025,-0.05671665497943276,0.37058444706363175,-1.2155811236195733,-1.6298997273164313,Period III,2013-01-01
2017-08-01,EGARCH,0.025,0.2226328264181252,0.37058444706363175,-1.2155811236195733,-1.6298997273164313,Period III,2013-01-01
2017-08-02,EGARCH,0.025,0.048506393876542674,0.37058444706363175,-1.2155811236195733,-1.6298997273164313,Period III,2013-01-01
2017-08-03,EGARCH,0.025,-0.19417308635190522,0.37058444706363175,-1.2155811236195733,-1.6298997273164313,Period III,2013-01-01
2017-08-04,EGARCH,0.025,0.18204869352030434,0.37058444706363175,-1.2155811236195733,-1.6298997273164313,Period III,2013-01-01
2017-08-07,EGARCH,0.025,0.18575011648817466,0.37058444706363175,-1.2155811236195733,-1.6298997273164313,Period III,2013-01-01
2017-08-08,EGARCH,0.025,-0.24640031174037116,0.37058444706363175,-1.2155811236195733,-1.6298997273164313,Period III,2013-01-01
2017-08-09,EGARCH,0.025,-0.004042185981409468,0.37058444706363175,-1.2155811236195733,-1.6298997273164313,Period III,2013-01-01
2017-08-10,EGARCH,0.025,-1.4215858360501283,0.37058444706363175,-1.2155811236195733,-1.6298997273164313,Period III,2013-01-01
2017-08-11,EGARCH,0.025,0.1475775532283997,0.4288156872040871,-1.3063982094263558,-1.7671044698585736,Period III,2013-01-01
2017-08-14,EGARCH,0.025,0.9864337216404111,0.4288156872040871,-1.3063982094263558,-1.7671044698585736,Period III,2013-01-01
2017-08-15,EGARCH,0.025,-0.012168656353959788,0.4288156872040871,-1.3063982094263558,-1.7671044698585736,Period III,2013-01-01
2017-08-16,EGARCH,0.025,0.17428636987663798,0.4288156872040871,-1.3063982094263558,-1.7671044698585736,Period III,2013-01-01
2017-08-17,EGARCH,0.025,-1.5713671950320924,0.4288156872040871,-1.3063982094263558,-1.7671044698585736,Period III,2013-01-01
2017-08-18,EGARCH,0.025,-0.1564387398651075,0.4288156872040871,-1.3063982094263558,-1.7671044698585736,Period III,2013-01-01
2017-08-21,EGARCH,0.025,0.07824682031745127,0.4288156872040871,-1.3063982094263558,-1.7671044698585736,Period III,2013-01-01
2017-08-22,EGARCH,0.025,1.0402717245512967,0.4288156872040871,-1.3063982094263558,-1.7671044698585736,Period III,2013-01-01
2017-08-23,EGARCH,0.025,-0.359186052622354,0.4288156872040871,-1.3063982094263558,-1.7671044698585736,Period III,2013-01-01
2017-08-24,EGARCH,0.025,-0.23334042390436718,0.4288156872040871,-1.3063982094263558,-1.7671044698585736,Period III,2013-01-01
2017-08-25,EGARCH,0.025,0.23334042390438092,0.4288156872040871,-1.3063982094263558,-1.7671044698585736,Period III,2013-01-01
2017-08-28,EGARCH,0.025,0.0040928855422689685,0.4288156872040871,-1.3063982094263558,-1.7671044698585736,Period III,2013-01-01
2017-08-29,EGARCH,0.025,0.11442066207465451,0.4288156872040871,-1.3063982094263558,-1.7671044698585736,Period III,2013-01-01
2017-08-30,EGARCH,0.025,0.4726360107737079,0.4288156872040871,-1.3063982094263558,-1.7671044698585736,Period III,2013-01-01
2017-08-31,EGARCH,0.025,0.5998036163940785,0.4288156872040871,-1.3063982094263558,-1.7671044698585736,Period III,2013-01-01
2017-09-01,EGARCH,0.025,0.14131625448807666,0.4288156872040871,-1.3063982094263558,-1.7671044698585736,Period III,2013-01-01
2017-09-05,EGARCH,0.025,-0.7207963182428161,0.4288156872040871,-1.3063982094263558,-1.7671044698585736,Period III,2013-01-01
2017-09-06,EGARCH,0.025,0.3407972920508354,0.4288156872040871,-1.3063982094263558,-1.7671044698585736,Period III,2013-01-01
2017-09-07,EGARCH,0.025,-0.012150912368609306,0.4288156872040871,-1.3063982094263558,-1.7671044698585736,Period III,2013-01-01
2017-09-08,EGARCH,0.025,-0.11753706406389999,0.4288156872040871,-1.3063982094263558,-1.7671044698585736,Period III,2013-01-01
2017-09-11,EGARCH,0.025,1.0609449593480138,0.25643045704446726,-1.0095434485067796,-1.3725885593491354,Period III,2013-01-01
2017-09-12,EGARCH,0.025,0.33649686098124415,0.25643045704446726,-1.0095434485067796,-1.3725885593491354,Period III,2013-01-01
2017-09-13,EGARCH,0.025,0.047976937825897556,0.25643045704446726,-1.0095434485067796,-1.3725885593491354,Period III,2013-01-01
2017-09-14,EGARCH,0.025,-0.03198410131337737,0.25643045704446726,-1.0095434485067796,-1.3725885593491354,Period III,2013-01-01
2017-09-15,EGARCH,0.025,-0.36051709400428367,0.25643045704446726,-1.0095434485067796,-1.3725885593491354,Period III,2013-01-01
2017-09-18,EGARCH,0.025,0.21246275872453704,0.25643045704446726,-1.0095434485067796,-1.3725885593491354,Period III,2013-01-01
2017-09-19,EGARCH,0.025,0.10006204632380786,0.25643045704446726,-1.0095434485067796,-1.3725885593491354,Period III,2013-01-01
2017-09-20,EGARCH,0.025,0.035996375850295956,0.25643045704446726,-1.0095434485067796,-1.3725885593491354,Period III,2013-01-01
2017-09-21,EGARCH,0.025,-0.2682945539843174,0.25643045704446726,-1.0095434485067796,-1.3725885593491354,Period III,2013-01-01
2017-09-22,EGARCH,0.025,0.02004813332869188,0.25643045704446726,-1.0095434485067796,-1.3725885593491354,Period III,2013-01-01
2017-09-25,EGARCH,0.025,-0.20467120760038973,0.25643045704446726,-1.0095434485067796,-1.3725885593491354,Period III,2013-01-01
2017-09-26,EGARCH,0.025,0.060243433451111106,0.25643045704446726,-1.0095434485067796,-1.3725885593491354,Period III,2013-01-01
2017-09-27,EGARCH,0.025,0.38867727139802655,0.25643045704446726,-1.0095434485067796,-1.3725885593491354,Period III,2013-01-01
2017-09-28,EGARCH,0.025,0.11990530863811022,0.25643045704446726,-1.0095434485067796,-1.3725885593491354,Period III,2013-01-01
2017-09-29,EGARCH,0.025,0.3508874052771569,0.25643045704446726,-1.0095434485067796,-1.3725885593491354,Period III,2013-01-01
2017-10-02,EGARCH,0.025,0.43293150335718944,0.25643045704446726,-1.0095434485067796,-1.3725885593491354,Period III,2013-01-01
2017-10-03,EGARCH,0.025,0.21378260553165726,0.25643045704446726,-1.0095434485067796,-1.3725885593491354,Period III,2013-01-01
2017-10-04,EGARCH,0.025,0.11857360751527833,0.25643045704446726,-1.0095434485067796,-1.3725885593491354,Period III,2013-01-01
2017-10-05,EGARCH,0.025,0.59076221529796,0.25643045704446726,-1.0095434485067796,-1.3725885593491354,Period III,2013-01-01
2017-10-06,EGARCH,0.025,-0.11394557373643072,0.25643045704446726,-1.0095434485067796,-1.3725885593491354,Period III,2013-01-01
2017-10-09,EGARCH,0.025,-0.16524955582182807,0.21257801816618907,-0.918546873686226,-1.2544038822203438,Period III,2013-01-01
2017-10-10,EGARCH,0.025,0.2634833226543812,0.21257801816618907,-0.918546873686226,-1.2544038822203438,Period III,2013-01-01
2017-10-11,EGARCH,0.025,0.15697717521929855,0.21257801816618907,-0.918546873686226,-1.2544038822203438,Period III,2013-01-01
2017-10-12,EGARCH,0.025,-0.14912096319125537,0.21257801816618907,-0.918546873686226,-1.2544038822203438,Period III,2013-01-01
2017-10-13,EGARCH,0.025,0.12166549542219028,0.21257801816618907,-0.918546873686226,-1.2544038822203438,Period III,2013-01-01
2017-10-16,EGARCH,0.025,0.13326920457795463,0.21257801816618907,-0.918546873686226,-1.2544038822203438,Period III,2013-01-01
2017-10-17,EGARCH,0.025,0.07048631214624704,0.21257801816618907,-0.918546873686226,-1.2544038822203438,Period III,2013-01-01
2017-10-18,EGARCH,0.025,0.09781099737367754,0.21257801816618907,-0.918546873686226,-1.2544038822203438,Period III,2013-01-01
2017-10-19,EGARCH,0.025,0.02736684194568484,0.21257801816618907,-0.918546873686226,-1.2544038822203438,Period III,2013-01-01
2017-10-20,EGARCH,0.025,0.5147182821886276,0.21257801816618907,-0.918546873686226,-1.2544038822203438,Period III,2013-01-01
2017-10-23,EGARCH,0.025,-0.3896969419021379,0.21257801816618907,-0.918546873686226,-1.2544038822203438,Period III,2013-01-01
2017-10-24,EGARCH,0.025,0.17555633745319232,0.21257801816618907,-0.918546873686226,-1.2544038822203438,Period III,2013-01-01
2017-10-25,EGARCH,0.025,-0.4962418292052873,0.21257801816618907,-0.918546873686226,-1.2544038822203438,Period III,2013-01-01
2017-10-26,EGARCH,0.025,0.12918200248079084,0.21257801816618907,-0.918546873686226,-1.2544038822203438,Period III,2013-01-01
2017-10-27,EGARCH,0.025,0.8142940958378798,0.21257801816618907,-0.918546873686226,-1.2544038822203438,Period III,2013-01-01
2017-10-30,EGARCH,0.025,-0.37320397514387565,0.21257801816618907,-0.918546873686226,-1.2544038822203438,Period III,2013-01-01
2017-10-31,EGARCH,0.025,0.15566996770224462,0.21257801816618907,-0.918546873686226,-1.2544038822203438,Period III,2013-01-01
2017-11-01,EGARCH,0.025,0.13212979863173313,0.21257801816618907,-0.918546873686226,-1.2544038822203438,Period III,2013-01-01
2017-11-02,EGARCH,0.025,0.03883129120887515,0.21257801816618907,-0.918546873686226,-1.2544038822203438,Period III,2013-01-01
2017-11-03,EGARCH,0.025,0.33331394896447597,0.21257801816618907,-0.918546873686226,-1.2544038822203438,Period III,2013-01-01
2017-11-06,EGARCH,0.025,0.15464680535225,0.20696725824554107,-0.905247251680809,-1.244607738265998,Period III,2013-01-01
2017-11-07,EGARCH,0.025,-0.06955969865738221,0.20696725824554107,-0.905247251680809,-1.244607738265998,Period III,2013-01-01
2017-11-08,EGARCH,0.025,0.16994554859494032,0.20696725824554107,-0.905247251680809,-1.244607738265998,Period III,2013-01-01
2017-11-09,EGARCH,0.025,-0.3634290754126552,0.20696725824554107,-0.905247251680809,-1.244607738265998,Period III,2013-01-01
2017-11-10,EGARCH,0.025,-0.030998756041870038,0.20696725824554107,-0.905247251680809,-1.244607738265998,Period III,2013-01-01
2017-11-13,EGARCH,0.025,0.09294382850910488,0.20696725824554107,-0.905247251680809,-1.244607738265998,Period III,2013-01-01
2017-11-14,EGARCH,0.025,-0.2325217451833892,0.20696725824554107,-0.905247251680809,-1.244607738265998,Period III,2013-01-01
2017-11-15,EGARCH,0.025,-0.5017839305914511,0.20696725824554107,-0.905247251680809,-1.244607738265998,Period III,2013-01-01
2017-11-16,EGARCH,0.025,0.8465055348010225,0.20696725824554107,-0.905247251680809,-1.244607738265998,Period III,2013-01-01
2017-11-17,EGARCH,0.025,-0.2943038812472192,0.20696725824554107,-0.905247251680809,-1.244607738265998,Period III,2013-01-01
2017-11-20,EGARCH,0.025,0.1704907667696995,0.20696725824554107,-0.905247251680809,-1.244607738265998,Period III,2013-01-01
2017-11-21,EGARCH,0.025,0.652147833318907,0.20696725824554107,-0.905247251680809,-1.244607738265998,Period III,2013-01-01
2017-11-22,EGARCH,0.025,-0.08849657864718609,0.20696725824554107,-0.905247251680809,-1.244607738265998,Period III,2013-01-01
2017-11-24,EGARCH,0.025,0.2307067052553484,0.20696725824554107,-0.905247251680809,-1.244607738265998,Period III,2013-01-01
2017-11-27,EGARCH,0.025,-0.049933486563042716,0.20696725824554107,-0.905247251680809,-1.244607738265998,Period III,2013-01-01
2017-11-28,EGARCH,0.025,1.0093697243671753,0.20696725824554107,-0.905247251680809,-1.244607738265998,Period III,2013-01-01
2017-11-29,EGARCH,0.025,-0.0608865143803894,0.20696725824554107,-0.905247251680809,-1.244607738265998,Period III,2013-01-01
2017-11-30,EGARCH,0.025,0.871686829714373,0.20696725824554107,-0.905247251680809,-1.244607738265998,Period III,2013-01-01
2017-12-01,EGARCH,0.025,-0.20776191554762394,0.20696725824554107,-0.905247251680809,-1.244607738265998,Period III,2013-01-01
2017-12-04,EGARCH,0.025,-0.12106577450937815,0.20696725824554107,-0.905247251680809,-1.244607738265998,Period III,2013-01-01
2017-12-05,EGARCH,0.025,-0.36031069881391525,0.30983405428776134,-1.1075595461227385,-1.5230132667990912,Period III,2013-01-01
2017-12-06,EGARCH,0.025,0.01899124055029588,0.30983405428776134,-1.1075595461227385,-1.5230132667990912,Period III,2013-01-01
2017-12-07,EGARCH,0.025,0.31481207607982853,0.30983405428776134,-1.1075595461227385,-1.5230132667990912,Period III,2013-01-01
2017-12-08,EGARCH,0.025,0.5438294285834409,0.30983405428776134,-1.1075595461227385,-1.5230132667990912,Period III,2013-01-01
2017-12-11,EGARCH,0.025,0.30084930440527813,0.30983405428776134,-1.1075595461227385,-1.5230132667990912,Period III,2013-01-01
2017-12-12,EGARCH,0.025,0.17633095564034157,0.30983405428776134,-1.1075595461227385,-1.5230132667990912,Period III,2013-01-01
2017-12-13,EGARCH,0.025,-0.011245395534321218,0.30983405428776134,-1.1075595461227385,-1.5230132667990912,Period III,2013-01-01
2017-12-14,EGARCH,0.025,-0.4094580692557239,0.30983405428776134,-1.1075595461227385,-1.5230132667990912,Period III,2013-01-01
2017-12-15,EGARCH,0.025,0.31944935073848557,0.30983405428776134,-1.1075595461227385,-1.5230132667990912,Period III,2013-01-01
2017-12-18,EGARCH,0.025,0.6321213365544615,0.30983405428776134,-1.1075595461227385,-1.5230132667990912,Period III,2013-01-01
2017-12-19,EGARCH,0.025,-0.3847806193067688,0.30983405428776134,-1.1075595461227385,-1.5230132667990912,Period III,2013-01-01
2017-12-20,EGARCH,0.025,-0.05242031016257336,0.30983405428776134,-1.1075595461227385,-1.5230132667990912,Period III,2013-01-01
2016-12-21,GJR-GARCH,0.025,-0.2786518496201791,0.4283182556915637,-1.307008982189423,-1.6835207715158926,Period III,2013-01-01
2016-12-22,GJR-GARCH,0.025,-0.17289126848319208,0.4283182556915637,-1.307008982189423,-1.6835207715158926,Period III,2013-01-01
2016-12-23,GJR-GARCH,0.025,0.14631310002082348,0.4283182556915637,-1.307008982189423,-1.6835207715158926,Period III,2013-01-01
2016-12-27,GJR-GARCH,0.025,0.24779761561614494,0.4283182556915637,-1.307008982189423,-1.6835207715158926,Period III,2013-01-01
2016-12-28,GJR-GARCH,0.025,-0.8298848896098834,0.4283182556915637,-1.307008982189423,-1.6835207715158926,Period III,2013-01-01
2016-12-29,GJR-GARCH,0.025,-0.02227868219520829,0.4283182556915637,-1.307008982189423,-1.6835207715158926,Period III,2013-01-01
2016-12-30,GJR-GARCH,0.025,-0.36617318546013605,0.4283182556915637,-1.307008982189423,-1.6835207715158926,Period III,2013-01-01
2017-01-03,GJR-GARCH,0.025,0.7620897001746235,0.4283182556915637,-1.307008982189423,-1.6835207715158926,Period III,2013-01-01
2017-01-04,GJR-GARCH,0.025,0.5931566752148794,0.4283182556915637,-1.307008982189423,-1.6835207715158926,Period III,2013-01-01
2017-01-05,GJR-GARCH,0.025,-0.07947721565786298,0.4283182556915637,-1.307008982189423,-1.6835207715158926,Period III,2013-01-01
2017-01-06,GJR-GARCH,0.025,0.35714101420465494,0.4283182556915637,-1.307008982189423,-1.6835207715158926,Period III,2013-01-01
2017-01-09,GJR-GARCH,0.025,-0.3306370979156274,0.4283182556915637,-1.307008982189423,-1.6835207715158926,Period III,2013-01-01
2017-01-10,GJR-GARCH,0.025,0.0,0.4283182556915637,-1.307008982189423,-1.6835207715158926,Period III,2013-01-01
2017-01-11,GJR-GARCH,0.025,0.28221174544804994,0.4283182556915637,-1.307008982189423,-1.6835207715158926,Period III,2013-01-01
2017-01-12,GJR-GARCH,0.025,-0.2513094892667004,0.4283182556915637,-1.307008982189423,-1.6835207715158926,Period III,2013-01-01
2017-01-13,GJR-GARCH,0.025,0.22928898901267697,0.4283182556915637,-1.307008982189423,-1.6835207715158926,Period III,2013-01-01
2017-01-17,GJR-GARCH,0.025,-0.3529688404831017,0.4283182556915637,-1.307008982189423,-1.6835207715158926,Period III,2013-01-01
2017-01-18,GJR-GARCH,0.025,0.220750641521052,0.4283182556915637,-1.307008982189423,-1.6835207715158926,Period III,2013-01-01
2017-01-19,GJR-GARCH,0.025,-0.371138291563596,0.4283182556915637,-1.307008982189423,-1.6835207715158926,Period III,2013-01-01
2017-01-20,GJR-GARCH,0.025,0.36673047365514516,0.4283182556915637,-1.307008982189423,-1.6835207715158926,Period III,2013-01-01
2017-01-23,GJR-GARCH,0.025,-0.2605541881103168,0.2755729563796486,-1.0483423243398284,-1.3499342330716617,Period III,2013-01-01
2017-01-24,GJR-GARCH,0.025,0.6391260133969621,0.2755729563796486,-1.0483423243398284,-1.3499342330716617,Period III,2013-01-01
2017-01-25,GJR-GARCH,0.025,0.8618296722527514,0.2755729563796486,-1.0483423243398284,-1.3499342330716617,Period III,2013-01-01
2017-01-26,GJR-GARCH,0.025,-0.10460035313087782,0.2755729563796486,-1.0483423243398284,-1.3499342330716617,Period III,2013-01-01
2017-01-27,GJR-GARCH,0.025,-0.15710263233611213,0.2755729563796486,-1.0483423243398284,-1.3499342330716617,Period III,2013-01-01
2017-01-30,GJR-GARCH,0.025,-0.6220988062862284,0.2755729563796486,-1.0483423243398284,-1.3499342330716617,Period III,2013-01-01
2017-01-31,GJR-GARCH,0.025,-0.00879154100085011,0.2755729563796486,-1.0483423243398284,-1.3499342330716617,Period III,2013-01-01
2017-02-01,GJR-GARCH,0.025,0.039545793813170554,0.2755729563796486,-1.0483423243398284,-1.3499342330716617,Period III,2013-01-01
2017-02-02,GJR-GARCH,0.025,0.06588162274107837,0.2755729563796486,-1.0483423243398284,-1.3499342330716617,Period III,2013-01-01
2017-02-03,GJR-GARCH,0.025,0.6869236012564833,0.2755729563796486,-1.0483423243398284,-1.3499342330716617,Period III,2013-01-01
2017-02-06,GJR-GARCH,0.025,-0.1789354665738825,0.2755729563796486,-1.0483423243398284,-1.3499342330716617,Period III,2013-01-01
2017-02-07,GJR-GARCH,0.025,0.004372317790355026,0.2755729563796486,-1.0483423243398284,-1.3499342330716617,Period III,2013-01-01
2017-02-08,GJR-GARCH,0.025,0.13095424917520315,0.2755729563796486,-1.0483423243398284,-1.3499342330716617,Period III,2013-01-01
2017-02-09,GJR-GARCH,0.025,0.5915120656897009,0.2755729563796486,-1.0483423243398284,-1.3499342330716617,Period III,2013-01-01
2017-02-10,GJR-GARCH,0.025,0.3938411107139749,0.2755729563796486,-1.0483423243398284,-1.3499342330716617,Period III,2013-01-01
2017-02-13,GJR-GARCH,0.025,0.5427814518752642,0.2755729563796486,-1.0483423243398284,-1.3499342330716617,Period III,2013-01-01
2017-02-14,GJR-GARCH,0.025,0.39873685575423923,0.2755729563796486,-1.0483423243398284,-1.3499342330716617,Period III,2013-01-01
2017-02-15,GJR-GARCH,0.025,0.5206794373572733,0.2755729563796486,-1.0483423243398284,-1.3499342330716617,Period III,2013-01-01
2017-02-16,GJR-GARCH,0.025,-0.0851703264593723,0.2755729563796486,-1.0483423243398284,-1.3499342330716617,Period III,2013-01-01
2017-02-17,GJR-GARCH,0.025,0.15750843771027803,0.2755729563796486,-1.0483423243398284,-1.3499342330716617,Period III,2013-01-01
2017-02-21,GJR-GARCH,0.025,0.5937542995365429,0.19653409107563247,-0.8851949348378859,-1.1378380547862532,Period III,2013-01-01
2017-02-22,GJR-GARCH,0.025,-0.0888409695124651,0.19653409107563247,-0.8851949348378859,-1.1378380547862532,Period III,2013-01-01
2017-02-23,GJR-GARCH,0.025,0.06769490091659686,0.19653409107563247,-0.8851949348378859,-1.1378380547862532,Period III,2013-01-01
2017-02-24,GJR-GARCH,0.025,0.12680294472507694,0.19653409107563247,-0.8851949348378859,-1.1378380547862532,Period III,2013-01-01
2017-02-27,GJR-GARCH,0.025,0.15616553239042483,0.19653409107563247,-0.8851949348378859,-1.1378380547862532,Period III,2013-01-01
2017-02-28,GJR-GARCH,0.025,-0.27028158992564316,0.19653409107563247,-0.8851949348378859,-1.1378380547862532,Period III,2013-01-01
2017-03-01,GJR-GARCH,0.025,1.3900476034819913,0.19653409107563247,-0.8851949348378859,-1.1378380547862532,Period III,2013-01-01
2017-03-02,GJR-GARCH,0.025,-0.6317328810846006,0.19653409107563247,-0.8851949348378859,-1.1378380547862532,Period III,2013-01-01
2017-03-03,GJR-GARCH,0.025,0.06293142321694911,0.19653409107563247,-0.8851949348378859,-1.1378380547862532,Period III,2013-01-01
2017-03-06,GJR-GARCH,0.025,-0.29823450487956105,0.19653409107563247,-0.8851949348378859,-1.1378380547862532,Period III,2013-01-01
2017-03-07,GJR-GARCH,0.025,-0.2991330425974492,0.19653409107563247,-0.8851949348378859,-1.1378380547862532,Period III,2013-01-01
2017-03-08,GJR-GARCH,0.025,-0.18582759113619426,0.19653409107563247,-0.8851949348378859,-1.1378380547862532,Period III,2013-01-01
2017-03-09,GJR-GARCH,0.025,0.126738664642497,0.19653409107563247,-0.8851949348378859,-1.1378380547862532,Period III,2013-01-01
2017-03-10,GJR-GARCH,0.025,0.34980620464540757,0.19653409107563247,-0.8851949348378859,-1.1378380547862532,Period III,2013-01-01
2017-03-13,GJR-GARCH,0.025,0.050471133432059306,0.19653409107563247,-0.8851949348378859,-1.1378380547862532,Period III,2013-01-01
2017-03-14,GJR-GARCH,0.025,-0.3833939850330953,0.19653409107563247,-0.8851949348378859,-1.1378380547862532,Period III,2013-01-01
2017-03-15,GJR-GARCH,0.025,0.8616226851996198,0.19653409107563247,-0.8851949348378859,-1.1378380547862532,Period III,2013-01-01
2017-03-16,GJR-GARCH,0.025,-0.19688807982030052,0.19653409107563247,-0.8851949348378859,-1.1378380547862532,Period III,2013-01-01
2017-03-17,GJR-GARCH,0.025,-0.6098721201673768,0.19653409107563247,-0.8851949348378859,-1.1378380547862532,Period III,2013-01-01
2017-03-20,GJR-GARCH,0.025,-0.10974864130761401,0.19653409107563247,-0.8851949348378859,-1.1378380547862532,Period III,2013-01-01
2017-03-21,GJR-GARCH,0.025,-1.2922639108276666,0.33711401201018304,-1.1597912347265547,-1.4984085029749983,Period III,2013-01-01
2017-03-22,GJR-GARCH,0.025,0.23503912797317797,0.33711401201018304,-1.1597912347265547,-1.4984085029749983,Period III,2013-01-01
2017-03-23,GJR-GARCH,0.025,-0.10676689588160469,0.33711401201018304,-1.1597912347265547,-1.4984085029749983,Period III,2013-01-01
2017-03-24,GJR-GARCH,0.025,-0.07266587302462943,0.33711401201018304,-1.1597912347265547,-1.4984085029749983,Period III,2013-01-01
2017-03-27,GJR-GARCH,0.025,-0.10268054951853856,0.33711401201018304,-1.1597912347265547,-1.4984085029749983,Period III,2013-01-01
2017-03-28,GJR-GARCH,0.025,0.725047829387214,0.33711401201018304,-1.1597912347265547,-1.4984085029749983,Period III,2013-01-01
2017-03-29,GJR-GARCH,0.025,0.09344007884925203,0.33711401201018304,-1.1597912347265547,-1.4984085029749983,Period III,2013-01-01
2017-03-30,GJR-GARCH,0.025,0.31791138885483344,0.33711401201018304,-1.1597912347265547,-1.4984085029749983,Period III,2013-01-01
2017-03-31,GJR-GARCH,0.025,-0.2330309697588091,0.33711401201018304,-1.1597912347265547,-1.4984085029749983,Period III,2013-01-01
2017-04-03,GJR-GARCH,0.025,-0.17407339005489855,0.33711401201018304,-1.1597912347265547,-1.4984085029749983,Period III,2013-01-01
2017-04-04,GJR-GARCH,0.025,0.06371738167705392,0.33711401201018304,-1.1597912347265547,-1.4984085029749983,Period III,2013-01-01
2017-04-05,GJR-GARCH,0.025,-0.2977065765407665,0.33711401201018304,-1.1597912347265547,-1.4984085029749983,Period III,2013-01-01
2017-04-06,GJR-GARCH,0.025,0.280721404373758,0.33711401201018304,-1.1597912347265547,-1.4984085029749983,Period III,2013-01-01
2017-04-07,GJR-GARCH,0.025,-0.10199112454537344,0.33711401201018304,-1.1597912347265547,-1.4984085029749983,Period III,2013-01-01
2017-04-10,GJR-GARCH,0.025,0.05950584255413305,0.33711401201018304,-1.1597912347265547,-1.4984085029749983,Period III,2013-01-01
2017-04-11,GJR-GARCH,0.025,-0.1190471156455239,0.33711401201018304,-1.1597912347265547,-1.4984085029749983,Period III,2013-01-01
2017-04-12,GJR-GARCH,0.025,-0.43914832660768754,0.33711401201018304,-1.1597912347265547,-1.4984085029749983,Period III,2013-01-01
2017-04-13,GJR-GARCH,0.025,-0.6516095822653079,0.33711401201018304,-1.1597912347265547,-1.4984085029749983,Period III,2013-01-01
2017-04-17,GJR-GARCH,0.025,0.8820870798886493,0.33711401201018304,-1.1597912347265547,-1.4984085029749983,Period III,2013-01-01
2017-04-18,GJR-GARCH,0.025,-0.2988697482894407,0.33711401201018304,-1.1597912347265547,-1.4984085029749983,Period III,2013-01-01
2017-04-19,GJR-GARCH,0.025,-0.18402893127950093,0.3540015640459961,-1.1882729690536584,-1.5314046916612085,Period III,2013-01-01
2017-04-20,GJR-GARCH,0.025,0.8106166241988226,0.3540015640459961,-1.1882729690536584,-1.5314046916612085,Period III,2013-01-01
2017-04-21,GJR-GARCH,0.025,-0.319196752061056,0.3540015640459961,-1.1882729690536584,-1.5314046916612085,Period III,2013-01-01
2017-04-24,GJR-GARCH,0.025,1.0937881902130022,0.3540015640459961,-1.1882729690536584,-1.5314046916612085,Period III,2013-01-01
2017-04-25,GJR-GARCH,0.025,0.5801768898692425,0.3540015640459961,-1.1882729690536584,-1.5314046916612085,Period III,2013-01-01
2017-04-26,GJR-GARCH,0.025,-0.06290351658648945,0.3540015640459961,-1.1882729690536584,-1.5314046916612085,Period III,2013-01-01
2017-04-27,GJR-GARCH,0.025,0.08386256551509146,0.3540015640459961,-1.1882729690536584,-1.5314046916612085,Period III,2013-01-01
2017-04-28,GJR-GARCH,0.025,-0.2181775908701382,0.3540015640459961,-1.1882729690536584,-1.5314046916612085,Period III,2013-01-01
2017-05-01,GJR-GARCH,0.025,0.2516952631878662,0.3540015640459961,-1.1882729690536584,-1.5314046916612085,Period III,2013-01-01
2017-05-02,GJR-GARCH,0.025,0.03770514119653767,0.3540015640459961,-1.1882729690536584,-1.5314046916612085,Period III,2013-01-01
2017-05-03,GJR-GARCH,0.025,-0.12153319250617428,0.3540015640459961,-1.1882729690536584,-1.5314046916612085,Period III,2013-01-01
2017-05-04,GJR-GARCH,0.025,0.11734088389643792,0.3540015640459961,-1.1882729690536584,-1.5314046916612085,Period III,2013-01-01
2017-05-05,GJR-GARCH,0.025,0.3929288415371179,0.3540015640459961,-1.1882729690536584,-1.5314046916612085,Period III,2013-01-01
2017-05-08,GJR-GARCH,0.025,-0.01668611739598412,0.3540015640459961,-1.1882729690536584,-1.5314046916612085,Period III,2013-01-01
2017-05-09,GJR-GARCH,0.025,-0.09183937940459314,0.3540015640459961,-1.1882729690536584,-1.5314046916612085,Period III,2013-01-01
2017-05-10,GJR-GARCH,0.025,0.1794215824099324,0.3540015640459961,-1.1882729690536584,-1.5314046916612085,Period III,2013-01-01
2017-05-11,GJR-GARCH,0.025,-0.20448217218897294,0.3540015640459961,-1.1882729690536584,-1.5314046916612085,Period III,2013-01-01
2017-05-12,GJR-GARCH,0.025,-0.1672419299264369,0.3540015640459961,-1.1882729690536584,-1.5314046916612085,Period III,2013-01-01
2017-05-15,GJR-GARCH,0.025,0.5508306898499835,0.3540015640459961,-1.1882729690536584,-1.5314046916612085,Period III,2013-01-01
2017-05-16,GJR-GARCH,0.025,-0.0915946683242044,0.3540015640459961,-1.1882729690536584,-1.5314046916612085,Period III,2013-01-01
2017-05-17,GJR-GARCH,0.025,-1.7903375551923166,0.18555944494676507,-0.8606503841688699,-1.1159583177926418,Period III,2013-01-01
2017-05-18,GJR-GARCH,0.025,0.4020390632640581,0.18555944494676507,-0.8606503841688699,-1.1159583177926418,Period III,2013-01-01
2017-05-19,GJR-GARCH,0.025,0.6483113050925737,0.18555944494676507,-0.8606503841688699,-1.1159583177926418,Period III,2013-01-01
2017-05-22,GJR-GARCH,0.025,0.5064601618306679,0.18555944494676507,-0.8606503841688699,-1.1159583177926418,Period III,2013-01-01
2017-05-23,GJR-GARCH,0.025,0.2210309181044507,0.18555944494676507,-0.8606503841688699,-1.1159583177926418,Period III,2013-01-01
2017-05-24,GJR-GARCH,0.025,0.23301202833640117,0.18555944494676507,-0.8606503841688699,-1.1159583177926418,Period III,2013-01-01
2017-05-25,GJR-GARCH,0.025,0.4768107829548058,0.18555944494676507,-0.8606503841688699,-1.1159583177926418,Period III,2013-01-01
2017-05-26,GJR-GARCH,0.025,-0.020678756911771005,0.18555944494676507,-0.8606503841688699,-1.1159583177926418,Period III,2013-01-01
2017-05-30,GJR-GARCH,0.025,-0.08692151411252483,0.18555944494676507,-0.8606503841688699,-1.1159583177926418,Period III,2013-01-01
2017-05-31,GJR-GARCH,0.025,-0.02484679612337303,0.18555944494676507,-0.8606503841688699,-1.1159583177926418,Period III,2013-01-01
2017-06-01,GJR-GARCH,0.025,0.7920825887608272,0.18555944494676507,-0.8606503841688699,-1.1159583177926418,Period III,2013-01-01
2017-06-02,GJR-GARCH,0.025,0.3322865488960124,0.18555944494676507,-0.8606503841688699,-1.1159583177926418,Period III,2013-01-01
2017-06-05,GJR-GARCH,0.025,-0.07374331472786078,0.18555944494676507,-0.8606503841688699,-1.1159583177926418,Period III,2013-01-01
2017-06-06,GJR-GARCH,0.025,-0.32019680877317014,0.18555944494676507,-0.8606503841688699,-1.1159583177926418,Period III,2013-01-01
2017-06-07,GJR-GARCH,0.025,0.18485306828973203,0.18555944494676507,-0.8606503841688699,-1.1159583177926418,Period III,2013-01-01
2017-06-08,GJR-GARCH,0.025,0.04923482644446555,0.18555944494676507,-0.8606503841688699,-1.1159583177926418,Period III,2013-01-01
2017-06-09,GJR-GARCH,0.025,-0.15188948314465667,0.18555944494676507,-0.8606503841688699,-1.1159583177926418,Period III,2013-01-01
2017-06-12,GJR-GARCH,0.025,-0.020544836984530822,0.18555944494676507,-0.8606503841688699,-1.1159583177926418,Period III,2013-01-01
2017-06-13,GJR-GARCH,0.025,0.4877968445439268,0.18555944494676507,-0.8606503841688699,-1.1159583177926418,Period III,2013-01-01
2017-06-14,GJR-GARCH,0.025,-0.12684285469737472,0.18555944494676507,-0.8606503841688699,-1.1159583177926418,Period III,2013-01-01
2017-06-15,GJR-GARCH,0.025,-0.1926195596875313,0.20208260531964706,-0.8984458768475397,-1.1780104376885265,Period III,2013-01-01
2017-06-16,GJR-GARCH,0.025,-0.4646314455727953,0.20208260531964706,-0.8984458768475397,-1.1780104376885265,Period III,2013-01-01
2017-06-19,GJR-GARCH,0.025,0.8290645722063341,0.20208260531964706,-0.8984458768475397,-1.1780104376885265,Period III,2013-01-01
2017-06-20,GJR-GARCH,0.025,-0.6766934434419228,0.20208260531964706,-0.8984458768475397,-1.1780104376885265,Period III,2013-01-01
2017-06-21,GJR-GARCH,0.025,-0.024692386185517282,0.20208260531964706,-0.8984458768475397,-1.1780104376885265,Period III,2013-01-01
2017-06-22,GJR-GARCH,0.025,-0.04528731087584111,0.20208260531964706,-0.8984458768475397,-1.1780104376885265,Period III,2013-01-01
2017-06-23,GJR-GARCH,0.025,0.11935246151813209,0.20208260531964706,-0.8984458768475397,-1.1780104376885265,Period III,2013-01-01
2017-06-26,GJR-GARCH,0.025,0.06578200308041038,0.20208260531964706,-0.8984458768475397,-1.1780104376885265,Period III,2013-01-01
2017-06-27,GJR-GARCH,0.025,-0.8088820773010476,0.20208260531964706,-0.8984458768475397,-1.1780104376885265,Period III,2013-01-01
2017-06-28,GJR-GARCH,0.025,0.8910597422785591,0.20208260531964706,-0.8984458768475397,-1.1780104376885265,Period III,2013-01-01
2017-06-29,GJR-GARCH,0.025,-0.8827709082089772,0.20208260531964706,-0.8984458768475397,-1.1780104376885265,Period III,2013-01-01
2017-06-30,GJR-GARCH,0.025,0.18627634061266213,0.20208260531964706,-0.8984458768475397,-1.1780104376885265,Period III,2013-01-01
2017-07-03,GJR-GARCH,0.025,0.16941953757414918,0.20208260531964706,-0.8984458768475397,-1.1780104376885265,Period III,2013-01-01
2017-07-05,GJR-GARCH,0.025,0.23093644883827985,0.20208260531964706,-0.8984458768475397,-1.1780104376885265,Period III,2013-01-01
2017-07-06,GJR-GARCH,0.025,-0.9186529833769774,0.20208260531964706,-0.8984458768475397,-1.1780104376885265,Period III,2013-01-01
2017-07-07,GJR-GARCH,0.025,0.6464190025662,0.20208260531964706,-0.8984458768475397,-1.1780104376885265,Period III,2013-01-01
2017-07-10,GJR-GARCH,0.025,0.10732931559087028,0.20208260531964706,-0.8984458768475397,-1.1780104376885265,Period III,2013-01-01
2017-07-11,GJR-GARCH,0.025,-0.07429118580426038,0.20208260531964706,-0.8984458768475397,-1.1780104376885265,Period III,2013-01-01
2017-07-12,GJR-GARCH,0.025,0.7486633392334205,0.20208260531964706,-0.8984458768475397,-1.1780104376885265,Period III,2013-01-01
2017-07-13,GJR-GARCH,0.025,0.16788639705180453,0.20208260531964706,-0.8984458768475397,-1.1780104376885265,Period III,2013-01-01
2017-07-14,GJR-GARCH,0.025,0.4653257098670055,0.30765709924361034,-1.1085631958405988,-1.4532794325851832,Period III,2013-01-01
2017-07-17,GJR-GARCH,0.025,-0.012217222732245696,0.30765709924361034,-1.1085631958405988,-1.4532794325851832,Period III,2013-01-01
2017-07-18,GJR-GARCH,0.025,0.052934662840060424,0.30765709924361034,-1.1085631958405988,-1.4532794325851832,Period III,2013-01-01
2017-07-19,GJR-GARCH,0.025,0.5399391200699996,0.30765709924361034,-1.1085631958405988,-1.4532794325851832,Period III,2013-01-01
2017-07-20,GJR-GARCH,0.025,0.0445265476278358,0.30765709924361034,-1.1085631958405988,-1.4532794325851832,Period III,2013-01-01
2017-07-21,GJR-GARCH,0.025,-0.08907293022224441,0.30765709924361034,-1.1085631958405988,-1.4532794325851832,Period III,2013-01-01
2017-07-24,GJR-GARCH,0.025,-0.024305269356146516,0.30765709924361034,-1.1085631958405988,-1.4532794325851832,Period III,2013-01-01
2017-07-25,GJR-GARCH,0.025,0.24279343347230284,0.30765709924361034,-1.1085631958405988,-1.4532794325851832,Period III,2013-01-01
2017-07-26,GJR-GARCH,0.025,0.004039408718685109,0.30765709924361034,-1.1085631958405988,-1.4532794325851832,Period III,2013-01-01
2017-07-27,GJR-GARCH,0.025,-0.09299708830424845,0.30765709924361034,-1.1085631958405988,-1.4532794325851832,Period III,2013-01-01
2017-07-28,GJR-GARCH,0.025,-0.11738006479158243,0.30765709924361034,-1.1085631958405988,-1.4532794325851832,Period III,2013-01-01
2017-07-31,GJR-GARCH,0.025,-0.05671665497943276,0.30765709924361034,-1.1085631958405988,-1.4532794325851832,Period III,2013-01-01
2017-08-01,GJR-GARCH,0.025,0.2226328264181252,0.30765709924361034,-1.1085631958405988,-1.4532794325851832,Period III,2013-01-01
2017-08-02,GJR-GARCH,0.025,0.048506393876542674,0.30765709924361034,-1.1085631958405988,-1.4532794325851832,Period III,2013-01-01
2017-08-03,GJR-GARCH,0.025,-0.19417308635190522,0.30765709924361034,-1.1085631958405988,-1.4532794325851832,Period III,2013-01-01
2017-08-04,GJR-GARCH,0.025,0.18204869352030434,0.30765709924361034,-1.1085631958405988,-1.4532794325851832,Period III,2013-01-01
2017-08-07,GJR-GARCH,0.025,0.18575011648817466,0.30765709924361034,-1.1085631958405988,-1.4532794325851832,Period III,2013-01-01
2017-08-08,GJR-GARCH,0.025,-0.24640031174037116,0.30765709924361034,-1.1085631958405988,-1.4532794325851832,Period III,2013-01-01
2017-08-09,GJR-GARCH,0.025,-0.004042185981409468,0.30765709924361034,-1.1085631958405988,-1.4532794325851832,Period III,2013-01-01
2017-08-10,GJR-GARCH,0.025,-1.4215858360501283,0.30765709924361034,-1.1085631958405988,-1.4532794325851832,Period III,2013-01-01
2017-08-11,GJR-GARCH,0.025,0.1475775532283997,1.0070321516352356,-2.005537803899036,-2.6463757025703143,Period III,2013-01-01
2017-08-14,GJR-GARCH,0.025,0.9864337216404111,1.0070321516352356,-2.005537803899036,-2.6463757025703143,Period III,2013-01-01
2017-08-15,GJR-GARCH,0.025,-0.012168656353959788,1.0070321516352356,-2.005537803899036,-2.6463757025703143,Period III,2013-01-01
2017-08-16,GJR-GARCH,0.025,0.17428636987663798,1.0070321516352356,-2.005537803899036,-2.6463757025703143,Period III,2013-01-01
2017-08-17,GJR-GARCH,0.025,-1.5713671950320924,1.0070321516352356,-2.005537803899036,-2.6463757025703143,Period III,2013-01-01
2017-08-18,GJR-GARCH,0.025,-0.1564387398651075,1.0070321516352356,-2.005537803899036,-2.6463757025703143,Period III,2013-01-01
2017-08-21,GJR-GARCH,0.025,0.07824682031745127,1.0070321516352356,-2.005537803899036,-2.6463757025703143,Period III,2013-01-01
2017-08-22,GJR-GARCH,0.025,1.0402717245512967,1.0070321516352356,-2.005537803899036,-2.6463757025703143,Period III,2013-01-01
2017-08-23,GJR-GARCH,0.025,-0.359186052622354,1.0070321516352356,-2.005537803899036,-2.6463757025703143,Period III,2013-01-01
2017-08-24,GJR-GARCH,0.025,-0.23334042390436718,1.0070321516352356,-2.005537803899036,-2.6463757025703143,Period III,2013-01-01
2017-08-25,GJR-GARCH,0.025,0.23334042390438092,1.0070321516352356,-2.005537803899036,-2.6463757025703143,Period III,2013-01-01
2017-08-28,GJR-GARCH,0.025,0.0040928855422689685,1.0070321516352356,-2.005537803899036,-2.6463757025703143,Period III,2013-01-01
2017-08-29,GJR-GARCH,0.025,0.11442066207465451,1.0070321516352356,-2.005537803899036,-2.6463757025703143,Period III,2013-01-01
2017-08-30,GJR-GARCH,0.025,0.4726360107737079,1.0070321516352356,-2.005537803899036,-2.6463757025703143,Period III,2013-01-01
2017-08-31,GJR-GARCH,0.025,0.5998036163940785,1.0070321516352356,-2.005537803899036,-2.6463757025703143,Period III,2013-01-01
2017-09-01,GJR-GARCH,0.025,0.14131625448807666,1.0070321516352356,-2.005537803899036,-2.6463757025703143,Period III,2013-01-01
2017-09-05,GJR-GARCH,0.025,-0.7207963182428161,1.0070321516352356,-2.005537803899036,-2.6463757025703143,Period III,2013-01-01
2017-09-06,GJR-GARCH,0.025,0.3407972920508354,1.0070321516352356,-2.005537803899036,-2.6463757025703143,Period III,2013-01-01
2017-09-07,GJR-GARCH,0.025,-0.012150912368609306,1.0070321516352356,-2.005537803899036,-2.6463757025703143,Period III,2013-01-01
2017-09-08,GJR-GARCH,0.025,-0.11753706406389999,1.0070321516352356,-2.005537803899036,-2.6463757025703143,Period III,2013-01-01
2017-09-11,GJR-GARCH,0.025,1.0609449593480138,0.28358379650769583,-1.0642252679817155,-1.4065675677430904,Period III,2013-01-01
2017-09-12,GJR-GARCH,0.025,0.33649686098124415,0.28358379650769583,-1.0642252679817155,-1.4065675677430904,Period III,2013-01-01
2017-09-13,GJR-GARCH,0.025,0.047976937825897556,0.28358379650769583,-1.0642252679817155,-1.4065675677430904,Period III,2013-01-01
2017-09-14,GJR-GARCH,0.025,-0.03198410131337737,0.28358379650769583,-1.0642252679817155,-1.4065675677430904,Period III,2013-01-01
2017-09-15,GJR-GARCH,0.025,-0.36051709400428367,0.28358379650769583,-1.0642252679817155,-1.4065675677430904,Period III,2013-01-01
2017-09-18,GJR-GARCH,0.025,0.21246275872453704,0.28358379650769583,-1.0642252679817155,-1.4065675677430904,Period III,2013-01-01
2017-09-19,GJR-GARCH,0.025,0.10006204632380786,0.28358379650769583,-1.0642252679817155,-1.4065675677430904,Period III,2013-01-01
2017-09-20,GJR-GARCH,0.025,0.035996375850295956,0.28358379650769583,-1.0642252679817155,-1.4065675677430904,Period III,2013-01-01
2017-09-21,GJR-GARCH,0.025,-0.2682945539843174,0.28358379650769583,-1.0642252679817155,-1.4065675677430904,Period III,2013-01-01
2017-09-22,GJR-GARCH,0.025,0.02004813332869188,0.28358379650769583,-1.0642252679817155,-1.4065675677430904,Period III,2013-01-01
2017-09-25,GJR-GARCH,0.025,-0.20467120760038973,0.28358379650769583,-1.0642252679817155,-1.4065675677430904,Period III,2013-01-01
2017-09-26,GJR-GARCH,0.025,0.060243433451111106,0.28358379650769583,-1.0642252679817155,-1.4065675677430904,Period III,2013-01-01
2017-09-27,GJR-GARCH,0.025,0.38867727139802655,0.28358379650769583,-1.0642252679817155,-1.4065675677430904,Period III,2013-01-01
2017-09-28,GJR-GARCH,0.025,0.11990530863811022,0.28358379650769583,-1.0642252679817155,-1.4065675677430904,Period III,2013-01-01
2017-09-29,GJR-GARCH,0.025,0.3508874052771569,0.28358379650769583,-1.0642252679817155,-1.4065675677430904,Period III,2013-01-01
2017-10-02,GJR-GARCH,0.025,0.43293150335718944,0.28358379650769583,-1.0642252679817155,-1.4065675677430904,Period III,2013-01-01
2017-10-03,GJR-GARCH,0.025,0.21378260553165726,0.28358379650769583,-1.0642252679817155,-1.4065675677430904,Period III,2013-01-01
2017-10-04,GJR-GARCH,0.025,0.11857360751527833,0.28358379650769583,-1.0642252679817155,-1.4065675677430904,Period III,2013-01-01
2017-10-05,GJR-GARCH,0.025,0.59076221529796,0.28358379650769583,-1.0642252679817155,-1.4065675677430904,Period III,2013-01-01
2017-10-06,GJR-GARCH,0.025,-0.11394557373643072,0.28358379650769583,-1.0642252679817155,-1.4065675677430904,Period III,2013-01-01
2017-10-09,GJR-GARCH,0.025,-0.16524955582182807,0.15933439895010243,-0.797524597040858,-1.0605188101433884,Period III,2013-01-01
2017-10-10,GJR-GARCH,0.025,0.2634833226543812,0.15933439895010243,-0.797524597040858,-1.0605188101433884,Period III,2013-01-01
2017-10-11,GJR-GARCH,0.025,0.15697717521929855,0.15933439895010243,-0.797524597040858,-1.0605188101433884,Period III,2013-01-01
2017-10-12,GJR-GARCH,0.025,-0.14912096319125537,0.15933439895010243,-0.797524597040858,-1.0605188101433884,Period III,2013-01-01
2017-10-13,GJR-GARCH,0.025,0.12166549542219028,0.15933439895010243,-0.797524597040858,-1.0605188101433884,Period III,2013-01-01
2017-10-16,GJR-GARCH,0.025,0.13326920457795463,0.15933439895010243,-0.797524597040858,-1.0605188101433884,Period III,2013-01-01
2017-10-17,GJR-GARCH,0.025,0.07048631214624704,0.15933439895010243,-0.797524597040858,-1.0605188101433884,Period III,2013-01-01
2017-10-18,GJR-GARCH,0.025,0.09781099737367754,0.15933439895010243,-0.797524597040858,-1.0605188101433884,Period III,2013-01-01
2017-10-19,GJR-GARCH,0.025,0.02736684194568484,0.15933439895010243,-0.797524597040858,-1.0605188101433884,Period III,2013-01-01
2017-10-20,GJR-GARCH,0.025,0.5147182821886276,0.15933439895010243,-0.797524597040858,-1.0605188101433884,Period III,2013-01-01
2017-10-23,GJR-GARCH,0.025,-0.3896969419021379,0.15933439895010243,-0.797524597040858,-1.0605188101433884,Period III,2013-01-01
2017-10-24,GJR-GARCH,0.025,0.17555633745319232,0.15933439895010243,-0.797524597040858,-1.0605188101433884,Period III,2013-01-01
2017-10-25,GJR-GARCH,0.025,-0.4962418292052873,0.15933439895010243,-0.797524597040858,-1.0605188101433884,Period III,2013-01-01
2017-10-26,GJR-GARCH,0.025,0.12918200248079084,0.15933439895010243,-0.797524597040858,-1.0605188101433884,Period III,2013-01-01
2017-10-27,GJR-GARCH,0.025,0.8142940958378798,0.15933439895010243,-0.797524597040858,-1.0605188101433884,Period III,2013-01-01
2017-10-30,GJR-GARCH,0.025,-0.37320397514387565,0.15933439895010243,-0.797524597040858,-1.0605188101433884,Period III,2013-01-01
2017-10-31,GJR-GARCH,0.025,0.15566996770224462,0.15933439895010243,-0.797524597040858,-1.0605188101433884,Period III,2013-01-01
2017-11-01,GJR-GARCH,0.025,0.13212979863173313,0.15933439895010243,-0.797524597040858,-1.0605188101433884,Period III,2013-01-01
2017-11-02,GJR-GARCH,0.025,0.03883129120887515,0.15933439895010243,-0.797524597040858,-1.0605188101433884,Period III,2013-01-01
2017-11-03,GJR-GARCH,0.025,0.33331394896447597,0.15933439895010243,-0.797524597040858,-1.0605188101433884,Period III,2013-01-01
2017-11-06,GJR-GARCH,0.025,0.15464680535225,0.1823491743279504,-0.8527728090492405,-1.1421465740969852,Period III,2013-01-01
2017-11-07,GJR-GARCH,0.025,-0.06955969865738221,0.1823491743279504,-0.8527728090492405,-1.1421465740969852,Period III,2013-01-01
2017-11-08,GJR-GARCH,0.025,0.16994554859494032,0.1823491743279504,-0.8527728090492405,-1.1421465740969852,Period III,2013-01-01
2017-11-09,GJR-GARCH,0.025,-0.3634290754126552,0.1823491743279504,-0.8527728090492405,-1.1421465740969852,Period III,2013-01-01
2017-11-10,GJR-GARCH,0.025,-0.030998756041870038,0.1823491743279504,-0.8527728090492405,-1.1421465740969852,Period III,2013-01-01
2017-11-13,GJR-GARCH,0.025,0.09294382850910488,0.1823491743279504,-0.8527728090492405,-1.1421465740969852,Period III,2013-01-01
2017-11-14,GJR-GARCH,0.025,-0.2325217451833892,0.1823491743279504,-0.8527728090492405,-1.1421465740969852,Period III,2013-01-01
2017-11-15,GJR-GARCH,0.025,-0.5017839305914511,0.1823491743279504,-0.8527728090492405,-1.1421465740969852,Period III,2013-01-01
2017-11-16,GJR-GARCH,0.025,0.8465055348010225,0.1823491743279504,-0.8527728090492405,-1.1421465740969852,Period III,2013-01-01
2017-11-17,GJR-GARCH,0.025,-0.2943038812472192,0.1823491743279504,-0.8527728090492405,-1.1421465740969852,Period III,2013-01-01
2017-11-20,GJR-GARCH,0.025,0.1704907667696995,0.1823491743279504,-0.8527728090492405,-1.1421465740969852,Period III,2013-01-01
2017-11-21,GJR-GARCH,0.025,0.652147833318907,0.1823491743279504,-0.8527728090492405,-1.1421465740969852,Period III,2013-01-01
2017-11-22,GJR-GARCH,0.025,-0.08849657864718609,0.1823491743279504,-0.8527728090492405,-1.1421465740969852,Period III,2013-01-01
2017-11-24,GJR-GARCH,0.025,0.2307067052553484,0.1823491743279504,-0.8527728090492405,-1.1421465740969852,Period III,2013-01-01
2017-11-27,GJR-GARCH,0.025,-0.049933486563042716,0.1823491743279504,-0.8527728090492405,-1.1421465740969852,Period III,2013-01-01
2017-11-28,GJR-GARCH,0.025,1.0093697243671753,0.1823491743279504,-0.8527728090492405,-1.1421465740969852,Period III,2013-01-01
2017-11-29,GJR-GARCH,0.025,-0.0608865143803894,0.1823491743279504,-0.8527728090492405,-1.1421465740969852,Period III,2013-01-01
2017-11-30,GJR-GARCH,0.025,0.871686829714373,0.1823491743279504,-0.8527728090492405,-1.1421465740969852,Period III,2013-01-01
2017-12-01,GJR-GARCH,0.025,-0.20776191554762394,0.1823491743279504,-0.8527728090492405,-1.1421465740969852,Period III,2013-01-01
2017-12-04,GJR-GARCH,0.025,-0.12106577450937815,0.1823491743279504,-0.8527728090492405,-1.1421465740969852,Period III,2013-01-01
2017-12-05,GJR-GARCH,0.025,-0.36031069881391525,0.16855998039973877,-0.8197714661790639,-1.0998967425071842,Period III,2013-01-01
2017-12-06,GJR-GARCH,0.025,0.01899124055029588,0.16855998039973877,-0.8197714661790639,-1.0998967425071842,Period III,2013-01-01
2017-12-07,GJR-GARCH,0.025,0.31481207607982853,0.16855998039973877,-0.8197714661790639,-1.0998967425071842,Period III,2013-01-01
2017-12-08,GJR-GARCH,0.025,0.5438294285834409,0.16855998039973877,-0.8197714661790639,-1.0998967425071842,Period III,2013-01-01
2017-12-11,GJR-GARCH,0.025,0.30084930440527813,0.16855998039973877,-0.8197714661790639,-1.0998967425071842,Period III,2013-01-01
2017-12-12,GJR-GARCH,0.025,0.17633095564034157,0.16855998039973877,-0.8197714661790639,-1.0998967425071842,Period III,2013-01-01
2017-12-13,GJR-GARCH,0.025,-0.011245395534321218,0.16855998039973877,-0.8197714661790639,-1.0998967425071842,Period III,2013-01-01
2017-12-14,GJR-GARCH,0.025,-0.4094580692557239,0.16855998039973877,-0.8197714661790639,-1.0998967425071842,Period III,2013-01-01
2017-12-15,GJR-GARCH,0.025,0.31944935073848557,0.16855998039973877,-0.8197714661790639,-1.0998967425071842,Period III,2013-01-01
2017-12-18,GJR-GARCH,0.025,0.6321213365544615,0.16855998039973877,-0.8197714661790639,-1.0998967425071842,Period III,2013-01-01
2017-12-19,GJR-GARCH,0.025,-0.3847806193067688,0.16855998039973877,-0.8197714661790639,-1.0998967425071842,Period III,2013-01-01
2017-12-20,GJR-GARCH,0.025,-0.05242031016257336,0.16855998039973877,-0.8197714661790639,-1.0998967425071842,Period III,2013-01-01
2016-12-21,Original GARCHNet,0.025,-0.2786518496201791,0.6267353296279907,-1.563783386178156,-1.905111141510166,Period III,2013-01-01
2016-12-22,Original GARCHNet,0.025,-0.17289126848319208,0.6301674842834473,-1.5680583297993587,-1.910315205103448,Period III,2013-01-01
2016-12-23,Original GARCHNet,0.025,0.14631310002082348,0.6322481632232666,-1.5706412406883117,-1.9134479080070828,Period III,2013-01-01
2016-12-27,Original GARCHNet,0.025,0.24779761561614494,0.6303697228431702,-1.5683083966290634,-1.9106140002719472,Period III,2013-01-01
2016-12-28,Original GARCHNet,0.025,-0.8298848896098834,0.6276887059211731,-1.5649720391383264,-1.9065581257341722,Period III,2013-01-01
2016-12-29,Original GARCHNet,0.025,-0.02227868219520829,0.6371463537216187,-1.5767065594578087,-1.9208101679271077,Period III,2013-01-01
2016-12-30,Original GARCHNet,0.025,-0.36617318546013605,0.6363406777381897,-1.5757089984158794,-1.9195934917230641,Period III,2013-01-01
2017-01-03,Original GARCHNet,0.025,0.7620897001746235,0.6390781998634338,-1.5790904806427668,-1.923696848821573,Period III,2013-01-01
2017-01-04,Original GARCHNet,0.025,0.5931566752148794,0.6292948722839355,-1.5669698813217117,-1.9089799892458168,Period III,2013-01-01
2017-01-05,Original GARCHNet,0.025,-0.07947721565786298,0.6229791641235352,-1.5590923586237144,-1.8994041093224865,Period III,2013-01-01
2017-01-06,Original GARCHNet,0.025,0.35714101420465494,0.6245326995849609,-1.561037596547884,-1.9017834283046537,Period III,2013-01-01
2017-01-09,Original GARCHNet,0.025,-0.3306370979156274,0.6222531199455261,-1.5581854347110111,-1.8983063210060396,Period III,2013-01-01
2017-01-10,Original GARCHNet,0.025,0.0,0.6272704601287842,-1.5644539315770936,-1.9059398264759877,Period III,2013-01-01
2017-01-11,Original GARCHNet,0.025,0.28221174544804994,0.628277063369751,-1.5657064302908639,-1.9074570505021233,Period III,2013-01-01
2017-01-12,Original GARCHNet,0.025,-0.2513094892667004,0.6259638071060181,-1.5628223245753892,-1.9039470326118269,Period III,2013-01-01
2017-01-13,Original GARCHNet,0.025,0.22928898901267697,0.6294625401496887,-1.5671820593382269,-1.909251644703148,Period III,2013-01-01
2017-01-17,Original GARCHNet,0.025,-0.3529688404831017,0.6274642944335938,-1.5646929559489713,-1.9062207916392784,Period III,2013-01-01
2017-01-18,Original GARCHNet,0.025,0.220750641521052,0.6318132877349854,-1.5701019619772971,-1.9127946624589642,Period III,2013-01-01
2017-01-19,Original GARCHNet,0.025,-0.371138291563596,0.6293395757675171,-1.5670273502626768,-1.9090569374222832,Period III,2013-01-01
2017-01-20,Original GARCHNet,0.025,0.36673047365514516,0.6335052847862244,-1.5722000368667997,-1.9153396222938317,Period III,2013-01-01
2017-01-23,Original GARCHNet,0.025,-0.2605541881103168,0.6139089465141296,-1.5477588222572123,-1.8858181605907782,Period III,2013-01-01
2017-01-24,Original GARCHNet,0.025,0.6391260133969621,0.6178255081176758,-1.5526822645982776,-1.891794611177887,Period III,2013-01-01
2017-01-25,Original GARCHNet,0.025,0.8618296722527514,0.6083423495292664,-1.5407318546608901,-1.8772798895927265,Period III,2013-01-01
2017-01-26,Original GARCHNet,0.025,-0.10460035313087782,0.5991657376289368,-1.5290592057408652,-1.8630275787024522,Period III,2013-01-01
2017-01-27,Original GARCHNet,0.025,-0.15710263233611213,0.6016041040420532,-1.5321763683797662,-1.8668600344397688,Period III,2013-01-01
2017-01-30,Original GARCHNet,0.025,-0.6220988062862284,0.6060551404953003,-1.537835563571751,-1.8737617308142513,Period III,2013-01-01
2017-01-31,Original GARCHNet,0.025,-0.00879154100085011,0.6172363758087158,-1.5519433894253616,-1.8909004461670265,Period III,2013-01-01
2017-02-01,Original GARCHNet,0.025,0.039545793813170554,0.6179035305976868,-1.5527795549060364,-1.8919102863229522,Period III,2013-01-01
2017-02-02,Original GARCHNet,0.025,0.06588162274107837,0.6173195838928223,-1.552046370282104,-1.8910197014926036,Period III,2013-01-01
2017-02-03,Original GARCHNet,0.025,0.6869236012564833,0.6161649823188782,-1.5505963274775787,-1.8892608915062779,Period III,2013-01-01
2017-02-06,Original GARCHNet,0.025,-0.1789354665738825,0.6063449382781982,-1.5381995894150686,-1.8741914577565435,Period III,2013-01-01
2017-02-07,Original GARCHNet,0.025,0.004372317790355026,0.6095030307769775,-1.542203225497972,-1.8790813163886653,Period III,2013-01-01
2017-02-08,Original GARCHNet,0.025,0.13095424917520315,0.6105757355690002,-1.5435577044913698,-1.8807238568471947,Period III,2013-01-01
2017-02-09,Original GARCHNet,0.025,0.5915120656897009,0.6096155047416687,-1.542344716045688,-1.8792506575194308,Period III,2013-01-01
2017-02-10,Original GARCHNet,0.025,0.3938411107139749,0.6030820608139038,-1.5340552979647495,-1.8691418789363048,Period III,2013-01-01
2017-02-13,Original GARCHNet,0.025,0.5427814518752642,0.6000068187713623,-1.5301372266324194,-1.8643609321323003,Period III,2013-01-01
2017-02-14,Original GARCHNet,0.025,0.39873685575423923,0.5967791080474854,-1.526011360673507,-1.8593159933989454,Period III,2013-01-01
2017-02-15,Original GARCHNet,0.025,0.5206794373572733,0.5953965187072754,-1.5242420607294356,-1.857158028646463,Period III,2013-01-01
2017-02-16,Original GARCHNet,0.025,-0.0851703264593723,0.5934965014457703,-1.521805523284309,-1.8541796251583267,Period III,2013-01-01
2017-02-17,Original GARCHNet,0.025,0.15750843771027803,0.5971903204917908,-1.5265417441610174,-1.8599803225917464,Period III,2013-01-01
2017-02-21,Original GARCHNet,0.025,0.5937542995365429,0.5857738256454468,-1.5119331790470374,-1.8423853546702842,Period III,2013-01-01
2017-02-22,Original GARCHNet,0.025,-0.0888409695124651,0.581584095954895,-1.5065107850889543,-1.835756086696502,Period III,2013-01-01
2017-02-23,Original GARCHNet,0.025,0.06769490091659686,0.5861092805862427,-1.5123662786375016,-1.8429140443232237,Period III,2013-01-01
2017-02-24,Original GARCHNet,0.025,0.12680294472507694,0.589455783367157,-1.5166787495224425,-1.8481730735853685,Period III,2013-01-01
2017-02-27,Original GARCHNet,0.025,0.15616553239042483,0.5908552408218384,-1.5184777424074087,-1.8503639114987223,Period III,2013-01-01
2017-02-28,Original GARCHNet,0.025,-0.27028158992564316,0.5914290547370911,-1.5192146157040378,-1.851260730455422,Period III,2013-01-01
2017-03-01,Original GARCHNet,0.025,1.3900476034819913,0.5994542241096497,-1.5294836826038727,-1.8637611824824065,Period III,2013-01-01
2017-03-02,Original GARCHNet,0.025,-0.6317328810846006,0.5815730094909668,-1.50649006184198,-1.8357064039160964,Period III,2013-01-01
2017-03-03,Original GARCHNet,0.025,0.06293142321694911,0.5928958654403687,-1.5210997041246936,-1.8535668304822743,Period III,2013-01-01
2017-03-06,Original GARCHNet,0.025,-0.29823450487956105,0.595421552658081,-1.524333109697602,-1.8574953245522594,Period III,2013-01-01
2017-03-07,Original GARCHNet,0.025,-0.2991330425974492,0.6049697995185852,-1.5364948413429085,-1.8722696754697932,Period III,2013-01-01
2017-03-08,Original GARCHNet,0.025,-0.18582759113619426,0.6137593984603882,-1.5475999935415152,-1.8857385276685625,Period III,2013-01-01
2017-03-09,Original GARCHNet,0.025,0.126738664642497,0.619529128074646,-1.554846118905153,-1.8945254050947125,Period III,2013-01-01
2017-03-10,Original GARCHNet,0.025,0.34980620464540757,0.6182007789611816,-1.5531805519315338,-1.8925044891160463,Period III,2013-01-01
2017-03-13,Original GARCHNet,0.025,0.050471133432059306,0.6121042370796204,-1.5455140993511196,-1.8832055790177833,Period III,2013-01-01
2017-03-14,Original GARCHNet,0.025,-0.3833939850330953,0.6118977665901184,-1.545254521325294,-1.882893522084158,Period III,2013-01-01
2017-03-15,Original GARCHNet,0.025,0.8616226851996198,0.6212056279182434,-1.5569466659639022,-1.897077921237896,Period III,2013-01-01
2017-03-16,Original GARCHNet,0.025,-0.19688807982030052,0.6049494743347168,-1.53646736025934,-1.872229778779155,Period III,2013-01-01
2017-03-17,Original GARCHNet,0.025,-0.6098721201673768,0.6099323034286499,-1.542774852479643,-1.879887645729263,Period III,2013-01-01
2017-03-20,Original GARCHNet,0.025,-0.10974864130761401,0.6237462759017944,-1.5601229362234554,-1.9009314661694208,Period III,2013-01-01
2017-03-21,Original GARCHNet,0.025,-1.2922639108276666,0.6074108481407166,-1.5396216990585359,-1.8761954688068085,Period III,2013-01-01
2017-03-22,Original GARCHNet,0.025,0.23503912797317797,0.6518961787223816,-1.5949187825770077,-1.9432512602682357,Period III,2013-01-01
2017-03-23,Original GARCHNet,0.025,-0.10676689588160469,0.6469324231147766,-1.5888410130515591,-1.93586892307646,Period III,2013-01-01
2017-03-24,Original GARCHNet,0.025,-0.07266587302462943,0.6501436829566956,-1.59277375221323,-1.940638620091702,Period III,2013-01-01
2017-03-27,Original GARCHNet,0.025,-0.10268054951853856,0.6527577042579651,-1.5959677080580297,-1.9445115553618408,Period III,2013-01-01
2017-03-28,Original GARCHNet,0.025,0.725047829387214,0.6563538908958435,-1.6003511610987213,-1.949826344547695,Period III,2013-01-01
2017-03-29,Original GARCHNet,0.025,0.09344007884925203,0.6310219168663025,-1.5692122743899215,-1.9120706120728541,Period III,2013-01-01
2017-03-30,Original GARCHNet,0.025,0.31791138885483344,0.6421034336090088,-1.5829104930442435,-1.9286833071307756,Period III,2013-01-01
2017-03-31,Original GARCHNet,0.025,-0.2330309697588091,0.6209980249404907,-1.5567199918416617,-1.8969302963042267,Period III,2013-01-01
2017-04-03,Original GARCHNet,0.025,-0.17407339005489855,0.6263733506202698,-1.5634333960421805,-1.9050743226645719,Period III,2013-01-01
2017-04-04,Original GARCHNet,0.025,0.06371738167705392,0.6268525123596191,-1.5640300866807921,-1.9057968312812703,Period III,2013-01-01
2017-04-05,Original GARCHNet,0.025,-0.2977065765407665,0.6210508942604065,-1.5567859596572389,-1.8970095397464757,Period III,2013-01-01
2017-04-06,Original GARCHNet,0.025,0.280721404373758,0.6273998618125916,-1.564711490496119,-1.9066222209433248,Period III,2013-01-01
2017-04-07,Original GARCHNet,0.025,-0.10199112454537344,0.6208029389381409,-1.5564750778430827,-1.896630423635117,Period III,2013-01-01
2017-04-10,Original GARCHNet,0.025,0.05950584255413305,0.6270098686218262,-1.5642255229968416,-1.906031683193776,Period III,2013-01-01
2017-04-11,Original GARCHNet,0.025,-0.1190471156455239,0.6249784827232361,-1.561693405352137,-1.9029609442722444,Period III,2013-01-01
2017-04-12,Original GARCHNet,0.025,-0.43914832660768754,0.6228511929512024,-1.5590375770110854,-1.8997411359030556,Period III,2013-01-01
2017-04-13,Original GARCHNet,0.025,-0.6516095822653079,0.6463863253593445,-1.5881733511545895,-1.9350672276018075,Period III,2013-01-01
2017-04-17,Original GARCHNet,0.025,0.8820870798886493,0.661780834197998,-1.606944225447669,-1.9578230732231785,Period III,2013-01-01
2017-04-18,Original GARCHNet,0.025,-0.2988697482894407,0.627387523651123,-1.564693499108906,-1.9065902987990202,Period III,2013-01-01
2017-04-19,Original GARCHNet,0.025,-0.18402893127950093,0.6643955111503601,-1.610154496209726,-1.9618833896032741,Period III,2013-01-01
2017-04-20,Original GARCHNet,0.025,0.8106166241988226,0.5842449069023132,-1.5100672699622897,-1.840529060985558,Period III,2013-01-01
2017-04-21,Original GARCHNet,0.025,-0.319196752061056,0.5673548579216003,-1.48810600499923,-1.8138629077560022,Period III,2013-01-01
2017-04-24,Original GARCHNet,0.025,1.0937881902130022,0.571077823638916,-1.492979741476955,-1.8198007096667845,Period III,2013-01-01
2017-04-25,Original GARCHNet,0.025,0.5801768898692425,0.5427674651145935,-1.4555214174865867,-1.7742127708457827,Period III,2013-01-01
2017-04-26,Original GARCHNet,0.025,-0.06290351658648945,0.5317842364311218,-1.4407256455056343,-1.7562012324739664,Period III,2013-01-01
2017-04-27,Original GARCHNet,0.025,0.08386256551509146,0.54678875207901,-1.460906517488795,-1.7807892078195227,Period III,2013-01-01
2017-04-28,Original GARCHNet,0.025,-0.2181775908701382,0.5478616952896118,-1.4623385477967132,-1.7825324497231843,Period III,2013-01-01
2017-05-01,Original GARCHNet,0.025,0.2516952631878662,0.566584050655365,-1.4870997738554643,-1.8126556193184677,Period III,2013-01-01
2017-05-02,Original GARCHNet,0.025,0.03770514119653767,0.5487731695175171,-1.4635532208424387,-1.7840082120800813,Period III,2013-01-01
2017-05-03,Original GARCHNet,0.025,-0.12153319250617428,0.5425392389297485,-1.455225225230586,-1.773889756359172,Period III,2013-01-01
2017-05-04,Original GARCHNet,0.025,0.11734088389643792,0.5459049940109253,-1.4597308170047822,-1.7793768641421115,Period III,2013-01-01
2017-05-05,Original GARCHNet,0.025,0.3929288415371179,0.5380531549453735,-1.4491960504156345,-1.7665391981074887,Period III,2013-01-01
2017-05-08,Original GARCHNet,0.025,-0.01668611739598412,0.5367640852928162,-1.447456783382146,-1.7644104547118473,Period III,2013-01-01
2017-05-09,Original GARCHNet,0.025,-0.09183937940459314,0.5345707535743713,-1.444499905421806,-1.7608194446024756,Period III,2013-01-01
2017-05-10,Original GARCHNet,0.025,0.1794215824099324,0.5361759662628174,-1.4466676308564859,-1.763464079029921,Period III,2013-01-01
2017-05-11,Original GARCHNet,0.025,-0.20448217218897294,0.5317111611366272,-1.4406323432105201,-1.7561094643174167,Period III,2013-01-01
2017-05-12,Original GARCHNet,0.025,-0.1672419299264369,0.5295050144195557,-1.437646352329277,-1.7524920255092362,Period III,2013-01-01
2017-05-15,Original GARCHNet,0.025,0.5508306898499835,0.5271830558776855,-1.434494620707926,-1.748665039771904,Period III,2013-01-01
2017-05-16,Original GARCHNet,0.025,-0.0915946683242044,0.5278070569038391,-1.4353350963153457,-1.7496577556385968,Period III,2013-01-01
2017-05-17,Original GARCHNet,0.025,-1.7903375551923166,0.48047369718551636,-1.369760617764061,-1.6708759255745167,Period III,2013-01-01
2017-05-18,Original GARCHNet,0.025,0.4020390632640581,0.5042956471443176,-1.4031892454482122,-1.7111973214885245,Period III,2013-01-01
2017-05-19,Original GARCHNet,0.025,0.6483113050925737,0.5115851759910583,-1.4132521342204303,-1.723305246964922,Period III,2013-01-01
2017-05-22,Original GARCHNet,0.025,0.5064601618306679,0.4987103044986725,-1.395397936276935,-1.7016991188289776,Period III,2013-01-01
2017-05-23,Original GARCHNet,0.025,0.2210309181044507,0.5068279504776001,-1.4066664721802589,-1.715277062688996,Period III,2013-01-01
2017-05-24,Original GARCHNet,0.025,0.23301202833640117,0.5164401531219482,-1.4199177291040774,-1.7313381785119757,Period III,2013-01-01
2017-05-25,Original GARCHNet,0.025,0.4768107829548058,0.5087407827377319,-1.409315527824495,-1.7184959971167308,Period III,2013-01-01
2017-05-26,Original GARCHNet,0.025,-0.020678756911771005,0.5027742385864258,-1.4010504504881283,-1.7085091874767409,Period III,2013-01-01
2017-05-30,Original GARCHNet,0.025,-0.08692151411252483,0.4975222945213318,-1.3937451288120128,-1.6997232233818105,Period III,2013-01-01
2017-05-31,Original GARCHNet,0.025,-0.02484679612337303,0.5034894943237305,-1.4020498017434104,-1.7097399840625462,Period III,2013-01-01
2017-06-01,Original GARCHNet,0.025,0.7920825887608272,0.5046319961547852,-1.4036342655857992,-1.7116512863291637,Period III,2013-01-01
2017-06-02,Original GARCHNet,0.025,0.3322865488960124,0.49205282330513,-1.3860873341119988,-1.690479128652123,Period III,2013-01-01
2017-06-05,Original GARCHNet,0.025,-0.07374331472786078,0.4890954792499542,-1.3819340576388022,-1.685485177003876,Period III,2013-01-01
2017-06-06,Original GARCHNet,0.025,-0.32019680877317014,0.49723318219184875,-1.393342338757148,-1.6992406548629098,Period III,2013-01-01
2017-06-07,Original GARCHNet,0.025,0.18485306828973203,0.5005884766578674,-1.3980220162023158,-1.704895218448624,Period III,2013-01-01
2017-06-08,Original GARCHNet,0.025,0.04923482644446555,0.49631649255752563,-1.392062968959592,-1.697702155455165,Period III,2013-01-01
2017-06-09,Original GARCHNet,0.025,-0.15188948314465667,0.49851924180984497,-1.3951367437523572,-1.701404423339784,Period III,2013-01-01
2017-06-12,Original GARCHNet,0.025,-0.020544836984530822,0.4957549571990967,-1.3912802132426174,-1.6967668350626597,Period III,2013-01-01
2017-06-13,Original GARCHNet,0.025,0.4877968445439268,0.49300527572631836,-1.3874309576058763,-1.6921285883288075,Period III,2013-01-01
2017-06-14,Original GARCHNet,0.025,-0.12684285469737472,0.49509015679359436,-1.390345054890723,-1.6956185555550034,Period III,2013-01-01
2017-06-15,Original GARCHNet,0.025,-0.1926195596875313,0.4423069953918457,-1.3145443742571181,-1.6047512195714297,Period III,2013-01-01
2017-06-16,Original GARCHNet,0.025,-0.4646314455727953,0.4189874827861786,-1.2795875483744634,-1.562732578885715,Period III,2013-01-01
2017-06-19,Original GARCHNet,0.025,0.8290645722063341,0.43244361877441406,-1.2998788667281505,-1.5871415754151765,Period III,2013-01-01
2017-06-20,Original GARCHNet,0.025,-0.6766934434419228,0.4291311502456665,-1.2949078326653531,-1.5811393441395096,Period III,2013-01-01
2017-06-21,Original GARCHNet,0.025,-0.024692386185517282,0.447088360786438,-1.321597169512268,-1.6132297491430325,Period III,2013-01-01
2017-06-22,Original GARCHNet,0.025,-0.04528731087584111,0.4524078071117401,-1.3293973453530041,-1.6225984474238273,Period III,2013-01-01
2017-06-23,Original GARCHNet,0.025,0.11935246151813209,0.45805424451828003,-1.3376287956464814,-1.6324925042860277,Period III,2013-01-01
2017-06-26,Original GARCHNet,0.025,0.06578200308041038,0.4660743176937103,-1.3492363024207277,-1.646454606053701,Period III,2013-01-01
2017-06-27,Original GARCHNet,0.025,-0.8088820773010476,0.4641624093055725,-1.3464780313799463,-1.6431356866990143,Period III,2013-01-01
2017-06-28,Original GARCHNet,0.025,0.8910597422785591,0.4777172803878784,-1.3659234929198996,-1.6665768707137056,Period III,2013-01-01
2017-06-29,Original GARCHNet,0.025,-0.8827709082089772,0.464064359664917,-1.346331480722757,-1.6429398509461437,Period III,2013-01-01
2017-06-30,Original GARCHNet,0.025,0.18627634061266213,0.5156795382499695,-1.4190290613530672,-1.730866408152638,Period III,2013-01-01
2017-07-03,Original GARCHNet,0.025,0.16941953757414918,0.5379613637924194,-1.449299946230253,-1.7675476094536156,Period III,2013-01-01
2017-07-05,Original GARCHNet,0.025,0.23093644883827985,0.5245016813278198,-1.431085494066346,-1.7454541211418768,Period III,2013-01-01
2017-07-06,Original GARCHNet,0.025,-0.9186529833769774,0.4944392442703247,-1.3895427546901842,-1.6950764850741076,Period III,2013-01-01
2017-07-07,Original GARCHNet,0.025,0.6464190025662,0.5480124354362488,-1.4627554007537509,-1.783876108276439,Period III,2013-01-01
2017-07-10,Original GARCHNet,0.025,0.10732931559087028,0.527820348739624,-1.4355950937784814,-1.7509126924495082,Period III,2013-01-01
2017-07-11,Original GARCHNet,0.025,-0.07429118580426038,0.5119684934616089,-1.4139144693557268,-1.724630162373976,Period III,2013-01-01
2017-07-12,Original GARCHNet,0.025,0.7486633392334205,0.5155689120292664,-1.418871094051836,-1.7306513094875986,Period III,2013-01-01
2017-07-13,Original GARCHNet,0.025,0.16788639705180453,0.5310885906219482,-1.4400275168330567,-1.7562980671106634,Period III,2013-01-01
2017-07-14,Original GARCHNet,0.025,0.4653257098670055,0.5479614734649658,-1.462712245643682,-1.7839201696544222,Period III,2013-01-01
2017-07-17,Original GARCHNet,0.025,-0.012217222732245696,0.5014424920082092,-1.3993599712295186,-1.7070955256036606,Period III,2013-01-01
2017-07-18,Original GARCHNet,0.025,0.052934662840060424,0.4717068076133728,-1.357351173235263,-1.6563045626889459,Period III,2013-01-01
2017-07-19,Original GARCHNet,0.025,0.5399391200699996,0.5278971195220947,-1.4357376618674247,-1.751235275677742,Period III,2013-01-01
2017-07-20,Original GARCHNet,0.025,0.0445265476278358,0.4615129232406616,-1.3426589989076685,-1.6385907059848015,Period III,2013-01-01
2017-07-21,Original GARCHNet,0.025,-0.08907293022224441,0.4576243758201599,-1.3370180234065956,-1.6318141208793517,Period III,2013-01-01
2017-07-24,Original GARCHNet,0.025,-0.024305269356146516,0.4564954340457916,-1.335377439828492,-1.6298496817388568,Period III,2013-01-01
2017-07-25,Original GARCHNet,0.025,0.24279343347230284,0.45939838886260986,-1.339598882250347,-1.6349319296917828,Period III,2013-01-01
2017-07-26,Original GARCHNet,0.025,0.004039408718685109,0.4551447927951813,-1.3334068023161627,-1.6274694069378468,Period III,2013-01-01
2017-07-27,Original GARCHNet,0.025,-0.09299708830424845,0.4348728358745575,-1.3035171035397246,-1.5915536008838764,Period III,2013-01-01
2017-07-28,Original GARCHNet,0.025,-0.11738006479158243,0.4554695785045624,-1.333883256472654,-1.6280540378945423,Period III,2013-01-01
2017-07-31,Original GARCHNet,0.025,-0.05671665497943276,0.437416672706604,-1.3073064335219868,-1.5961103992722396,Period III,2013-01-01
2017-08-01,Original GARCHNet,0.025,0.2226328264181252,0.44199109077453613,-1.3140903171963607,-1.604258023303144,Period III,2013-01-01
2017-08-02,Original GARCHNet,0.025,0.048506393876542674,0.44115564227104187,-1.312853068101934,-1.602768446967233,Period III,2013-01-01
2017-08-03,Original GARCHNet,0.025,-0.19417308635190522,0.44336751103401184,-1.316123583330848,-1.6066957221664322,Period III,2013-01-01
2017-08-04,Original GARCHNet,0.025,0.18204869352030434,0.4319564998149872,-1.299162031999316,-1.5863276904710626,Period III,2013-01-01
2017-08-07,Original GARCHNet,0.025,0.18575011648817466,0.4392881989479065,-1.3100854951098881,-1.5994453687651422,Period III,2013-01-01
2017-08-08,Original GARCHNet,0.025,-0.24640031174037116,0.4380081593990326,-1.3081840568793692,-1.59715829592914,Period III,2013-01-01
2017-08-09,Original GARCHNet,0.025,-0.004042185981409468,0.441600501537323,-1.3135122344414636,-1.6035628812976277,Period III,2013-01-01
2017-08-10,Original GARCHNet,0.025,-1.4215858360501283,0.45612144470214844,-1.3348332793723179,-1.6291971942292407,Period III,2013-01-01
2017-08-11,Original GARCHNet,0.025,0.1475775532283997,0.45801520347595215,-1.3377519632951065,-1.6333539787050866,Period III,2013-01-01
2017-08-14,Original GARCHNet,0.025,0.9864337216404111,0.48998233675956726,-1.3835139784514594,-1.688695506737673,Period III,2013-01-01
2017-08-15,Original GARCHNet,0.025,-0.012168656353959788,0.4482247531414032,-1.3233838497573178,-1.6158382574395362,Period III,2013-01-01
2017-08-16,Original GARCHNet,0.025,0.17428636987663798,0.45083725452423096,-1.327231080185984,-1.6205203488199227,Period III,2013-01-01
2017-08-17,Original GARCHNet,0.025,-1.5713671950320924,0.4840220510959625,-1.3750896289935344,-1.6784764513866264,Period III,2013-01-01
2017-08-18,Original GARCHNet,0.025,-0.1564387398651075,0.5989477038383484,-1.5292618187376268,-1.865131942100426,Period III,2013-01-01
2017-08-21,Original GARCHNet,0.025,0.07824682031745127,0.6211515069007874,-1.5572835891852215,-1.8990507445180909,Period III,2013-01-01
2017-08-22,Original GARCHNet,0.025,1.0402717245512967,0.6303334832191467,-1.5687284675558546,-1.9129183468369788,Period III,2013-01-01
2017-08-23,Original GARCHNet,0.025,-0.359186052622354,0.5991358757019043,-1.5294918302447678,-1.865372795870253,Period III,2013-01-01
2017-08-24,Original GARCHNet,0.025,-0.23334042390436718,0.6237859725952148,-1.5605825792708756,-1.9030739806480514,Period III,2013-01-01
2017-08-25,Original GARCHNet,0.025,0.23334042390438092,0.6329680681228638,-1.5720036156229582,-1.9169128000529483,Period III,2013-01-01
2017-08-28,Original GARCHNet,0.025,0.0040928855422689685,0.6053484082221985,-1.5373898464572517,-1.8749612693070439,Period III,2013-01-01
2017-08-29,Original GARCHNet,0.025,0.11442066207465451,0.6037800908088684,-1.5354019683696678,-1.8725560584770427,Period III,2013-01-01
2017-08-30,Original GARCHNet,0.025,0.4726360107737079,0.6431758999824524,-1.5846052643314388,-1.9321883561297144,Period III,2013-01-01
2017-08-31,Original GARCHNet,0.025,0.5998036163940785,0.6194994449615479,-1.55522347069664,-1.8965858850407558,Period III,2013-01-01
2017-09-01,Original GARCHNet,0.025,0.14131625448807666,0.5358394980430603,-1.4466388963811039,-1.765083033421499,Period III,2013-01-01
2017-09-05,Original GARCHNet,0.025,-0.7207963182428161,0.5500830411911011,-1.4656941399104042,-1.7881538043341214,Period III,2013-01-01
2017-09-06,Original GARCHNet,0.025,0.3407972920508354,0.6324345469474792,-1.571348306518824,-1.916142212683646,Period III,2013-01-01
2017-09-07,Original GARCHNet,0.025,-0.012150912368609306,0.5503315329551697,-1.4660235250380493,-1.7885492797399434,Period III,2013-01-01
2017-09-08,Original GARCHNet,0.025,-0.11753706406389999,0.5342912673950195,-1.4445605586240544,-1.76259853273087,Period III,2013-01-01
2017-09-11,Original GARCHNet,0.025,1.0609449593480138,0.3840188682079315,-1.2254778491372764,-1.498458799513593,Period III,2013-01-01
2017-09-12,Original GARCHNet,0.025,0.33649686098124415,0.3568783104419708,-1.181575989075458,-1.445579632202716,Period III,2013-01-01
2017-09-13,Original GARCHNet,0.025,0.047976937825897556,0.3698842525482178,-1.2028134335433005,-1.4711527186093585,Period III,2013-01-01
2017-09-14,Original GARCHNet,0.025,-0.03198410131337737,0.36230069398880005,-1.1904824188077923,-1.456328436848354,Period III,2013-01-01
2017-09-15,Original GARCHNet,0.025,-0.36051709400428367,0.3628488779067993,-1.1913832425598405,-1.4574325730664541,Period III,2013-01-01
2017-09-18,Original GARCHNet,0.025,0.21246275872453704,0.3375496566295624,-1.1493209965133038,-1.4068889412478522,Period III,2013-01-01
2017-09-19,Original GARCHNet,0.025,0.10006204632380786,0.3327043056488037,-1.141086032037725,-1.3969894606848856,Period III,2013-01-01
2017-09-20,Original GARCHNet,0.025,0.035996375850295956,0.33350977301597595,-1.1424581607785096,-1.39863497224983,Period III,2013-01-01
2017-09-21,Original GARCHNet,0.025,-0.2682945539843174,0.35078611969947815,-1.1715112014636624,-1.4335275301723271,Period III,2013-01-01
2017-09-22,Original GARCHNet,0.025,0.02004813332869188,0.35144364833831787,-1.172605374740093,-1.4348529751152599,Period III,2013-01-01
2017-09-25,Original GARCHNet,0.025,-0.20467120760038973,0.3492518365383148,-1.1689624988656844,-1.4304748973510601,Period III,2013-01-01
2017-09-26,Original GARCHNet,0.025,0.060243433451111106,0.361173540353775,-1.1886474548026336,-1.4541586051471656,Period III,2013-01-01
2017-09-27,Original GARCHNet,0.025,0.38867727139802655,0.36223483085632324,-1.1903816974212682,-1.4562358277406884,Period III,2013-01-01
2017-09-28,Original GARCHNet,0.025,0.11990530863811022,0.3557262122631073,-1.1796842014287896,-1.4433346153460092,Period III,2013-01-01
2017-09-29,Original GARCHNet,0.025,0.3508874052771569,0.3619709312915802,-1.189944595008422,-1.4556871846128026,Period III,2013-01-01
2017-10-02,Original GARCHNet,0.025,0.43293150335718944,0.3646768033504486,-1.1943601550531373,-1.4609916655826898,Period III,2013-01-01
2017-10-03,Original GARCHNet,0.025,0.21378260553165726,0.35427263379096985,-1.1772809715434602,-1.4404330420742006,Period III,2013-01-01
2017-10-04,Original GARCHNet,0.025,0.11857360751527833,0.3347530961036682,-1.1445695872668908,-1.4011531885404431,Period III,2013-01-01
2017-10-05,Original GARCHNet,0.025,0.59076221529796,0.3380835950374603,-1.150218837481797,-1.4079434271347666,Period III,2013-01-01
2017-10-06,Original GARCHNet,0.025,-0.11394557373643072,0.325193852186203,-1.1281988071293914,-1.3814842832075294,Period III,2013-01-01
2017-10-09,Original GARCHNet,0.025,-0.16524955582182807,0.29894137382507324,-1.0820494261234979,-1.3264303587048467,Period III,2013-01-01
2017-10-10,Original GARCHNet,0.025,0.2634833226543812,0.3261970579624176,-1.1300295741837523,-1.3841081778187023,Period III,2013-01-01
2017-10-11,Original GARCHNet,0.025,0.15697717521929855,0.3254019021987915,-1.1286560614483097,-1.3824451749291933,Period III,2013-01-01
2017-10-12,Original GARCHNet,0.025,-0.14912096319125537,0.32016175985336304,-1.1195801763794906,-1.3715317999413306,Period III,2013-01-01
2017-10-13,Original GARCHNet,0.025,0.12166549542219028,0.3250580430030823,-1.1280646212969228,-1.3817418186842838,Period III,2013-01-01
2017-10-16,Original GARCHNet,0.025,0.13326920457795463,0.3146383464336395,-1.1099334416292403,-1.359934875163138,Period III,2013-01-01
2017-10-17,Original GARCHNet,0.025,0.07048631214624704,0.3155041038990021,-1.1114506643884006,-1.3617570914862986,Period III,2013-01-01
2017-10-18,Original GARCHNet,0.025,0.09781099737367754,0.31597572565078735,-1.1122768789923925,-1.3627518532047629,Period III,2013-01-01
2017-10-19,Original GARCHNet,0.025,0.02736684194568484,0.31421589851379395,-1.109191562079796,-1.359040537701472,Period III,2013-01-01
2017-10-20,Original GARCHNet,0.025,0.5147182821886276,0.31045636534690857,-1.102572410708127,-1.3510832896667806,Period III,2013-01-01
2017-10-23,Original GARCHNet,0.025,-0.3896969419021379,0.2981235384941101,-1.0805757203097826,-1.3246552009500996,Period III,2013-01-01
2017-10-24,Original GARCHNet,0.025,0.17555633745319232,0.3083512485027313,-1.0988502848908719,-1.3466161091885933,Period III,2013-01-01
2017-10-25,Original GARCHNet,0.025,-0.4962418292052873,0.30786237120628357,-1.0979814382242568,-1.3455622367613165,Period III,2013-01-01
2017-10-26,Original GARCHNet,0.025,0.12918200248079084,0.33815088868141174,-1.1504552546385767,-1.4087373175103948,Period III,2013-01-01
2017-10-27,Original GARCHNet,0.025,0.8142940958378798,0.34113818407058716,-1.1554962336324521,-1.4147876002772326,Period III,2013-01-01
2017-10-30,Original GARCHNet,0.025,-0.37320397514387565,0.31962138414382935,-1.1186323096298276,-1.370359583436717,Period III,2013-01-01
2017-10-31,Original GARCHNet,0.025,0.15566996770224462,0.3446776866912842,-1.1614467868357918,-1.421955689691404,Period III,2013-01-01
2017-11-01,Original GARCHNet,0.025,0.13212979863173313,0.3461875021457672,-1.1639749921494775,-1.4249980305565428,Period III,2013-01-01
2017-11-02,Original GARCHNet,0.025,0.03883129120887515,0.3453792333602905,-1.1626186237958043,-1.423350866375963,Period III,2013-01-01
2017-11-03,Original GARCHNet,0.025,0.33331394896447597,0.3642328679561615,-1.1938343651263177,-1.4611740350381386,Period III,2013-01-01
2017-11-06,Original GARCHNet,0.025,0.15464680535225,0.2980462312698364,-1.0806268071978316,-1.3255300224226174,Period III,2013-01-01
2017-11-07,Original GARCHNet,0.025,-0.06955969865738221,0.2868615686893463,-1.0602320484276258,-1.3008351030364536,Period III,2013-01-01
2017-11-08,Original GARCHNet,0.025,0.16994554859494032,0.2983967363834381,-1.081269374893776,-1.3263495616547785,Period III,2013-01-01
2017-11-09,Original GARCHNet,0.025,-0.3634290754126552,0.2948336601257324,-1.0748122110902754,-1.3185048719735226,Period III,2013-01-01
2017-11-10,Original GARCHNet,0.025,-0.030998756041870038,0.315713107585907,-1.1121057768511124,-1.3637708280854979,Period III,2013-01-01
2017-11-13,Original GARCHNet,0.025,0.09294382850910488,0.326926589012146,-1.1316174998929578,-1.387418755205082,Period III,2013-01-01
2017-11-14,Original GARCHNet,0.025,-0.2325217451833892,0.3293986916542053,-1.1358715069823722,-1.3925650253554462,Period III,2013-01-01
2017-11-15,Original GARCHNet,0.025,-0.5017839305914511,0.3516015410423279,-1.173412451120995,-1.4380998741688455,Period III,2013-01-01
2017-11-16,Original GARCHNet,0.025,0.8465055348010225,0.40439078211784363,-1.258130342001899,-1.540712765238059,Period III,2013-01-01
2017-11-17,Original GARCHNet,0.025,-0.2943038812472192,0.34601759910583496,-1.164069362858555,-1.4266995583686337,Period III,2013-01-01
2017-11-20,Original GARCHNet,0.025,0.1704907667696995,0.3851590156555176,-1.2279470400820478,-1.5041573487509812,Period III,2013-01-01
2017-11-21,Original GARCHNet,0.025,0.652147833318907,0.3579053580760956,-1.183842250891529,-1.4507038754983224,Period III,2013-01-01
2017-11-22,Original GARCHNet,0.025,-0.08849657864718609,0.31898847222328186,-1.1178208859077379,-1.370614621048007,Period III,2013-01-01
2017-11-24,Original GARCHNet,0.025,0.2307067052553484,0.30923160910606384,-1.1006560010320143,-1.349836449576691,Period III,2013-01-01
2017-11-27,Original GARCHNet,0.025,-0.049933486563042716,0.3011941909790039,-1.0863005522351796,-1.3324126029111016,Period III,2013-01-01
2017-11-28,Original GARCHNet,0.025,1.0093697243671753,0.32798874378204346,-1.1334472883393905,-1.3896325969810097,Period III,2013-01-01
2017-11-29,Original GARCHNet,0.025,-0.0608865143803894,0.2686353325843811,-1.0261786672100102,-1.2598345106530107,Period III,2013-01-01
2017-11-30,Original GARCHNet,0.025,0.871686829714373,0.27160176634788513,-1.0318016029967327,-1.2666193805318993,Period III,2013-01-01
2017-12-01,Original GARCHNet,0.025,-0.20776191554762394,0.24808204174041748,-0.986395244846723,-1.2121019390086714,Period III,2013-01-01
2017-12-04,Original GARCHNet,0.025,-0.12106577450937815,0.2533917725086212,-0.9968311481179067,-1.2246439985830277,Period III,2013-01-01
2017-12-05,Original GARCHNet,0.025,-0.36031069881391525,0.24104824662208557,-0.9726017996506703,-1.1964426433629878,Period III,2013-01-01
2017-12-06,Original GARCHNet,0.025,0.01899124055029588,0.2690449655056,-1.0273278865981605,-1.2628531264840166,Period III,2013-01-01
2017-12-07,Original GARCHNet,0.025,0.31481207607982853,0.27396360039711,-1.0366355696966092,-1.2741156353508154,Period III,2013-01-01
2017-12-08,Original GARCHNet,0.025,0.5438294285834409,0.26340749859809875,-1.0165282763520462,-1.2496683497584926,Period III,2013-01-01
2017-12-11,Original GARCHNet,0.025,0.30084930440527813,0.23517657816410065,-0.9607455476139054,-1.1821385076072302,Period III,2013-01-01
2017-12-12,Original GARCHNet,0.025,0.17633095564034157,0.22633734345436096,-0.9426310779251141,-1.1603625014897712,Period III,2013-01-01
2017-12-13,Original GARCHNet,0.025,-0.011245395534321218,0.22389045357704163,-0.9375588824045196,-1.154286484529383,Period III,2013-01-01
2017-12-14,Original GARCHNet,0.025,-0.4094580692557239,0.2265574187040329,-0.94309106394818,-1.160936997047042,Period III,2013-01-01
2017-12-15,Original GARCHNet,0.025,0.31944935073848557,0.24656444787979126,-0.983626286927641,-1.209820083308278,Period III,2013-01-01
2017-12-18,Original GARCHNet,0.025,0.6321213365544615,0.24643786251544952,-0.9833556641727066,-1.209406399612629,Period III,2013-01-01
2017-12-19,Original GARCHNet,0.025,-0.3847806193067688,0.2246905267238617,-0.9392180921688268,-1.1562634470763644,Period III,2013-01-01
2017-12-20,Original GARCHNet,0.025,-0.05242031016257336,0.24569720029830933,-0.9818915643048504,-1.2076715565896066,Period III,2013-01-01
2016-12-21,GARCHNet++,0.025,-0.2786518496201791,0.614704966545105,-1.548895843849993,-1.8877178570315443,Period III,2013-01-01
2016-12-22,GARCHNet++,0.025,-0.17289126848319208,0.6137440800666809,-1.5476815474489187,-1.8862254947199277,Period III,2013-01-01
2016-12-23,GARCHNet++,0.025,0.14631310002082348,0.6121580600738525,-1.5456806634450053,-1.8837874974290674,Period III,2013-01-01
2016-12-27,GARCHNet++,0.025,0.24779761561614494,0.6094512939453125,-1.5422622615612933,-1.879631487486226,Period III,2013-01-01
2016-12-28,GARCHNet++,0.025,-0.8298848896098834,0.6072455048561096,-1.5394704508030148,-1.87623542272389,Period III,2013-01-01
2016-12-29,GARCHNet++,0.025,-0.02227868219520829,0.620119035243988,-1.5556889020131228,-1.8959468455955784,Period III,2013-01-01
2016-12-30,GARCHNet++,0.025,-0.36617318546013605,0.6167930364608765,-1.5515180662756598,-1.890889667024098,Period III,2013-01-01
2017-01-03,GARCHNet++,0.025,0.7620897001746235,0.6172743439674377,-1.552121678843766,-1.8916190606239822,Period III,2013-01-01
2017-01-04,GARCHNet++,0.025,0.5931566752148794,0.615143358707428,-1.5494489618902498,-1.8883954328539652,Period III,2013-01-01
2017-01-05,GARCHNet++,0.025,-0.07947721565786298,0.6118065118789673,-1.5452438865238298,-1.883282550084651,Period III,2013-01-01
2017-01-06,GARCHNet++,0.025,0.35714101420465494,0.609552800655365,-1.5423926093416074,-1.8797977311942062,Period III,2013-01-01
2017-01-09,GARCHNet++,0.025,-0.3306370979156274,0.607276439666748,-1.5395117689483557,-1.8762938866137655,Period III,2013-01-01
2017-01-10,GARCHNet++,0.025,0.0,0.6088451147079468,-1.5414936797476975,-1.8786893904060538,Period III,2013-01-01
2017-01-11,GARCHNet++,0.025,0.28221174544804994,0.6075584292411804,-1.5398648650373639,-1.8767076759660106,Period III,2013-01-01
2017-01-12,GARCHNet++,0.025,-0.2513094892667004,0.6060056090354919,-1.5378979968723772,-1.8743190746650165,Period III,2013-01-01
2017-01-13,GARCHNet++,0.025,0.22928898901267697,0.6070723533630371,-1.5392477268853206,-1.87595156775068,Period III,2013-01-01
2017-01-17,GARCHNet++,0.025,-0.3529688404831017,0.6058115363121033,-1.5376508050291526,-1.874014279250074,Period III,2013-01-01
2017-01-18,GARCHNet++,0.025,0.220750641521052,0.6082539558410645,-1.5407436148884384,-1.8777693802509041,Period III,2013-01-01
2017-01-19,GARCHNet++,0.025,-0.371138291563596,0.6067293882369995,-1.5388148789723624,-1.875431780282972,Period III,2013-01-01
2017-01-20,GARCHNet++,0.025,0.36673047365514516,0.6093401908874512,-1.5421182417526256,-1.8794427386855488,Period III,2013-01-01
2017-01-23,GARCHNet++,0.025,-0.2605541881103168,0.5837984681129456,-1.5095159263316762,-1.8399561752214888,Period III,2013-01-01
2017-01-24,GARCHNet++,0.025,0.6391260133969621,0.5842787027359009,-1.5101327638774769,-1.8406929965507377,Period III,2013-01-01
2017-01-25,GARCHNet++,0.025,0.8618296722527514,0.5838897228240967,-1.5096374896640004,-1.8401181962370476,Period III,2013-01-01
2017-01-26,GARCHNet++,0.025,-0.10460035313087782,0.5840363502502441,-1.5098310736549616,-1.8403697592868777,Period III,2013-01-01
2017-01-27,GARCHNet++,0.025,-0.15710263233611213,0.5827506184577942,-1.5081634100650902,-1.8383183626624198,Period III,2013-01-01
2017-01-30,GARCHNet++,0.025,-0.6220988062862284,0.5825201869010925,-1.5078617774760599,-1.8379374946693963,Period III,2013-01-01
2017-01-31,GARCHNet++,0.025,-0.00879154100085011,0.5884074568748474,-1.5154524002858474,-1.847151698929814,Period III,2013-01-01
2017-02-01,GARCHNet++,0.025,0.039545793813170554,0.5867308378219604,-1.5132966667138015,-1.8445429597518994,Period III,2013-01-01
2017-02-02,GARCHNet++,0.025,0.06588162274107837,0.5853410959243774,-1.5115059477706037,-1.8423701229000797,Period III,2013-01-01
2017-02-03,GARCHNet++,0.025,0.6869236012564833,0.5841493010520935,-1.5099679749748565,-1.8405015718475126,Period III,2013-01-01
2017-02-06,GARCHNet++,0.025,-0.1789354665738825,0.5838199853897095,-1.5095488575849887,-1.8400160362893796,Period III,2013-01-01
2017-02-07,GARCHNet++,0.025,0.004372317790355026,0.5833039879798889,-1.508876192758054,-1.839175188039527,Period III,2013-01-01
2017-02-08,GARCHNet++,0.025,0.13095424917520315,0.5825273990631104,-1.5078712148897044,-1.8379493953820967,Period III,2013-01-01
2017-02-09,GARCHNet++,0.025,0.5915120656897009,0.5817153453826904,-1.5068208784307269,-1.8366731085346792,Period III,2013-01-01
2017-02-10,GARCHNet++,0.025,0.3938411107139749,0.5814588069915771,-1.5064930701506654,-1.8362908389795922,Period III,2013-01-01
2017-02-13,GARCHNet++,0.025,0.5427814518752642,0.5803486108779907,-1.5050537673077629,-1.8345348263004224,Period III,2013-01-01
2017-02-14,GARCHNet++,0.025,0.39873685575423923,0.5797871947288513,-1.5043258355907583,-1.833648394448317,Period III,2013-01-01
2017-02-15,GARCHNet++,0.025,0.5206794373572733,0.5789178013801575,-1.5031969546806552,-1.8322701207780545,Period III,2013-01-01
2017-02-16,GARCHNet++,0.025,-0.0851703264593723,0.5786056518554688,-1.5027919809136079,-1.8317777993109048,Period III,2013-01-01
2017-02-17,GARCHNet++,0.025,0.15750843771027803,0.5787901282310486,-1.5030300268360104,-1.8320621641689208,Period III,2013-01-01
2017-02-21,GARCHNet++,0.025,0.5937542995365429,0.5548397302627563,-1.4716530177669014,-1.7940066598402304,Period III,2013-01-01
2017-02-22,GARCHNet++,0.025,-0.0888409695124651,0.5545158982276917,-1.4712252449822056,-1.7934919665941351,Period III,2013-01-01
2017-02-23,GARCHNet++,0.025,0.06769490091659686,0.5550646185874939,-1.4719514659883215,-1.7943713782920367,Period III,2013-01-01
2017-02-24,GARCHNet++,0.025,0.12680294472507694,0.5552454590797424,-1.472191053453421,-1.7946627714896644,Period III,2013-01-01
2017-02-27,GARCHNet++,0.025,0.15616553239042483,0.5552641153335571,-1.4722155713171556,-1.7946918301503245,Period III,2013-01-01
2017-02-28,GARCHNet++,0.025,-0.27028158992564316,0.5552057027816772,-1.4721379092607458,-1.7945962949124865,Period III,2013-01-01
2017-03-01,GARCHNet++,0.025,1.3900476034819913,0.5566180944442749,-1.4740093603553654,-1.7968782478414018,Period III,2013-01-01
2017-03-02,GARCHNet++,0.025,-0.6317328810846006,0.560680091381073,-1.4793867541120687,-1.803467429144346,Period III,2013-01-01
2017-03-03,GARCHNet++,0.025,0.06293142321694911,0.56544429063797,-1.4856477310972176,-1.811057326138348,Period III,2013-01-01
2017-03-06,GARCHNet++,0.025,-0.29823450487956105,0.5636026263237,-1.4832312222702786,-1.808130283722526,Period III,2013-01-01
2017-03-07,GARCHNet++,0.025,-0.2991330425974492,0.5643266439437866,-1.4841822325389142,-1.8092842739175008,Period III,2013-01-01
2017-03-08,GARCHNet++,0.025,-0.18582759113619426,0.5651421546936035,-1.485253436861106,-1.8105870001933688,Period III,2013-01-01
2017-03-09,GARCHNet++,0.025,0.126738664642497,0.5649673938751221,-1.485024517135395,-1.810310807875807,Period III,2013-01-01
2017-03-10,GARCHNet++,0.025,0.34980620464540757,0.5633315443992615,-1.4828753253633742,-1.807699707452266,Period III,2013-01-01
2017-03-13,GARCHNet++,0.025,0.050471133432059306,0.56146639585495,-1.480420376833508,-1.8047144641448967,Period III,2013-01-01
2017-03-14,GARCHNet++,0.025,-0.3833939850330953,0.5603151321411133,-1.4789016790715217,-1.8028625138691718,Period III,2013-01-01
2017-03-15,GARCHNet++,0.025,0.8616226851996198,0.5624225735664368,-1.4816766660648657,-1.8062314492471037,Period III,2013-01-01
2017-03-16,GARCHNet++,0.025,-0.19688807982030052,0.5621081590652466,-1.4812662411602355,-1.8057457599828346,Period III,2013-01-01
2017-03-17,GARCHNet++,0.025,-0.6098721201673768,0.5617439150810242,-1.4807848713842942,-1.8051536710930827,Period III,2013-01-01
2017-03-20,GARCHNet++,0.025,-0.10974864130761401,0.5672174692153931,-1.4879731377242766,-1.8138836049862699,Period III,2013-01-01
2017-03-21,GARCHNet++,0.025,-1.2922639108276666,0.5377902984619141,-1.4489310977571992,-1.7665606329016805,Period III,2013-01-01
2017-03-22,GARCHNet++,0.025,0.23503912797317797,0.5823953151702881,-1.5077775980494024,-1.8381339451719307,Period III,2013-01-01
2017-03-23,GARCHNet++,0.025,-0.10676689588160469,0.5680875778198242,-1.4891544338757154,-1.8154800431365314,Period III,2013-01-01
2017-03-24,GARCHNet++,0.025,-0.07266587302462943,0.558770477771759,-1.476900760394557,-1.8005739910736878,Period III,2013-01-01
2017-03-27,GARCHNet++,0.025,-0.10268054951853856,0.5514971017837524,-1.4672688512305885,-1.788876847407449,Period III,2013-01-01
2017-03-28,GARCHNet++,0.025,0.725047829387214,0.5468022227287292,-1.461016898886569,-1.7812808842127756,Period III,2013-01-01
2017-03-29,GARCHNet++,0.025,0.09344007884925203,0.541683554649353,-1.454168910090279,-1.7729567472403094,Period III,2013-01-01
2017-03-30,GARCHNet++,0.025,0.31791138885483344,0.5383906960487366,-1.4497465502870905,-1.7675814629388058,Period III,2013-01-01
2017-03-31,GARCHNet++,0.025,-0.2330309697588091,0.5359776020050049,-1.4464939599967501,-1.7636157011572202,Period III,2013-01-01
2017-04-03,GARCHNet++,0.025,-0.17407339005489855,0.5359971523284912,-1.446516147612376,-1.7636265139355158,Period III,2013-01-01
2017-04-04,GARCHNet++,0.025,0.06371738167705392,0.5359432697296143,-1.4464420678932546,-1.763530887761633,Period III,2013-01-01
2017-04-05,GARCHNet++,0.025,-0.2977065765407665,0.535186231136322,-1.445420325969928,-1.7622859111699674,Period III,2013-01-01
2017-04-06,GARCHNet++,0.025,0.280721404373758,0.5361276268959045,-1.4466887643477795,-1.7638236873586643,Period III,2013-01-01
2017-04-07,GARCHNet++,0.025,-0.10199112454537344,0.535071611404419,-1.4452656362741072,-1.762097697322799,Period III,2013-01-01
2017-04-10,GARCHNet++,0.025,0.05950584255413305,0.5349248647689819,-1.4450662938799863,-1.761850231546782,Period III,2013-01-01
2017-04-11,GARCHNet++,0.025,-0.1190471156455239,0.5343992114067078,-1.4443569349572531,-1.7609885652748507,Period III,2013-01-01
2017-04-12,GARCHNet++,0.025,-0.43914832660768754,0.5344374775886536,-1.444407636021522,-1.7610464689860363,Period III,2013-01-01
2017-04-13,GARCHNet++,0.025,-0.6516095822653079,0.5366820096969604,-1.4474338246577911,-1.7647215416821012,Period III,2013-01-01
2017-04-17,GARCHNet++,0.025,0.8820870798886493,0.5412520170211792,-1.4535800578417335,-1.7722020323302357,Period III,2013-01-01
2017-04-18,GARCHNet++,0.025,-0.2988697482894407,0.5397025346755981,-1.4515085134517856,-1.7697173833437578,Period III,2013-01-01
2017-04-19,GARCHNet++,0.025,-0.18402893127950093,0.5100486874580383,-1.4111373657827881,-1.7207618368000241,Period III,2013-01-01
2017-04-20,GARCHNet++,0.025,0.8106166241988226,0.5088663697242737,-1.4094991299721655,-1.718757376939585,Period III,2013-01-01
2017-04-21,GARCHNet++,0.025,-0.319196752061056,0.5061569809913635,-1.4057474764625133,-1.7142046861565718,Period III,2013-01-01
2017-04-24,GARCHNet++,0.025,1.0937881902130022,0.5065500140190125,-1.4062867529416387,-1.7148374414173013,Period III,2013-01-01
2017-04-25,GARCHNet++,0.025,0.5801768898692425,0.5047905445098877,-1.4038533650629965,-1.7119130897747468,Period III,2013-01-01
2017-04-26,GARCHNet++,0.025,-0.06290351658648945,0.5010428428649902,-1.3986280996753233,-1.7055246465285974,Period III,2013-01-01
2017-04-27,GARCHNet++,0.025,0.08386256551509146,0.4999704957008362,-1.397125928876797,-1.7036747067927576,Period III,2013-01-01
2017-04-28,GARCHNet++,0.025,-0.2181775908701382,0.49919286370277405,-1.3960398121024926,-1.7023534639882898,Period III,2013-01-01
2017-05-01,GARCHNet++,0.025,0.2516952631878662,0.5004982352256775,-1.397861309665913,-1.7045645044482516,Period III,2013-01-01
2017-05-02,GARCHNet++,0.025,0.03770514119653767,0.4996882975101471,-1.396733302654353,-1.7032026063880419,Period III,2013-01-01
2017-05-03,GARCHNet++,0.025,-0.12153319250617428,0.4995971620082855,-1.3966066311024778,-1.703050880141676,Period III,2013-01-01
2017-05-04,GARCHNet++,0.025,0.11734088389643792,0.5004440546035767,-1.3977884355678825,-1.7044864694845212,Period III,2013-01-01
2017-05-05,GARCHNet++,0.025,0.3929288415371179,0.5001800656318665,-1.3974214085990282,-1.704045490691279,Period III,2013-01-01
2017-05-08,GARCHNet++,0.025,-0.01668611739598412,0.49919185042381287,-1.3960430762875322,-1.7023756174046771,Period III,2013-01-01
2017-05-09,GARCHNet++,0.025,-0.09183937940459314,0.4992886483669281,-1.3961772856819463,-1.7025348621975243,Period III,2013-01-01
2017-05-10,GARCHNet++,0.025,0.1794215824099324,0.5000149607658386,-1.3971908102481194,-1.7037645220232298,Period III,2013-01-01
2017-05-11,GARCHNet++,0.025,-0.20448217218897294,0.4996131360530853,-1.396630929954581,-1.7030881649114609,Period III,2013-01-01
2017-05-12,GARCHNet++,0.025,-0.1672419299264369,0.5009933114051819,-1.3985551190927572,-1.7054207174054228,Period III,2013-01-01
2017-05-15,GARCHNet++,0.025,0.5508306898499835,0.5020279884338379,-1.3999970041535863,-1.707172943543161,Period III,2013-01-01
2017-05-16,GARCHNet++,0.025,-0.0915946683242044,0.5008018612861633,-1.3982907035021284,-1.705109281325728,Period III,2013-01-01
2017-05-17,GARCHNet++,0.025,-1.7903375551923166,0.4612807333469391,-1.3420655567675799,-1.6368662357548391,Period III,2013-01-01
2017-05-18,GARCHNet++,0.025,0.4020390632640581,0.6305124759674072,-1.568884939060801,-1.9128522974191005,Period III,2013-01-01
2017-05-19,GARCHNet++,0.025,0.6483113050925737,0.6013830304145813,-1.5322627043412524,-1.868384073930269,Period III,2013-01-01
2017-05-22,GARCHNet++,0.025,0.5064601618306679,0.5592713356018066,-1.4776683744960044,-1.8019201059984387,Period III,2013-01-01
2017-05-23,GARCHNet++,0.025,0.2210309181044507,0.5203636288642883,-1.4253622589392716,-1.7382138535129739,Period III,2013-01-01
2017-05-24,GARCHNet++,0.025,0.23301202833640117,0.4958227574825287,-1.3913673026067908,-1.696841761521642,Period III,2013-01-01
2017-05-25,GARCHNet++,0.025,0.4768107829548058,0.4815894663333893,-1.3712776371335538,-1.6724438498958094,Period III,2013-01-01
2017-05-26,GARCHNet++,0.025,-0.020678756911771005,0.47116410732269287,-1.3563740176184194,-1.6543455698726888,Period III,2013-01-01
2017-05-30,GARCHNet++,0.025,-0.08692151411252483,0.4670718312263489,-1.3504606657126237,-1.647093664298537,Period III,2013-01-01
2017-05-31,GARCHNet++,0.025,-0.02484679612337303,0.4656183421611786,-1.3483537397786582,-1.6445082646137081,Period III,2013-01-01
2017-06-01,GARCHNet++,0.025,0.7920825887608272,0.46450164914131165,-1.3467355721592038,-1.642533442766468,Period III,2013-01-01
2017-06-02,GARCHNet++,0.025,0.3322865488960124,0.4616648256778717,-1.3426269793004013,-1.6375618595150296,Period III,2013-01-01
2017-06-05,GARCHNet++,0.025,-0.07374331472786078,0.45861589908599854,-1.3381885412702517,-1.6321577551287558,Period III,2013-01-01
2017-06-06,GARCHNet++,0.025,-0.32019680877317014,0.45844146609306335,-1.3379312874484484,-1.6318333096317614,Period III,2013-01-01
2017-06-07,GARCHNet++,0.025,0.18485306828973203,0.46158841252326965,-1.34250763640628,-1.637384273314972,Period III,2013-01-01
2017-06-08,GARCHNet++,0.025,0.04923482644446555,0.46059876680374146,-1.3410720130741882,-1.6356501312056013,Period III,2013-01-01
2017-06-09,GARCHNet++,0.025,-0.15188948314465667,0.46042147278785706,-1.3408147218780428,-1.6353395825552746,Period III,2013-01-01
2017-06-12,GARCHNet++,0.025,-0.020544836984530822,0.46168607473373413,-1.3426523359333027,-1.63757120640914,Period III,2013-01-01
2017-06-13,GARCHNet++,0.025,0.4877968445439268,0.462001234292984,-1.3431108867327575,-1.6381318945125514,Period III,2013-01-01
2017-06-14,GARCHNet++,0.025,-0.12684285469737472,0.460367351770401,-1.340739333805545,-1.6352609472624082,Period III,2013-01-01
2017-06-15,GARCHNet++,0.025,-0.1926195596875313,0.38962098956108093,-1.2335798873378152,-1.5051610786406617,Period III,2013-01-01
2017-06-16,GARCHNet++,0.025,-0.4646314455727953,0.3907434642314911,-1.2353531064646124,-1.5073151313620146,Period III,2013-01-01
2017-06-19,GARCHNet++,0.025,0.8290645722063341,0.3979395925998688,-1.2466585630592333,-1.5210386187498235,Period III,2013-01-01
2017-06-20,GARCHNet++,0.025,-0.6766934434419228,0.3951985836029053,-1.2423712372331146,-1.5158609037254367,Period III,2013-01-01
2017-06-21,GARCHNet++,0.025,-0.024692386185517282,0.407827764749527,-1.2620351298844672,-1.5397323437585868,Period III,2013-01-01
2017-06-22,GARCHNet++,0.025,-0.04528731087584111,0.40510421991348267,-1.2578230702845026,-1.534628865394455,Period III,2013-01-01
2017-06-23,GARCHNet++,0.025,0.11935246151813209,0.40320053696632385,-1.2548674549360228,-1.5310356273846426,Period III,2013-01-01
2017-06-26,GARCHNet++,0.025,0.06578200308041038,0.40080562233924866,-1.2511394750559124,-1.5265043395922517,Period III,2013-01-01
2017-06-27,GARCHNet++,0.025,-0.8088820773010476,0.39896485209465027,-1.248267179645693,-1.5230157365504948,Period III,2013-01-01
2017-06-28,GARCHNet++,0.025,0.8910597422785591,0.41981446743011475,-1.2804257520239843,-1.5620848645854237,Period III,2013-01-01
2017-06-29,GARCHNet++,0.025,-0.8827709082089772,0.4122941792011261,-1.2689388536705748,-1.5482014053827609,Period III,2013-01-01
2017-06-30,GARCHNet++,0.025,0.18627634061266213,0.44281935691833496,-1.3149857915626773,-1.6040350474755511,Period III,2013-01-01
2017-07-03,GARCHNet++,0.025,0.16941953757414918,0.4318631589412689,-1.2986542472898923,-1.584261916606042,Period III,2013-01-01
2017-07-05,GARCHNet++,0.025,0.23093644883827985,0.4208587408065796,-1.2820283894821791,-1.5640835257248042,Period III,2013-01-01
2017-07-06,GARCHNet++,0.025,-0.9186529833769774,0.410898894071579,-1.2667860860677782,-1.5455600774529819,Period III,2013-01-01
2017-07-07,GARCHNet++,0.025,0.6464190025662,0.443327933549881,-1.3157376545435022,-1.6049402838496507,Period III,2013-01-01
2017-07-10,GARCHNet++,0.025,0.10732931559087028,0.4301246404647827,-1.2960432377979143,-1.581098457068621,Period III,2013-01-01
2017-07-11,GARCHNet++,0.025,-0.07429118580426038,0.41885465383529663,-1.278975624478054,-1.560372128499955,Period III,2013-01-01
2017-07-12,GARCHNet++,0.025,0.7486633392334205,0.4128172993659973,-1.269733518865408,-1.5491314380832866,Period III,2013-01-01
2017-07-13,GARCHNet++,0.025,0.16788639705180453,0.40406277775764465,-1.2562204729282787,-1.5327333008709656,Period III,2013-01-01
2017-07-14,GARCHNet++,0.025,0.4653257098670055,0.3533794581890106,-1.1749387083786897,-1.434124830589305,Period III,2013-01-01
2017-07-17,GARCHNet++,0.025,-0.012217222732245696,0.3421512246131897,-1.1561449760272704,-1.4112764612993827,Period III,2013-01-01
2017-07-18,GARCHNet++,0.025,0.052934662840060424,0.337267130613327,-1.147867120973455,-1.4011860841993962,Period III,2013-01-01
2017-07-19,GARCHNet++,0.025,0.5399391200699996,0.3354792594909668,-1.1448253950767455,-1.3974919118690556,Period III,2013-01-01
2017-07-20,GARCHNet++,0.025,0.0445265476278358,0.32845181226730347,-1.1327932537925611,-1.3828908188989304,Period III,2013-01-01
2017-07-21,GARCHNet++,0.025,-0.08907293022224441,0.3265374004840851,-1.1294893252216351,-1.378866107436669,Period III,2013-01-01
2017-07-24,GARCHNet++,0.025,-0.024305269356146516,0.327456533908844,-1.1310751045167453,-1.3807911815106886,Period III,2013-01-01
2017-07-25,GARCHNet++,0.025,0.24279343347230284,0.32827138900756836,-1.1324807204693705,-1.3825039084947621,Period III,2013-01-01
2017-07-26,GARCHNet++,0.025,0.004039408718685109,0.3266206979751587,-1.1296351571997847,-1.3790511649517931,Period III,2013-01-01
2017-07-27,GARCHNet++,0.025,-0.09299708830424845,0.32613223791122437,-1.1287902400757868,-1.3780200179190283,Period III,2013-01-01
2017-07-28,GARCHNet++,0.025,-0.11738006479158243,0.32946309447288513,-1.1345333341079955,-1.3850052819501042,Period III,2013-01-01
2017-07-31,GARCHNet++,0.025,-0.05671665497943276,0.33098194003105164,-1.1371428063910045,-1.3881803600496143,Period III,2013-01-01
2017-08-01,GARCHNet++,0.025,0.2226328264181252,0.33315494656562805,-1.14086640157881,-1.3927135084137447,Period III,2013-01-01
2017-08-02,GARCHNet++,0.025,0.048506393876542674,0.33197298645973206,-1.1388448937410947,-1.3902617913776458,Period III,2013-01-01
2017-08-03,GARCHNet++,0.025,-0.19417308635190522,0.3322204649448395,-1.1392679234779135,-1.390772748760599,Period III,2013-01-01
2017-08-04,GARCHNet++,0.025,0.18204869352030434,0.33500736951828003,-1.1440293412757436,-1.3965572485863806,Period III,2013-01-01
2017-08-07,GARCHNet++,0.025,0.18575011648817466,0.33468300104141235,-1.1434783437807998,-1.3958964161389213,Period III,2013-01-01
2017-08-08,GARCHNet++,0.025,-0.24640031174037116,0.3332490921020508,-1.1410291913631927,-1.392918567698062,Period III,2013-01-01
2017-08-09,GARCHNet++,0.025,-0.004042185981409468,0.3382438123226166,-1.1495343260667215,-1.4032463574446463,Period III,2013-01-01
2017-08-10,GARCHNet++,0.025,-1.4215858360501283,0.339886873960495,-1.1523207393085255,-1.4066390421743067,Period III,2013-01-01
2017-08-11,GARCHNet++,0.025,0.1475775532283997,0.5166414976119995,-1.4207079864560364,-1.7343112271393453,Period III,2013-01-01
2017-08-14,GARCHNet++,0.025,0.9864337216404111,0.5039194226264954,-1.403143301252355,-1.7130136101166558,Period III,2013-01-01
2017-08-15,GARCHNet++,0.025,-0.012168656353959788,0.4606519639492035,-1.341584773277153,-1.6379848831715353,Period III,2013-01-01
2017-08-16,GARCHNet++,0.025,0.17428636987663798,0.42146041989326477,-1.2832496510564584,-1.56677448681173,Period III,2013-01-01
2017-08-17,GARCHNet++,0.025,-1.5713671950320924,0.38189148902893066,-1.221539979600389,-1.491485515082446,Period III,2013-01-01
2017-08-18,GARCHNet++,0.025,-0.1564387398651075,0.8144807815551758,-1.7836002661674486,-2.176449437057324,Period III,2013-01-01
2017-08-21,GARCHNet++,0.025,0.07824682031745127,0.8023261427879333,-1.7702882508970341,-2.1603879553463083,Period III,2013-01-01
2017-08-22,GARCHNet++,0.025,1.0402717245512967,0.7310733795166016,-1.6899043255120907,-2.0624913815378685,Period III,2013-01-01
2017-08-23,GARCHNet++,0.025,-0.359186052622354,0.6371965408325195,-1.5777649655267307,-1.92597092939997,Period III,2013-01-01
2017-08-24,GARCHNet++,0.025,-0.23334042390436718,0.6016539931297302,-1.5331256584063346,-1.8714624612147883,Period III,2013-01-01
2017-08-25,GARCHNet++,0.025,0.23334042390438092,0.5560206770896912,-1.4738607403614192,-1.7992075090063124,Period III,2013-01-01
2017-08-28,GARCHNet++,0.025,0.0040928855422689685,0.4807318449020386,-1.3704824336350916,-1.6731467629142858,Period III,2013-01-01
2017-08-29,GARCHNet++,0.025,0.11442066207465451,0.42834916710853577,-1.293679803228012,-1.5794510718348953,Period III,2013-01-01
2017-08-30,GARCHNet++,0.025,0.4726360107737079,0.38274428248405457,-1.222892449459295,-1.4930946198977597,Period III,2013-01-01
2017-08-31,GARCHNet++,0.025,0.5998036163940785,0.3397427797317505,-1.1521721387015194,-1.4068361105433902,Period III,2013-01-01
2017-09-01,GARCHNet++,0.025,0.14131625448807666,0.30935949087142944,-1.099515949224596,-1.34281835745175,Period III,2013-01-01
2017-09-05,GARCHNet++,0.025,-0.7207963182428161,0.2939673364162445,-1.0718546648021674,-1.3091987532601643,Period III,2013-01-01
2017-09-06,GARCHNet++,0.025,0.3407972920508354,0.32953566312789917,-1.134742894139167,-1.385596024080024,Period III,2013-01-01
2017-09-07,GARCHNet++,0.025,-0.012150912368609306,0.3103157877922058,-1.10120803152821,-1.3448609036256098,Period III,2013-01-01
2017-09-08,GARCHNet++,0.025,-0.11753706406389999,0.3019881248474121,-1.0863560273374369,-1.326820370194574,Period III,2013-01-01
2017-09-11,GARCHNet++,0.025,1.0609449593480138,0.2807781994342804,-1.0476339148212193,-1.2800145236573373,Period III,2013-01-01
2017-09-12,GARCHNet++,0.025,0.33649686098124415,0.2698502242565155,-1.0270922217706078,-1.2551078251869228,Period III,2013-01-01
2017-09-13,GARCHNet++,0.025,0.047976937825897556,0.25877776741981506,-1.0058281366566135,-1.2292370615799806,Period III,2013-01-01
2017-09-14,GARCHNet++,0.025,-0.03198410131337737,0.25261390209198,-0.9937924257830941,-1.214590248835153,Period III,2013-01-01
2017-09-15,GARCHNet++,0.025,-0.36051709400428367,0.250942587852478,-0.9905042640079942,-1.2105908465591648,Period III,2013-01-01
2017-09-18,GARCHNet++,0.025,0.21246275872453704,0.2599484622478485,-1.0080907670627863,-1.2319622479729506,Period III,2013-01-01
2017-09-19,GARCHNet++,0.025,0.10006204632380786,0.2558031976222992,-1.000037992562388,-1.2221906156699318,Period III,2013-01-01
2017-09-20,GARCHNet++,0.025,0.035996375850295956,0.2540943920612335,-0.996697721827438,-1.2181305722643951,Period III,2013-01-01
2017-09-21,GARCHNet++,0.025,-0.2682945539843174,0.2564151883125305,-1.0012322663725437,-1.2236450796604583,Period III,2013-01-01
2017-09-22,GARCHNet++,0.025,0.02004813332869188,0.2643679678440094,-1.0166133648654554,-1.2423341322920707,Period III,2013-01-01
2017-09-25,GARCHNet++,0.025,-0.20467120760038973,0.26386401057243347,-1.0156476997465116,-1.2411691905144233,Period III,2013-01-01
2017-09-26,GARCHNet++,0.025,0.060243433451111106,0.271328866481781,-1.0298899215081452,-1.2584767480281065,Period III,2013-01-01
2017-09-27,GARCHNet++,0.025,0.38867727139802655,0.2703097462654114,-1.0279589177616089,-1.2561370769292373,Period III,2013-01-01
2017-09-28,GARCHNet++,0.025,0.11990530863811022,0.263866126537323,-1.0156549981703338,-1.2411910679164757,Period III,2013-01-01
2017-09-29,GARCHNet++,0.025,0.3508874052771569,0.26164737343788147,-1.01138106215168,-1.2359890060447005,Period III,2013-01-01
2017-10-02,GARCHNet++,0.025,0.43293150335718944,0.2566260099411011,-1.00164654520041,-1.2241624956304629,Period III,2013-01-01
2017-10-03,GARCHNet++,0.025,0.21378260553165726,0.24963413178920746,-0.987930775088488,-1.2074946992822826,Period III,2013-01-01
2017-10-04,GARCHNet++,0.025,0.11857360751527833,0.2440580427646637,-0.9768516978251874,-1.1940216793121188,Period III,2013-01-01
2017-10-05,GARCHNet++,0.025,0.59076221529796,0.24339419603347778,-0.9755239292758122,-1.1924054661782506,Period III,2013-01-01
2017-10-06,GARCHNet++,0.025,-0.11394557373643072,0.23841142654418945,-0.9655085857724204,-1.1802512543428407,Period III,2013-01-01
2017-10-09,GARCHNet++,0.025,-0.16524955582182807,0.21850153803825378,-0.9245322607090278,-1.1310448983799075,Period III,2013-01-01
2017-10-10,GARCHNet++,0.025,0.2634833226543812,0.22831444442272186,-0.9450251013809766,-1.1559538129980718,Period III,2013-01-01
2017-10-11,GARCHNet++,0.025,0.15697717521929855,0.22601203620433807,-0.9402598278166818,-1.1501730410815731,Period III,2013-01-01
2017-10-12,GARCHNet++,0.025,-0.14912096319125537,0.22442534565925598,-0.9369591454356816,-1.146158423004358,Period III,2013-01-01
2017-10-13,GARCHNet++,0.025,0.12166549542219028,0.23026959598064423,-0.9490554235725128,-1.1608536389147508,Period III,2013-01-01
2017-10-16,GARCHNet++,0.025,0.13326920457795463,0.22868749499320984,-0.9457971421600679,-1.1568994036241458,Period III,2013-01-01
2017-10-17,GARCHNet++,0.025,0.07048631214624704,0.22819243371486664,-0.9447748077340222,-1.1556568280530428,Period III,2013-01-01
2017-10-18,GARCHNet++,0.025,0.09781099737367754,0.2285078763961792,-0.9454258719648488,-1.1564462146138659,Period III,2013-01-01
2017-10-19,GARCHNet++,0.025,0.02736684194568484,0.22812575101852417,-0.9446365842710878,-1.1554870516835762,Period III,2013-01-01
2017-10-20,GARCHNet++,0.025,0.5147182821886276,0.2286054641008377,-0.9456269444491431,-1.1566889654283885,Period III,2013-01-01
2017-10-23,GARCHNet++,0.025,-0.3896969419021379,0.22227050364017487,-0.9324611082497251,-1.140700857946598,Period III,2013-01-01
2017-10-24,GARCHNet++,0.025,0.17555633745319232,0.2382485419511795,-0.9653212771473115,-1.1805999621516783,Period III,2013-01-01
2017-10-25,GARCHNet++,0.025,-0.4962418292052873,0.23581905663013458,-0.9603999225928809,-1.1746343047650558,Period III,2013-01-01
2017-10-26,GARCHNet++,0.025,0.12918200248079084,0.2675427198410034,-1.0228622977254862,-1.2506277878274146,Period III,2013-01-01
2017-10-27,GARCHNet++,0.025,0.8142940958378798,0.2639786899089813,-1.0160361160247957,-1.2423205266034778,Period III,2013-01-01
2017-10-30,GARCHNet++,0.025,-0.37320397514387565,0.25014349818229675,-0.9890933881379856,-1.209543378268062,Period III,2013-01-01
2017-10-31,GARCHNet++,0.025,0.15566996770224462,0.26832470297813416,-1.024356541259569,-1.2524568087006374,Period III,2013-01-01
2017-11-01,GARCHNet++,0.025,0.13212979863173313,0.2605019509792328,-1.0093301325645567,-1.234149642680756,Period III,2013-01-01
2017-11-02,GARCHNet++,0.025,0.03883129120887515,0.2538074553012848,-0.9962926325377793,-1.218273104727606,Period III,2013-01-01
2017-11-03,GARCHNet++,0.025,0.33331394896447597,0.25229328870773315,-0.9933195693756345,-1.2146507189150821,Period III,2013-01-01
2017-11-06,GARCHNet++,0.025,0.15464680535225,0.22424578666687012,-0.9367319129837506,-1.1464858044460484,Period III,2013-01-01
2017-11-07,GARCHNet++,0.025,-0.06955969865738221,0.21806539595127106,-0.9237531231959001,-1.1306829078188718,Period III,2013-01-01
2017-11-08,GARCHNet++,0.025,0.16994554859494032,0.22101972997188568,-0.9299780359925413,-1.13825485763889,Period III,2013-01-01
2017-11-09,GARCHNet++,0.025,-0.3634290754126552,0.21714510023593903,-0.9218048583304578,-1.1283107503212557,Period III,2013-01-01
2017-11-10,GARCHNet++,0.025,-0.030998756041870038,0.23569509387016296,-0.9603079747166602,-1.1751782255253205,Period III,2013-01-01
2017-11-13,GARCHNet++,0.025,0.09294382850910488,0.23833616077899933,-0.9656716288738572,-1.1817350491606988,Period III,2013-01-01
2017-11-14,GARCHNet++,0.025,-0.2325217451833892,0.23556767404079437,-0.9600498382324562,-1.1748683939377278,Period III,2013-01-01
2017-11-15,GARCHNet++,0.025,-0.5017839305914511,0.2483796775341034,-0.9857903812706419,-1.206281124731657,Period III,2013-01-01
2017-11-16,GARCHNet++,0.025,0.8465055348010225,0.29407235980033875,-1.0725869134497135,-1.312277250436901,Period III,2013-01-01
2017-11-17,GARCHNet++,0.025,-0.2943038812472192,0.2673285901546478,-1.0226992642212938,-1.251432750231255,Period III,2013-01-01
2017-11-20,GARCHNet++,0.025,0.1704907667696995,0.283681720495224,-1.0534842471898156,-1.2889750336943644,Period III,2013-01-01
2017-11-21,GARCHNet++,0.025,0.652147833318907,0.26596298813819885,-1.0200727001553591,-1.2481733048909187,Period III,2013-01-01
2017-11-22,GARCHNet++,0.025,-0.08849657864718609,0.2421896755695343,-0.9734481481694517,-1.1912561965448059,Period III,2013-01-01
2017-11-24,GARCHNet++,0.025,0.2307067052553484,0.23800568282604218,-0.9650044075733939,-1.1809288635896733,Period III,2013-01-01
2017-11-27,GARCHNet++,0.025,-0.049933486563042716,0.22832083702087402,-0.9451906829268326,-1.156780346988289,Period III,2013-01-01
2017-11-28,GARCHNet++,0.025,1.0093697243671753,0.23073379695415497,-0.9501607448520077,-1.1628163966219207,Period III,2013-01-01
2017-11-29,GARCHNet++,0.025,-0.0608865143803894,0.21461351215839386,-0.9164354093229237,-1.1218198412197535,Period III,2013-01-01
2017-11-30,GARCHNet++,0.025,0.871686829714373,0.21362616121768951,-0.9143202873128061,-1.1192116482919423,Period III,2013-01-01
2017-12-01,GARCHNet++,0.025,-0.20776191554762394,0.20123054087162018,-0.8874540412356066,-1.0865595944040332,Period III,2013-01-01
2017-12-04,GARCHNet++,0.025,-0.12106577450937815,0.20660482347011566,-0.8991973441402934,-1.1008164887033949,Period III,2013-01-01
2017-12-05,GARCHNet++,0.025,-0.36031069881391525,0.23464438319206238,-0.958280195206398,-1.1731710877492934,Period III,2013-01-01
2017-12-06,GARCHNet++,0.025,0.01899124055029588,0.26363953948020935,-1.015726963028793,-1.2433482041941448,Period III,2013-01-01
2017-12-07,GARCHNet++,0.025,0.31481207607982853,0.263994961977005,-1.0164139301451272,-1.2441995491661788,Period III,2013-01-01
2017-12-08,GARCHNet++,0.025,0.5438294285834409,0.25183597207069397,-0.9927455077265988,-1.2152859352547551,Period III,2013-01-01
2017-12-11,GARCHNet++,0.025,0.30084930440527813,0.23264063894748688,-0.9541904652769627,-1.1682083246385166,Period III,2013-01-01
2017-12-12,GARCHNet++,0.025,0.17633095564034157,0.2220487892627716,-0.9322352638452872,-1.141409066706754,Period III,2013-01-01
2017-12-13,GARCHNet++,0.025,-0.011245395534321218,0.21735833585262299,-0.9223522047125594,-1.1293728591631589,Period III,2013-01-01
2017-12-14,GARCHNet++,0.025,-0.4094580692557239,0.2185453176498413,-0.9248626233452458,-1.1324276306026568,Period III,2013-01-01
2017-12-15,GARCHNet++,0.025,0.31944935073848557,0.24677011370658875,-0.9827204056177239,-1.2030569652046637,Period III,2013-01-01
2017-12-18,GARCHNet++,0.025,0.6321213365544615,0.24077893793582916,-0.9707235979537341,-1.188394794891319,Period III,2013-01-01
2017-12-19,GARCHNet++,0.025,-0.3847806193067688,0.224312886595726,-0.9369761107128626,-1.147214407828615,Period III,2013-01-01
2017-12-20,GARCHNet++,0.025,-0.05242031016257336,0.25171560049057007,-0.9925128536094777,-1.2150202472300973,Period III,2013-01-01
2019-12-24,Historical Simulation,0.025,0.003116122791065835,0.6680189045309097,-1.9443448846336353,-2.70869577559178,Period IV,2016-01-01
2019-12-26,Historical Simulation,0.025,0.5309143350541635,0.6680058651482196,-1.9443448846336353,-2.70869577559178,Period IV,2016-01-01
2019-12-27,Historical Simulation,0.025,-0.02478076548954347,0.6665033312677051,-1.9443448846336353,-2.70869577559178,Period IV,2016-01-01
2019-12-30,Historical Simulation,0.025,-0.5528475915667534,0.6603616888636478,-1.9238944114832937,-2.6892954050534086,Period IV,2016-01-01
2019-12-31,Historical Simulation,0.025,0.24263514356685495,0.6593917530296294,-1.9238944114832937,-2.6892954050534086,Period IV,2016-01-01
2020-01-02,Historical Simulation,0.025,0.9308464399828982,0.6594260588119903,-1.9238944114832937,-2.6892954050534086,Period IV,2016-01-01
2020-01-03,Historical Simulation,0.025,-0.7601048398627837,0.659633829191519,-1.9238944114832937,-2.6892954050534086,Period IV,2016-01-01
2020-01-06,Historical Simulation,0.025,0.380779332143604,0.6536406860609473,-1.88712770532005,-2.665203523517828,Period IV,2016-01-01
2020-01-07,Historical Simulation,0.025,-0.2815737819690788,0.6512636950876525,-1.88712770532005,-2.665203523517828,Period IV,2016-01-01
2020-01-08,Historical Simulation,0.025,0.5315384309479368,0.6464283882425896,-1.8684114183197513,-2.6538519009061803,Period IV,2016-01-01
2020-01-09,Historical Simulation,0.025,0.6757763910630538,0.6466501388121996,-1.8684114183197513,-2.6538519009061803,Period IV,2016-01-01
2020-01-10,Historical Simulation,0.025,-0.2881853924458683,0.6452235718903794,-1.8684114183197513,-2.6538519009061803,Period IV,2016-01-01
2020-01-13,Historical Simulation,0.025,0.6853806284860935,0.6450893932284809,-1.8684114183197513,-2.6538519009061803,Period IV,2016-01-01
2020-01-14,Historical Simulation,0.025,-0.1525786018845352,0.6415795513187262,-1.8684114183197513,-2.6538519009061803,Period IV,2016-01-01
2020-01-15,Historical Simulation,0.025,0.22573074615838976,0.6391294967163521,-1.8684114183197513,-2.6538519009061803,Period IV,2016-01-01
2020-01-16,Historical Simulation,0.025,0.8283978494246641,0.637467010981844,-1.8684114183197513,-2.6538519009061803,Period IV,2016-01-01
2020-01-17,Historical Simulation,0.025,0.31076970399105486,0.6367415907813618,-1.8684114183197513,-2.6538519009061803,Period IV,2016-01-01
2020-01-21,Historical Simulation,0.025,-0.1960119478876216,0.6365916131270536,-1.8684114183197513,-2.6538519009061803,Period IV,2016-01-01
2020-01-22,Historical Simulation,0.025,0.012075499797367417,0.6311100019061756,-1.8684114183197513,-2.6538519009061803,Period IV,2016-01-01
2020-01-23,Historical Simulation,0.025,0.11462158049533978,0.6311036574792883,-1.8684114183197513,-2.6538519009061803,Period IV,2016-01-01
2020-01-24,Historical Simulation,0.025,-0.8932858535968823,0.6275943797091459,-1.8684114183197513,-2.6538519009061803,Period IV,2016-01-01
2020-01-27,Historical Simulation,0.025,-1.6159270785999107,0.6281993950470047,-1.8684114183197513,-2.6538519009061803,Period IV,2016-01-01
2020-01-28,Historical Simulation,0.025,1.042465373821599,0.6309776774568615,-1.8684114183197513,-2.6538519009061803,Period IV,2016-01-01
2020-01-29,Historical Simulation,0.025,-0.08263669800950708,0.6280425371072335,-1.8638418820446339,-2.6516343407287826,Period IV,2016-01-01
2020-01-30,Historical Simulation,0.025,0.32400993602699546,0.6260682210253466,-1.8638418820446339,-2.6516343407287826,Period IV,2016-01-01
2020-01-31,Historical Simulation,0.025,-1.8324781429623003,0.6261370628830013,-1.8638418820446339,-2.6516343407287826,Period IV,2016-01-01
2020-02-03,Historical Simulation,0.025,0.7401083897971815,0.629686928103691,-1.8638418820446339,-2.6516343407287826,Period IV,2016-01-01
2020-02-04,Historical Simulation,0.025,1.5126295011474384,0.6282884990776818,-1.8638418820446339,-2.6516343407287826,Period IV,2016-01-01
2020-02-05,Historical Simulation,0.025,1.1481839611606393,0.6264703522036376,-1.8638418820446339,-2.6516343407287826,Period IV,2016-01-01
2020-02-06,Historical Simulation,0.025,0.3359206688677661,0.6250451728103211,-1.8638418820446339,-2.6516343407287826,Period IV,2016-01-01
2020-02-07,Historical Simulation,0.025,-0.5343909914229443,0.6226730244246234,-1.8638418820446339,-2.6516343407287826,Period IV,2016-01-01
2020-02-10,Historical Simulation,0.025,0.7437595617929694,0.6228038752506135,-1.8638418820446339,-2.6516343407287826,Period IV,2016-01-01
2020-02-11,Historical Simulation,0.025,0.17315497884897968,0.6232680803222496,-1.8638418820446339,-2.6516343407287826,Period IV,2016-01-01
2020-02-12,Historical Simulation,0.025,0.6422105641496987,0.6213685791894644,-1.8638418820446339,-2.6516343407287826,Period IV,2016-01-01
2020-02-13,Historical Simulation,0.025,-0.10675361685061084,0.6199527025003823,-1.8638418820446339,-2.6516343407287826,Period IV,2016-01-01
2020-02-14,Historical Simulation,0.025,0.160083199630131,0.6198185664419121,-1.8638418820446339,-2.6516343407287826,Period IV,2016-01-01
2020-02-18,Historical Simulation,0.025,-0.25803258874645635,0.6185085974640595,-1.8638418820446339,-2.6516343407287826,Period IV,2016-01-01
2020-02-19,Historical Simulation,0.025,0.4769841309919101,0.6185251304140887,-1.8638418820446339,-2.6516343407287826,Period IV,2016-01-01
2020-02-20,Historical Simulation,0.025,-0.4116708603145274,0.6179925829738127,-1.8638418820446339,-2.6516343407287826,Period IV,2016-01-01
2020-02-21,Historical Simulation,0.025,-1.0351661133344123,0.613056527965155,-1.8638418820446339,-2.6516343407287826,Period IV,2016-01-01
2020-02-24,Historical Simulation,0.025,-3.372784139233276,0.6140835761274092,-1.8638418820446339,-2.6516343407287826,Period IV,2016-01-01
2020-02-25,Historical Simulation,0.025,-3.0770750603140917,0.6256923100000058,-1.8684114183197513,-2.7118274919988914,Period IV,2016-01-01
2020-02-26,Historical Simulation,0.025,-0.36849962639194167,0.6353789583662236,-1.8876277548878466,-2.75946258276952,Period IV,2016-01-01
2020-02-27,Historical Simulation,0.025,-4.595146753683802,0.6355482152374916,-1.8876277548878466,-2.75946258276952,Period IV,2016-01-01
2020-02-28,Historical Simulation,0.025,-0.4210390573741874,0.6557743167133822,-1.9443448846336353,-2.865532599131778,Period IV,2016-01-01
2020-03-02,Historical Simulation,0.025,4.239500466012263,0.6557820153520135,-1.9443448846336353,-2.865532599131778,Period IV,2016-01-01
2020-03-03,Historical Simulation,0.025,-2.9050362476348153,0.6734198474661108,-1.9443448846336353,-2.865532599131778,Period IV,2016-01-01
2020-03-04,Historical Simulation,0.025,4.11736370118587,0.6796767490689744,-1.9856671334588014,-2.9024805312420523,Period IV,2016-01-01
2020-03-05,Historical Simulation,0.025,-3.380675024137826,0.6962782095774354,-1.9856671334588014,-2.9024805312420523,Period IV,2016-01-01
2020-03-06,Historical Simulation,0.025,-1.6669275633020058,0.7079618429746571,-2.1551952894153743,-2.9515273126830768,Period IV,2016-01-01
2020-03-09,Historical Simulation,0.025,-8.131252304186743,0.7105858832340146,-2.1551952894153743,-2.9515273126830768,Period IV,2016-01-01
2020-03-10,Historical Simulation,0.025,5.045058729381138,0.7769595218134244,-2.182571059511848,-3.1894935032410205,Period IV,2016-01-01
2020-03-11,Historical Simulation,0.025,-4.997673845028892,0.8020930678234357,-2.182571059511848,-3.1894935032410205,Period IV,2016-01-01
2020-03-12,Historical Simulation,0.025,-10.056886056624313,0.8274026471272572,-2.201694114077794,-3.3013589245947093,Period IV,2016-01-01
2020-03-13,Historical Simulation,0.025,8.202809219873311,0.9291286451396137,-2.22793349485144,-3.6145435497864025,Period IV,2016-01-01
2020-03-16,Historical Simulation,0.025,-11.588653747701535,0.9956220002306568,-2.22793349485144,-3.6145435497864025,Period IV,2016-01-01
2020-03-17,Historical Simulation,0.025,5.258492094923695,1.1305689249750943,-2.2562237240270284,-3.9879379737900775,Period IV,2016-01-01
2020-03-18,Historical Simulation,0.025,-5.195975100253782,1.1580447706710402,-2.2562237240270284,-3.9879379737900775,Period IV,2016-01-01
2020-03-19,Historical Simulation,0.025,0.21227225413289977,1.1844510730023312,-2.3526210270456156,-4.101736329628048,Period IV,2016-01-01
2020-03-20,Historical Simulation,0.025,-4.9913373039575335,1.184311346301132,-2.3526210270456156,-4.101736329628048,Period IV,2016-01-01
2020-03-23,Historical Simulation,0.025,-2.5900755458341242,1.2093152051618965,-2.4153936466816184,-4.204781457228403,Period IV,2016-01-01
2020-03-24,Historical Simulation,0.025,8.673099436253732,1.2156285923274348,-2.4253128764490373,-4.211480862131109,Period IV,2016-01-01
2020-03-25,Historical Simulation,0.025,1.4859233619037202,1.2906058166132894,-2.4253128764490373,-4.211480862131109,Period IV,2016-01-01
2020-03-26,Historical Simulation,0.025,5.674869876971942,1.29171911209568,-2.4253128764490373,-4.211480862131109,Period IV,2016-01-01
2020-03-27,Historical Simulation,0.025,-3.0238259991311156,1.3225793410852835,-2.4253128764490373,-4.211480862131109,Period IV,2016-01-01
2020-03-30,Historical Simulation,0.025,3.1959525345806683,1.330363862750752,-2.5318298140328275,-4.231174360073623,Period IV,2016-01-01
2020-03-31,Historical Simulation,0.025,-1.501758659412402,1.3403797792071241,-2.5318298140328275,-4.231174360073623,Period IV,2016-01-01
2020-04-01,Historical Simulation,0.025,-4.604904148877963,1.3426429314955395,-2.5318298140328275,-4.231174360073623,Period IV,2016-01-01
2020-04-02,Historical Simulation,0.025,2.2813182552417124,1.3632374353346668,-2.54626250056828,-4.313564962462693,Period IV,2016-01-01
2020-04-03,Historical Simulation,0.025,-1.4559672253661922,1.3673887249883454,-2.54626250056828,-4.313564962462693,Period IV,2016-01-01
2020-04-06,Historical Simulation,0.025,6.500673748543067,1.369564448986719,-2.54626250056828,-4.313564962462693,Period IV,2016-01-01
2020-04-07,Historical Simulation,0.025,0.10189609599744974,1.4115757485020792,-2.54626250056828,-4.313564962462693,Period IV,2016-01-01
2020-04-08,Historical Simulation,0.025,3.3017294838593205,1.4111240692336615,-2.54626250056828,-4.313564962462693,Period IV,2016-01-01
2020-04-09,Historical Simulation,0.025,1.5102738376915348,1.4217866322217216,-2.54626250056828,-4.313564962462693,Period IV,2016-01-01
2020-04-13,Historical Simulation,0.025,-0.9172087816788214,1.4239832309691105,-2.54626250056828,-4.313564962462693,Period IV,2016-01-01
2020-04-14,Historical Simulation,0.025,2.906632258223601,1.4245553157116748,-2.54626250056828,-4.313564962462693,Period IV,2016-01-01
2020-04-15,Historical Simulation,0.025,-2.1477091502921484,1.4328426512567263,-2.54626250056828,-4.313564962462693,Period IV,2016-01-01
2020-04-16,Historical Simulation,0.025,0.4812695780353366,1.4375472841209378,-2.54626250056828,-4.313564962462693,Period IV,2016-01-01
2020-04-17,Historical Simulation,0.025,2.6656961689813343,1.4377378804605183,-2.54626250056828,-4.313564962462693,Period IV,2016-01-01
2020-04-20,Historical Simulation,0.025,-1.777502481605561,1.4446599127029167,-2.54626250056828,-4.313564962462693,Period IV,2016-01-01
2020-04-21,Historical Simulation,0.025,-3.0833763390650035,1.4470442402994006,-2.54626250056828,-4.313564962462693,Period IV,2016-01-01
2020-04-22,Historical Simulation,0.025,2.1951826516892337,1.4564166504876643,-2.590381462574656,-4.333296994191928,Period IV,2016-01-01
2020-04-23,Historical Simulation,0.025,-0.007173145408748019,1.4605321984841169,-2.590381462574656,-4.333296994191928,Period IV,2016-01-01
2020-04-24,Historical Simulation,0.025,1.3842458314098778,1.4597155779939839,-2.590381462574656,-4.333296994191928,Period IV,2016-01-01
2020-04-27,Historical Simulation,0.025,1.4315484816994306,1.4611987840460121,-2.590381462574656,-4.333296994191928,Period IV,2016-01-01
2020-04-28,Historical Simulation,0.025,-0.4609026663486172,1.4631540541226753,-2.590381462574656,-4.333296994191928,Period IV,2016-01-01
2020-04-29,Historical Simulation,0.025,2.5841699275864904,1.4632881849269113,-2.590381462574656,-4.333296994191928,Period IV,2016-01-01
2020-04-30,Historical Simulation,0.025,-0.9354281772853418,1.4697951765575696,-2.590381462574656,-4.333296994191928,Period IV,2016-01-01
2020-05-01,Historical Simulation,0.025,-2.683016199258795,1.469291514285905,-2.590381462574656,-4.333296994191928,Period IV,2016-01-01
2020-05-04,Historical Simulation,0.025,0.2754429163740411,1.4757258028950813,-2.603566958761966,-4.3365251535440645,Period IV,2016-01-01
2020-05-05,Historical Simulation,0.025,0.9196902343131826,1.4757853332220516,-2.603566958761966,-4.3365251535440645,Period IV,2016-01-01
2020-05-06,Historical Simulation,0.025,-0.6801801811007939,1.47574811160368,-2.603566958761966,-4.3365251535440645,Period IV,2016-01-01
2020-05-07,Historical Simulation,0.025,1.199459319300605,1.475355174042742,-2.603566958761966,-4.3365251535440645,Period IV,2016-01-01
2020-05-08,Historical Simulation,0.025,1.641079994986407,1.4757743637782548,-2.603566958761966,-4.3365251535440645,Period IV,2016-01-01
2020-05-11,Historical Simulation,0.025,0.020514089839544992,1.4783571709631689,-2.603566958761966,-4.3365251535440645,Period IV,2016-01-01
2020-05-12,Historical Simulation,0.025,-2.0132891412706133,1.4782106816355596,-2.603566958761966,-4.3365251535440645,Period IV,2016-01-01
2020-05-13,Historical Simulation,0.025,-1.7844129300901634,1.4820542498625806,-2.603566958761966,-4.3365251535440645,Period IV,2016-01-01
2020-05-14,Historical Simulation,0.025,1.1896269895517233,1.4853300864624006,-2.603566958761966,-4.3365251535440645,Period IV,2016-01-01
2020-05-15,Historical Simulation,0.025,0.4586432752557939,1.4850925893043752,-2.603566958761966,-4.3365251535440645,Period IV,2016-01-01
2020-05-18,Historical Simulation,0.025,3.000500773344127,1.4848593744547003,-2.603566958761966,-4.3365251535440645,Period IV,2016-01-01
2020-05-19,Historical Simulation,0.025,-1.0324294894732977,1.4936753281864317,-2.603566958761966,-4.3365251535440645,Period IV,2016-01-01
2020-05-20,Historical Simulation,0.025,1.6845334676130814,1.4946562973497828,-2.603566958761966,-4.3365251535440645,Period IV,2016-01-01
2020-05-21,Historical Simulation,0.025,-0.6927885641062185,1.4973336941354645,-2.603566958761966,-4.3365251535440645,Period IV,2016-01-01
2020-05-22,Historical Simulation,0.025,0.18972683277800959,1.497833751287039,-2.603566958761966,-4.3365251535440645,Period IV,2016-01-01
2020-05-26,Historical Simulation,0.025,1.2245272426979938,1.4977850484098068,-2.603566958761966,-4.3365251535440645,Period IV,2016-01-01
2020-05-27,Historical Simulation,0.025,1.4769397145406273,1.4990912997235664,-2.603566958761966,-4.3365251535440645,Period IV,2016-01-01
2020-05-28,Historical Simulation,0.025,-0.18466536446246287,1.500947654604016,-2.603566958761966,-4.3365251535440645,Period IV,2016-01-01
2020-05-29,Historical Simulation,0.025,0.4446008688818559,1.5009819973308067,-2.603566958761966,-4.3365251535440645,Period IV,2016-01-01
2020-06-01,Historical Simulation,0.025,0.4033587965397369,1.501065282964509,-2.603566958761966,-4.3365251535440645,Period IV,2016-01-01
2020-06-02,Historical Simulation,0.025,0.8246054531519834,1.5011702698071956,-2.603566958761966,-4.3365251535440645,Period IV,2016-01-01
2020-06-03,Historical Simulation,0.025,1.3220475147309174,1.5008101378418115,-2.603566958761966,-4.3365251535440645,Period IV,2016-01-01
2020-06-04,Historical Simulation,0.025,-0.26301691177292247,1.5017946700971931,-2.603566958761966,-4.3365251535440645,Period IV,2016-01-01
2020-06-05,Historical Simulation,0.025,2.530660249279807,1.5018304574398664,-2.603566958761966,-4.3365251535440645,Period IV,2016-01-01
2020-06-08,Historical Simulation,0.025,1.2015009972408368,1.507998948675727,-2.603566958761966,-4.3365251535440645,Period IV,2016-01-01
2020-06-09,Historical Simulation,0.025,-0.7484634342424462,1.5092765294635309,-2.603566958761966,-4.3365251535440645,Period IV,2016-01-01
2020-06-10,Historical Simulation,0.025,-0.5595627288950511,1.5090285597725324,-2.603566958761966,-4.3365251535440645,Period IV,2016-01-01
2020-06-11,Historical Simulation,0.025,-5.937740794860814,1.5090339691609798,-2.603566958761966,-4.3365251535440645,Period IV,2016-01-01
2020-06-12,Historical Simulation,0.025,1.1904529469550793,1.544740391692512,-2.653135137769432,-4.467934707429769,Period IV,2016-01-01
2020-06-15,Historical Simulation,0.025,0.9292336713778283,1.5460312434948347,-2.653135137769432,-4.467934707429769,Period IV,2016-01-01
2020-06-16,Historical Simulation,0.025,1.9064798523327482,1.5452474482077994,-2.653135137769432,-4.467934707429769,Period IV,2016-01-01
2020-06-17,Historical Simulation,0.025,-0.41624977750896663,1.535049126284965,-2.603566958761966,-4.427756111187922,Period IV,2016-01-01
2020-06-18,Historical Simulation,0.025,0.038494520146086855,1.5318311079135478,-2.603566958761966,-4.427756111187922,Period IV,2016-01-01
2020-06-19,Historical Simulation,0.025,-1.0122210350604972,1.5287870940839736,-2.603566958761966,-4.427756111187922,Period IV,2016-01-01
2020-06-22,Historical Simulation,0.025,0.6394687803636784,1.5271832430573586,-2.603566958761966,-4.427756111187922,Period IV,2016-01-01
2020-06-23,Historical Simulation,0.025,0.45931078389241775,1.5258107854004272,-2.603566958761966,-4.427756111187922,Period IV,2016-01-01
2020-06-24,Historical Simulation,0.025,-2.5839694081199536,1.5259581538712956,-2.603566958761966,-4.427756111187922,Period IV,2016-01-01
2020-06-25,Historical Simulation,0.025,1.066348503151595,1.532264361397457,-2.603566958761966,-4.427756111187922,Period IV,2016-01-01
2020-06-26,Historical Simulation,0.025,-2.4038096459339244,1.5330090055820995,-2.603566958761966,-4.427756111187922,Period IV,2016-01-01
2020-06-29,Historical Simulation,0.025,1.4590600813082581,1.538963075597736,-2.603566958761966,-4.427756111187922,Period IV,2016-01-01
2020-06-30,Historical Simulation,0.025,1.2728196521442903,1.5389085595259342,-2.603566958761966,-4.427756111187922,Period IV,2016-01-01
2020-07-01,Historical Simulation,0.025,0.6980392070335714,1.5403391678932776,-2.603566958761966,-4.427756111187922,Period IV,2016-01-01
2020-07-02,Historical Simulation,0.025,0.5491854742917902,1.5403045225022816,-2.603566958761966,-4.427756111187922,Period IV,2016-01-01
2020-07-06,Historical Simulation,0.025,1.531932074415112,1.5405644455825862,-2.603566958761966,-4.427756111187922,Period IV,2016-01-01
2020-07-07,Historical Simulation,0.025,-1.0367352129633485,1.5425294193237489,-2.603566958761966,-4.427756111187922,Period IV,2016-01-01
2020-07-08,Historical Simulation,0.025,0.7619548988834753,1.5436556915996358,-2.603566958761966,-4.427756111187922,Period IV,2016-01-01
2020-07-09,Historical Simulation,0.025,-0.5709187671675111,1.5441275324320436,-2.603566958761966,-4.427756111187922,Period IV,2016-01-01
2020-07-10,Historical Simulation,0.025,1.0158770368597723,1.5444788454494185,-2.603566958761966,-4.427756111187922,Period IV,2016-01-01
2020-07-13,Historical Simulation,0.025,-0.8696669557654455,1.545293754374566,-2.603566958761966,-4.427756111187922,Period IV,2016-01-01
2020-07-14,Historical Simulation,0.025,1.2875768095466746,1.5459446492569997,-2.603566958761966,-4.427756111187922,Period IV,2016-01-01
2020-07-15,Historical Simulation,0.025,0.9145287724412186,1.547339831397487,-2.603566958761966,-4.427756111187922,Period IV,2016-01-01
2020-07-16,Historical Simulation,0.025,-0.329888738868124,1.5480103849108053,-2.603566958761966,-4.427756111187922,Period IV,2016-01-01
2020-07-17,Historical Simulation,0.025,0.28948757563760136,1.54814684414288,-2.603566958761966,-4.427756111187922,Period IV,2016-01-01
2020-07-20,Historical Simulation,0.025,0.8049099456827503,1.5481882378507237,-2.603566958761966,-4.427756111187922,Period IV,2016-01-01
2020-07-21,Historical Simulation,0.025,0.2125275847297115,1.5487682969190053,-2.603566958761966,-4.427756111187922,Period IV,2016-01-01
2020-07-22,Historical Simulation,0.025,0.5675918714983156,1.5487833252126912,-2.603566958761966,-4.427756111187922,Period IV,2016-01-01
2020-07-23,Historical Simulation,0.025,-1.2003449762736862,1.549045961849476,-2.603566958761966,-4.427756111187922,Period IV,2016-01-01
2020-07-24,Historical Simulation,0.025,-0.64612134078022,1.550120081924735,-2.603566958761966,-4.427756111187922,Period IV,2016-01-01
2020-07-27,Historical Simulation,0.025,0.7265973018451793,1.5505277599939542,-2.603566958761966,-4.427756111187922,Period IV,2016-01-01
2020-07-28,Historical Simulation,0.025,-0.6362589928741833,1.5509954834104203,-2.603566958761966,-4.427756111187922,Period IV,2016-01-01
2020-07-29,Historical Simulation,0.025,1.2223710163119286,1.5508509526983703,-2.603566958761966,-4.427756111187922,Period IV,2016-01-01
2020-07-30,Historical Simulation,0.025,-0.3574304927252317,1.5522422049922673,-2.603566958761966,-4.427756111187922,Period IV,2016-01-01
2020-07-31,Historical Simulation,0.025,0.7871143932114598,1.552399711336131,-2.603566958761966,-4.427756111187922,Period IV,2016-01-01
2020-08-03,Historical Simulation,0.025,0.6928106146781003,1.552875436649728,-2.603566958761966,-4.427756111187922,Period IV,2016-01-01
2020-08-04,Historical Simulation,0.025,0.38551736353535687,1.5531226098908613,-2.603566958761966,-4.427756111187922,Period IV,2016-01-01
2020-08-05,Historical Simulation,0.025,0.619174651583392,1.5532250095102536,-2.603566958761966,-4.427756111187922,Period IV,2016-01-01
2020-08-06,Historical Simulation,0.025,0.6662293756877345,1.5534982915548443,-2.603566958761966,-4.427756111187922,Period IV,2016-01-01
2020-08-07,Historical Simulation,0.025,0.07176581385700892,1.5535749883581527,-2.603566958761966,-4.427756111187922,Period IV,2016-01-01
2020-08-10,Historical Simulation,0.025,0.2984453160198847,1.5535547278445045,-2.603566958761966,-4.427756111187922,Period IV,2016-01-01
2020-08-11,Historical Simulation,0.025,-0.8288928022774745,1.5535872448170105,-2.603566958761966,-4.427756111187922,Period IV,2016-01-01
2020-08-12,Historical Simulation,0.025,1.3846051698275443,1.5543115020452287,-2.603566958761966,-4.427756111187922,Period IV,2016-01-01
2020-08-13,Historical Simulation,0.025,-0.18094117950114885,1.5561116328186395,-2.603566958761966,-4.427756111187922,Period IV,2016-01-01
2020-08-14,Historical Simulation,0.025,0.0029717119300824812,1.5561369934624671,-2.603566958761966,-4.427756111187922,Period IV,2016-01-01
2020-08-17,Historical Simulation,0.025,0.3171569384628661,1.5558290462796684,-2.603566958761966,-4.427756111187922,Period IV,2016-01-01
2020-08-18,Historical Simulation,0.025,0.21580407948688998,1.5558911557629918,-2.603566958761966,-4.427756111187922,Period IV,2016-01-01
2020-08-19,Historical Simulation,0.025,-0.4172416749373015,1.5558664498394124,-2.603566958761966,-4.427756111187922,Period IV,2016-01-01
2020-08-20,Historical Simulation,0.025,0.31087285855023805,1.5558790445039077,-2.603566958761966,-4.427756111187922,Period IV,2016-01-01
2020-08-21,Historical Simulation,0.025,0.354111615823734,1.5559068973429515,-2.603566958761966,-4.427756111187922,Period IV,2016-01-01
2020-08-24,Historical Simulation,0.025,1.0082155503900299,1.555894611630061,-2.603566958761966,-4.427756111187922,Period IV,2016-01-01
2020-08-25,Historical Simulation,0.025,0.3493196596273682,1.5568215325931567,-2.603566958761966,-4.427756111187922,Period IV,2016-01-01
2020-08-26,Historical Simulation,0.025,0.9975685076455696,1.5567503253116117,-2.603566958761966,-4.427756111187922,Period IV,2016-01-01
2020-08-27,Historical Simulation,0.025,0.2184163117804633,1.5575914625791965,-2.603566958761966,-4.427756111187922,Period IV,2016-01-01
2020-08-28,Historical Simulation,0.025,0.6438619734780553,1.5576180450810493,-2.603566958761966,-4.427756111187922,Period IV,2016-01-01
2020-08-31,Historical Simulation,0.025,-0.3629114393204243,1.5578989163007066,-2.603566958761966,-4.427756111187922,Period IV,2016-01-01
2020-09-01,Historical Simulation,0.025,0.9374514174085585,1.5519567466213113,-2.603566958761966,-4.427756111187922,Period IV,2016-01-01
2020-09-02,Historical Simulation,0.025,1.4360393117624624,1.5508529744018913,-2.603566958761966,-4.427756111187922,Period IV,2016-01-01
2020-09-03,Historical Simulation,0.025,-3.502042462644392,1.5505281203001975,-2.603566958761966,-4.427756111187922,Period IV,2016-01-01
2020-09-04,Historical Simulation,0.025,-0.8198218003101077,1.563150087611638,-2.653135137769432,-4.461737731784969,Period IV,2016-01-01
2020-09-08,Historical Simulation,0.025,-2.7703141558992694,1.5630051811413905,-2.653135137769432,-4.461737731784969,Period IV,2016-01-01
2020-09-09,Historical Simulation,0.025,1.9554908673632088,1.5700637371216473,-2.6779592160045294,-4.46543711603025,Period IV,2016-01-01
2020-09-10,Historical Simulation,0.025,-1.7516163589897775,1.5737145713285037,-2.6779592160045294,-4.46543711603025,Period IV,2016-01-01
2020-09-11,Historical Simulation,0.025,0.05089689668963855,1.576946231739262,-2.6779592160045294,-4.46543711603025,Period IV,2016-01-01
2020-09-14,Historical Simulation,0.025,1.3085281479949857,1.5757915378757474,-2.6779592160045294,-4.46543711603025,Period IV,2016-01-01
2020-09-15,Historical Simulation,0.025,0.5039640391992443,1.5770505349855506,-2.6779592160045294,-4.46543711603025,Period IV,2016-01-01
2020-09-16,Historical Simulation,0.025,-0.39765175958138604,1.5769079113353597,-2.6779592160045294,-4.46543711603025,Period IV,2016-01-01
2020-09-17,Historical Simulation,0.025,-0.8834169361647914,1.576365724907989,-2.6779592160045294,-4.46543711603025,Period IV,2016-01-01
2020-09-18,Historical Simulation,0.025,-1.5574449506466947,1.5768991355990056,-2.6779592160045294,-4.46543711603025,Period IV,2016-01-01
2020-09-21,Historical Simulation,0.025,-1.1191968358818667,1.5792597683922673,-2.6779592160045294,-4.46543711603025,Period IV,2016-01-01
2020-09-22,Historical Simulation,0.025,1.0132868136627597,1.5797045550803668,-2.6779592160045294,-4.46543711603025,Period IV,2016-01-01
2020-09-23,Historical Simulation,0.025,-2.3464099472423143,1.5801444946008962,-2.6779592160045294,-4.46543711603025,Period IV,2016-01-01
2020-09-24,Historical Simulation,0.025,0.2661917974041229,1.5857716760183287,-2.6779592160045294,-4.46543711603025,Period IV,2016-01-01
2020-09-25,Historical Simulation,0.025,1.6037664619024166,1.5855179319251815,-2.6779592160045294,-4.46543711603025,Period IV,2016-01-01
2020-09-28,Historical Simulation,0.025,1.6472922256805596,1.5878006520164822,-2.6779592160045294,-4.46543711603025,Period IV,2016-01-01
2020-09-29,Historical Simulation,0.025,-0.5460909306988011,1.5903764154855398,-2.6779592160045294,-4.46543711603025,Period IV,2016-01-01
2020-09-30,Historical Simulation,0.025,0.7553371925994548,1.590574494077274,-2.6779592160045294,-4.46543711603025,Period IV,2016-01-01
2020-10-01,Historical Simulation,0.025,0.6399479587811491,1.5908548478059676,-2.6779592160045294,-4.46543711603025,Period IV,2016-01-01
2020-10-02,Historical Simulation,0.025,-0.9539817709959986,1.5894765899465413,-2.6779592160045294,-4.46543711603025,Period IV,2016-01-01
2020-10-05,Historical Simulation,0.025,1.7577689434087953,1.590468449687221,-2.6779592160045294,-4.46543711603025,Period IV,2016-01-01
2020-10-06,Historical Simulation,0.025,-1.4317981848638595,1.593262925891634,-2.6779592160045294,-4.46543711603025,Period IV,2016-01-01
2020-10-07,Historical Simulation,0.025,1.7256912933913653,1.595448814286087,-2.6779592160045294,-4.46543711603025,Period IV,2016-01-01
2020-10-08,Historical Simulation,0.025,0.8823468516178457,1.5981167401295584,-2.6779592160045294,-4.46543711603025,Period IV,2016-01-01
2020-10-09,Historical Simulation,0.025,0.8890513079114817,1.5984814410532804,-2.6779592160045294,-4.46543711603025,Period IV,2016-01-01
2020-10-12,Historical Simulation,0.025,1.5959572761759169,1.5991419761393981,-2.6779592160045294,-4.46543711603025,Period IV,2016-01-01
2020-10-13,Historical Simulation,0.025,-0.6547472151973233,1.6014815840948509,-2.6779592160045294,-4.46543711603025,Period IV,2016-01-01
2020-10-14,Historical Simulation,0.025,-0.6303238972997072,1.6019781675976048,-2.6779592160045294,-4.46543711603025,Period IV,2016-01-01
2020-10-15,Historical Simulation,0.025,-0.12366240602409524,1.6022984621899936,-2.6779592160045294,-4.46543711603025,Period IV,2016-01-01
2020-10-16,Historical Simulation,0.025,-0.06044746150335752,1.6021805248381993,-2.6779592160045294,-4.46543711603025,Period IV,2016-01-01
2020-10-19,Historical Simulation,0.025,-1.532018543497615,1.6021301154691137,-2.6779592160045294,-4.46543711603025,Period IV,2016-01-01
2020-10-20,Historical Simulation,0.025,0.3997714914079781,1.6045294899638711,-2.6779592160045294,-4.46543711603025,Period IV,2016-01-01
2020-10-21,Historical Simulation,0.025,-0.18947226418669316,1.6045354425503038,-2.6779592160045294,-4.46543711603025,Period IV,2016-01-01
2020-10-22,Historical Simulation,0.025,0.5470303091080673,1.6045899670175514,-2.6779592160045294,-4.46543711603025,Period IV,2016-01-01
2020-10-23,Historical Simulation,0.025,0.33894308282106866,1.6042366914720783,-2.6779592160045294,-4.46543711603025,Period IV,2016-01-01
2020-10-26,Historical Simulation,0.025,-1.865279937878164,1.6038934390921165,-2.6779592160045294,-4.46543711603025,Period IV,2016-01-01
2020-10-27,Historical Simulation,0.025,-0.3453356836822834,1.6073043101148796,-2.6779592160045294,-4.46543711603025,Period IV,2016-01-01
2020-10-28,Historical Simulation,0.025,-3.4776689094976296,1.6074343394408979,-2.6779592160045294,-4.46543711603025,Period IV,2016-01-01
2020-10-29,Historical Simulation,0.025,1.0112194021458154,1.6152916960619155,-2.685198648174807,-4.497223224439804,Period IV,2016-01-01
2020-10-30,Historical Simulation,0.025,-1.0479600991130111,1.6160648041003491,-2.685198648174807,-4.497223224439804,Period IV,2016-01-01
2020-11-02,Historical Simulation,0.025,1.1146089588536665,1.6162284268482803,-2.685198648174807,-4.497223224439804,Period IV,2016-01-01
2020-11-03,Historical Simulation,0.025,1.7501869604411622,1.6173377943243958,-2.685198648174807,-4.497223224439804,Period IV,2016-01-01
2020-11-04,Historical Simulation,0.025,2.2103140022991603,1.620180146686862,-2.685198648174807,-4.497223224439804,Period IV,2016-01-01
2020-11-05,Historical Simulation,0.025,1.9315027809857488,1.6248720275423383,-2.685198648174807,-4.497223224439804,Period IV,2016-01-01
2020-11-06,Historical Simulation,0.025,-0.022840255085774322,1.6278938134160166,-2.685198648174807,-4.497223224439804,Period IV,2016-01-01
2020-11-09,Historical Simulation,0.025,1.2487373892100522,1.6278432895449684,-2.685198648174807,-4.497223224439804,Period IV,2016-01-01
2020-11-10,Historical Simulation,0.025,-0.1467651996983042,1.629070558132354,-2.685198648174807,-4.497223224439804,Period IV,2016-01-01
2020-11-11,Historical Simulation,0.025,0.7401096949917688,1.629034432719933,-2.685198648174807,-4.497223224439804,Period IV,2016-01-01
2020-11-12,Historical Simulation,0.025,-0.9748265478456679,1.6290173865975854,-2.685198648174807,-4.497223224439804,Period IV,2016-01-01
2020-11-13,Historical Simulation,0.025,1.3749537340944966,1.630042153579688,-2.685198648174807,-4.497223224439804,Period IV,2016-01-01
2020-11-16,Historical Simulation,0.025,1.2405285253222402,1.6318053675728164,-2.685198648174807,-4.497223224439804,Period IV,2016-01-01
2020-11-17,Historical Simulation,0.025,-0.5392820493601607,1.6331231176609846,-2.685198648174807,-4.497223224439804,Period IV,2016-01-01
2020-11-18,Historical Simulation,0.025,-1.2107823670750926,1.6331993252216406,-2.685198648174807,-4.497223224439804,Period IV,2016-01-01
2020-11-19,Historical Simulation,0.025,0.4201333813765502,1.6347652641527408,-2.685198648174807,-4.497223224439804,Period IV,2016-01-01
2020-11-20,Historical Simulation,0.025,-0.6871371590023763,1.6348205741018476,-2.685198648174807,-4.497223224439804,Period IV,2016-01-01
2020-11-23,Historical Simulation,0.025,0.5976546496514336,1.6351883163932683,-2.685198648174807,-4.497223224439804,Period IV,2016-01-01
2020-11-24,Historical Simulation,0.025,1.5985270793455963,1.6354902837657586,-2.685198648174807,-4.497223224439804,Period IV,2016-01-01
2020-11-25,Historical Simulation,0.025,-0.15429483273409825,1.637590461343791,-2.685198648174807,-4.497223224439804,Period IV,2016-01-01
2020-11-27,Historical Simulation,0.025,0.27811336248563356,1.6375607660028437,-2.685198648174807,-4.497223224439804,Period IV,2016-01-01
2020-11-30,Historical Simulation,0.025,-0.4436962743950226,1.636047147207581,-2.685198648174807,-4.497223224439804,Period IV,2016-01-01
2020-12-01,Historical Simulation,0.025,1.0878009496786718,1.6362502651963222,-2.685198648174807,-4.497223224439804,Period IV,2016-01-01
2020-12-02,Historical Simulation,0.025,0.2101553792160207,1.6370253064878233,-2.685198648174807,-4.497223224439804,Period IV,2016-01-01
2020-12-03,Historical Simulation,0.025,-0.027268937840814113,1.6370249817690292,-2.685198648174807,-4.497223224439804,Period IV,2016-01-01
2020-12-04,Historical Simulation,0.025,0.8580723421316999,1.636649312487828,-2.685198648174807,-4.497223224439804,Period IV,2016-01-01
2020-12-07,Historical Simulation,0.025,-0.20570277183633748,1.636534975368995,-2.685198648174807,-4.497223224439804,Period IV,2016-01-01
2020-12-08,Historical Simulation,0.025,0.2921889034867222,1.636468830867885,-2.685198648174807,-4.497223224439804,Period IV,2016-01-01
2020-12-09,Historical Simulation,0.025,-0.9009334055422739,1.635833864733658,-2.685198648174807,-4.497223224439804,Period IV,2016-01-01
2020-12-10,Historical Simulation,0.025,-0.0327149364656226,1.6367091876332671,-2.685198648174807,-4.497223224439804,Period IV,2016-01-01
2020-12-11,Historical Simulation,0.025,-0.11732759734402676,1.636602386038956,-2.685198648174807,-4.497223224439804,Period IV,2016-01-01
2020-12-14,Historical Simulation,0.025,-0.44872138059499406,1.6365228373101781,-2.685198648174807,-4.497223224439804,Period IV,2016-01-01
2020-12-15,Historical Simulation,0.025,1.3428850562282912,1.636721115808268,-2.685198648174807,-4.497223224439804,Period IV,2016-01-01
2020-12-16,Historical Simulation,0.025,0.1568122637186229,1.6383881310813586,-2.685198648174807,-4.497223224439804,Period IV,2016-01-01
2020-12-17,Historical Simulation,0.025,0.55763854485796,1.6383602551173087,-2.685198648174807,-4.497223224439804,Period IV,2016-01-01
2020-12-18,Historical Simulation,0.025,-0.8254471160338154,1.637843467849782,-2.685198648174807,-4.497223224439804,Period IV,2016-01-01
2020-12-21,Historical Simulation,0.025,-0.3581918959335216,1.6386057497497584,-2.685198648174807,-4.497223224439804,Period IV,2016-01-01
2020-12-22,Historical Simulation,0.025,-0.16868324984086336,1.6385991666762767,-2.685198648174807,-4.497223224439804,Period IV,2016-01-01
2019-12-24,GARCH,0.025,0.003116122791065835,0.22673577807606332,-0.9439303260849893,-1.3191570776246349,Period IV,2016-01-01
2019-12-26,GARCH,0.025,0.5309143350541635,0.22673577807606332,-0.9439303260849893,-1.3191570776246349,Period IV,2016-01-01
2019-12-27,GARCH,0.025,-0.02478076548954347,0.22673577807606332,-0.9439303260849893,-1.3191570776246349,Period IV,2016-01-01
2019-12-30,GARCH,0.025,-0.5528475915667534,0.22673577807606332,-0.9439303260849893,-1.3191570776246349,Period IV,2016-01-01
2019-12-31,GARCH,0.025,0.24263514356685495,0.22673577807606332,-0.9439303260849893,-1.3191570776246349,Period IV,2016-01-01
2020-01-02,GARCH,0.025,0.9308464399828982,0.22673577807606332,-0.9439303260849893,-1.3191570776246349,Period IV,2016-01-01
2020-01-03,GARCH,0.025,-0.7601048398627837,0.22673577807606332,-0.9439303260849893,-1.3191570776246349,Period IV,2016-01-01
2020-01-06,GARCH,0.025,0.380779332143604,0.22673577807606332,-0.9439303260849893,-1.3191570776246349,Period IV,2016-01-01
2020-01-07,GARCH,0.025,-0.2815737819690788,0.22673577807606332,-0.9439303260849893,-1.3191570776246349,Period IV,2016-01-01
2020-01-08,GARCH,0.025,0.5315384309479368,0.22673577807606332,-0.9439303260849893,-1.3191570776246349,Period IV,2016-01-01
2020-01-09,GARCH,0.025,0.6757763910630538,0.22673577807606332,-0.9439303260849893,-1.3191570776246349,Period IV,2016-01-01
2020-01-10,GARCH,0.025,-0.2881853924458683,0.22673577807606332,-0.9439303260849893,-1.3191570776246349,Period IV,2016-01-01
2020-01-13,GARCH,0.025,0.6853806284860935,0.22673577807606332,-0.9439303260849893,-1.3191570776246349,Period IV,2016-01-01
2020-01-14,GARCH,0.025,-0.1525786018845352,0.22673577807606332,-0.9439303260849893,-1.3191570776246349,Period IV,2016-01-01
2020-01-15,GARCH,0.025,0.22573074615838976,0.22673577807606332,-0.9439303260849893,-1.3191570776246349,Period IV,2016-01-01
2020-01-16,GARCH,0.025,0.8283978494246641,0.22673577807606332,-0.9439303260849893,-1.3191570776246349,Period IV,2016-01-01
2020-01-17,GARCH,0.025,0.31076970399105486,0.22673577807606332,-0.9439303260849893,-1.3191570776246349,Period IV,2016-01-01
2020-01-21,GARCH,0.025,-0.1960119478876216,0.22673577807606332,-0.9439303260849893,-1.3191570776246349,Period IV,2016-01-01
2020-01-22,GARCH,0.025,0.012075499797367417,0.22673577807606332,-0.9439303260849893,-1.3191570776246349,Period IV,2016-01-01
2020-01-23,GARCH,0.025,0.11462158049533978,0.22673577807606332,-0.9439303260849893,-1.3191570776246349,Period IV,2016-01-01
2020-01-24,GARCH,0.025,-0.8932858535968823,0.24157044800554398,-0.973592745769328,-1.3643250195898062,Period IV,2016-01-01
2020-01-27,GARCH,0.025,-1.6159270785999107,0.24157044800554398,-0.973592745769328,-1.3643250195898062,Period IV,2016-01-01
2020-01-28,GARCH,0.025,1.042465373821599,0.24157044800554398,-0.973592745769328,-1.3643250195898062,Period IV,2016-01-01
2020-01-29,GARCH,0.025,-0.08263669800950708,0.24157044800554398,-0.973592745769328,-1.3643250195898062,Period IV,2016-01-01
2020-01-30,GARCH,0.025,0.32400993602699546,0.24157044800554398,-0.973592745769328,-1.3643250195898062,Period IV,2016-01-01
2020-01-31,GARCH,0.025,-1.8324781429623003,0.24157044800554398,-0.973592745769328,-1.3643250195898062,Period IV,2016-01-01
2020-02-03,GARCH,0.025,0.7401083897971815,0.24157044800554398,-0.973592745769328,-1.3643250195898062,Period IV,2016-01-01
2020-02-04,GARCH,0.025,1.5126295011474384,0.24157044800554398,-0.973592745769328,-1.3643250195898062,Period IV,2016-01-01
2020-02-05,GARCH,0.025,1.1481839611606393,0.24157044800554398,-0.973592745769328,-1.3643250195898062,Period IV,2016-01-01
2020-02-06,GARCH,0.025,0.3359206688677661,0.24157044800554398,-0.973592745769328,-1.3643250195898062,Period IV,2016-01-01
2020-02-07,GARCH,0.025,-0.5343909914229443,0.24157044800554398,-0.973592745769328,-1.3643250195898062,Period IV,2016-01-01
2020-02-10,GARCH,0.025,0.7437595617929694,0.24157044800554398,-0.973592745769328,-1.3643250195898062,Period IV,2016-01-01
2020-02-11,GARCH,0.025,0.17315497884897968,0.24157044800554398,-0.973592745769328,-1.3643250195898062,Period IV,2016-01-01
2020-02-12,GARCH,0.025,0.6422105641496987,0.24157044800554398,-0.973592745769328,-1.3643250195898062,Period IV,2016-01-01
2020-02-13,GARCH,0.025,-0.10675361685061084,0.24157044800554398,-0.973592745769328,-1.3643250195898062,Period IV,2016-01-01
2020-02-14,GARCH,0.025,0.160083199630131,0.24157044800554398,-0.973592745769328,-1.3643250195898062,Period IV,2016-01-01
2020-02-18,GARCH,0.025,-0.25803258874645635,0.24157044800554398,-0.973592745769328,-1.3643250195898062,Period IV,2016-01-01
2020-02-19,GARCH,0.025,0.4769841309919101,0.24157044800554398,-0.973592745769328,-1.3643250195898062,Period IV,2016-01-01
2020-02-20,GARCH,0.025,-0.4116708603145274,0.24157044800554398,-0.973592745769328,-1.3643250195898062,Period IV,2016-01-01
2020-02-21,GARCH,0.025,-1.0351661133344123,0.24157044800554398,-0.973592745769328,-1.3643250195898062,Period IV,2016-01-01
2020-02-24,GARCH,0.025,-3.372784139233276,0.5119780006838702,-1.415872107994082,-1.9913464660299065,Period IV,2016-01-01
2020-02-25,GARCH,0.025,-3.0770750603140917,0.5119780006838702,-1.415872107994082,-1.9913464660299065,Period IV,2016-01-01
2020-02-26,GARCH,0.025,-0.36849962639194167,0.5119780006838702,-1.415872107994082,-1.9913464660299065,Period IV,2016-01-01
2020-02-27,GARCH,0.025,-4.595146753683802,0.5119780006838702,-1.415872107994082,-1.9913464660299065,Period IV,2016-01-01
2020-02-28,GARCH,0.025,-0.4210390573741874,0.5119780006838702,-1.415872107994082,-1.9913464660299065,Period IV,2016-01-01
2020-03-02,GARCH,0.025,4.239500466012263,0.5119780006838702,-1.415872107994082,-1.9913464660299065,Period IV,2016-01-01
2020-03-03,GARCH,0.025,-2.9050362476348153,0.5119780006838702,-1.415872107994082,-1.9913464660299065,Period IV,2016-01-01
2020-03-04,GARCH,0.025,4.11736370118587,0.5119780006838702,-1.415872107994082,-1.9913464660299065,Period IV,2016-01-01
2020-03-05,GARCH,0.025,-3.380675024137826,0.5119780006838702,-1.415872107994082,-1.9913464660299065,Period IV,2016-01-01
2020-03-06,GARCH,0.025,-1.6669275633020058,0.5119780006838702,-1.415872107994082,-1.9913464660299065,Period IV,2016-01-01
2020-03-09,GARCH,0.025,-8.131252304186743,0.5119780006838702,-1.415872107994082,-1.9913464660299065,Period IV,2016-01-01
2020-03-10,GARCH,0.025,5.045058729381138,0.5119780006838702,-1.415872107994082,-1.9913464660299065,Period IV,2016-01-01
2020-03-11,GARCH,0.025,-4.997673845028892,0.5119780006838702,-1.415872107994082,-1.9913464660299065,Period IV,2016-01-01
2020-03-12,GARCH,0.025,-10.056886056624313,0.5119780006838702,-1.415872107994082,-1.9913464660299065,Period IV,2016-01-01
2020-03-13,GARCH,0.025,8.202809219873311,0.5119780006838702,-1.415872107994082,-1.9913464660299065,Period IV,2016-01-01
2020-03-16,GARCH,0.025,-11.588653747701535,0.5119780006838702,-1.415872107994082,-1.9913464660299065,Period IV,2016-01-01
2020-03-17,GARCH,0.025,5.258492094923695,0.5119780006838702,-1.415872107994082,-1.9913464660299065,Period IV,2016-01-01
2020-03-18,GARCH,0.025,-5.195975100253782,0.5119780006838702,-1.415872107994082,-1.9913464660299065,Period IV,2016-01-01
2020-03-19,GARCH,0.025,0.21227225413289977,0.5119780006838702,-1.415872107994082,-1.9913464660299065,Period IV,2016-01-01
2020-03-20,GARCH,0.025,-4.9913373039575335,0.5119780006838702,-1.415872107994082,-1.9913464660299065,Period IV,2016-01-01
2020-03-23,GARCH,0.025,-2.5900755458341242,34.96049635871549,-11.690608052141416,-16.48591092799436,Period IV,2016-01-01
2020-03-24,GARCH,0.025,8.673099436253732,34.96049635871549,-11.690608052141416,-16.48591092799436,Period IV,2016-01-01
2020-03-25,GARCH,0.025,1.4859233619037202,34.96049635871549,-11.690608052141416,-16.48591092799436,Period IV,2016-01-01
2020-03-26,GARCH,0.025,5.674869876971942,34.96049635871549,-11.690608052141416,-16.48591092799436,Period IV,2016-01-01
2020-03-27,GARCH,0.025,-3.0238259991311156,34.96049635871549,-11.690608052141416,-16.48591092799436,Period IV,2016-01-01
2020-03-30,GARCH,0.025,3.1959525345806683,34.96049635871549,-11.690608052141416,-16.48591092799436,Period IV,2016-01-01
2020-03-31,GARCH,0.025,-1.501758659412402,34.96049635871549,-11.690608052141416,-16.48591092799436,Period IV,2016-01-01
2020-04-01,GARCH,0.025,-4.604904148877963,34.96049635871549,-11.690608052141416,-16.48591092799436,Period IV,2016-01-01
2020-04-02,GARCH,0.025,2.2813182552417124,34.96049635871549,-11.690608052141416,-16.48591092799436,Period IV,2016-01-01
2020-04-03,GARCH,0.025,-1.4559672253661922,34.96049635871549,-11.690608052141416,-16.48591092799436,Period IV,2016-01-01
2020-04-06,GARCH,0.025,6.500673748543067,34.96049635871549,-11.690608052141416,-16.48591092799436,Period IV,2016-01-01
2020-04-07,GARCH,0.025,0.10189609599744974,34.96049635871549,-11.690608052141416,-16.48591092799436,Period IV,2016-01-01
2020-04-08,GARCH,0.025,3.3017294838593205,34.96049635871549,-11.690608052141416,-16.48591092799436,Period IV,2016-01-01
2020-04-09,GARCH,0.025,1.5102738376915348,34.96049635871549,-11.690608052141416,-16.48591092799436,Period IV,2016-01-01
2020-04-13,GARCH,0.025,-0.9172087816788214,34.96049635871549,-11.690608052141416,-16.48591092799436,Period IV,2016-01-01
2020-04-14,GARCH,0.025,2.906632258223601,34.96049635871549,-11.690608052141416,-16.48591092799436,Period IV,2016-01-01
2020-04-15,GARCH,0.025,-2.1477091502921484,34.96049635871549,-11.690608052141416,-16.48591092799436,Period IV,2016-01-01
2020-04-16,GARCH,0.025,0.4812695780353366,34.96049635871549,-11.690608052141416,-16.48591092799436,Period IV,2016-01-01
2020-04-17,GARCH,0.025,2.6656961689813343,34.96049635871549,-11.690608052141416,-16.48591092799436,Period IV,2016-01-01
2020-04-20,GARCH,0.025,-1.777502481605561,34.96049635871549,-11.690608052141416,-16.48591092799436,Period IV,2016-01-01
2020-04-21,GARCH,0.025,-3.0833763390650035,5.518913531192363,-4.644351577092544,-6.551818853625871,Period IV,2016-01-01
2020-04-22,GARCH,0.025,2.1951826516892337,5.518913531192363,-4.644351577092544,-6.551818853625871,Period IV,2016-01-01
2020-04-23,GARCH,0.025,-0.007173145408748019,5.518913531192363,-4.644351577092544,-6.551818853625871,Period IV,2016-01-01
2020-04-24,GARCH,0.025,1.3842458314098778,5.518913531192363,-4.644351577092544,-6.551818853625871,Period IV,2016-01-01
2020-04-27,GARCH,0.025,1.4315484816994306,5.518913531192363,-4.644351577092544,-6.551818853625871,Period IV,2016-01-01
2020-04-28,GARCH,0.025,-0.4609026663486172,5.518913531192363,-4.644351577092544,-6.551818853625871,Period IV,2016-01-01
2020-04-29,GARCH,0.025,2.5841699275864904,5.518913531192363,-4.644351577092544,-6.551818853625871,Period IV,2016-01-01
2020-04-30,GARCH,0.025,-0.9354281772853418,5.518913531192363,-4.644351577092544,-6.551818853625871,Period IV,2016-01-01
2020-05-01,GARCH,0.025,-2.683016199258795,5.518913531192363,-4.644351577092544,-6.551818853625871,Period IV,2016-01-01
2020-05-04,GARCH,0.025,0.2754429163740411,5.518913531192363,-4.644351577092544,-6.551818853625871,Period IV,2016-01-01
2020-05-05,GARCH,0.025,0.9196902343131826,5.518913531192363,-4.644351577092544,-6.551818853625871,Period IV,2016-01-01
2020-05-06,GARCH,0.025,-0.6801801811007939,5.518913531192363,-4.644351577092544,-6.551818853625871,Period IV,2016-01-01
2020-05-07,GARCH,0.025,1.199459319300605,5.518913531192363,-4.644351577092544,-6.551818853625871,Period IV,2016-01-01
2020-05-08,GARCH,0.025,1.641079994986407,5.518913531192363,-4.644351577092544,-6.551818853625871,Period IV,2016-01-01
2020-05-11,GARCH,0.025,0.020514089839544992,5.518913531192363,-4.644351577092544,-6.551818853625871,Period IV,2016-01-01
2020-05-12,GARCH,0.025,-2.0132891412706133,5.518913531192363,-4.644351577092544,-6.551818853625871,Period IV,2016-01-01
2020-05-13,GARCH,0.025,-1.7844129300901634,5.518913531192363,-4.644351577092544,-6.551818853625871,Period IV,2016-01-01
2020-05-14,GARCH,0.025,1.1896269895517233,5.518913531192363,-4.644351577092544,-6.551818853625871,Period IV,2016-01-01
2020-05-15,GARCH,0.025,0.4586432752557939,5.518913531192363,-4.644351577092544,-6.551818853625871,Period IV,2016-01-01
2020-05-18,GARCH,0.025,3.000500773344127,5.518913531192363,-4.644351577092544,-6.551818853625871,Period IV,2016-01-01
2020-05-19,GARCH,0.025,-1.0324294894732977,3.510276450421821,-3.7027297996869457,-5.22909464498779,Period IV,2016-01-01
2020-05-20,GARCH,0.025,1.6845334676130814,3.510276450421821,-3.7027297996869457,-5.22909464498779,Period IV,2016-01-01
2020-05-21,GARCH,0.025,-0.6927885641062185,3.510276450421821,-3.7027297996869457,-5.22909464498779,Period IV,2016-01-01
2020-05-22,GARCH,0.025,0.18972683277800959,3.510276450421821,-3.7027297996869457,-5.22909464498779,Period IV,2016-01-01
2020-05-26,GARCH,0.025,1.2245272426979938,3.510276450421821,-3.7027297996869457,-5.22909464498779,Period IV,2016-01-01
2020-05-27,GARCH,0.025,1.4769397145406273,3.510276450421821,-3.7027297996869457,-5.22909464498779,Period IV,2016-01-01
2020-05-28,GARCH,0.025,-0.18466536446246287,3.510276450421821,-3.7027297996869457,-5.22909464498779,Period IV,2016-01-01
2020-05-29,GARCH,0.025,0.4446008688818559,3.510276450421821,-3.7027297996869457,-5.22909464498779,Period IV,2016-01-01
2020-06-01,GARCH,0.025,0.4033587965397369,3.510276450421821,-3.7027297996869457,-5.22909464498779,Period IV,2016-01-01
2020-06-02,GARCH,0.025,0.8246054531519834,3.510276450421821,-3.7027297996869457,-5.22909464498779,Period IV,2016-01-01
2020-06-03,GARCH,0.025,1.3220475147309174,3.510276450421821,-3.7027297996869457,-5.22909464498779,Period IV,2016-01-01
2020-06-04,GARCH,0.025,-0.26301691177292247,3.510276450421821,-3.7027297996869457,-5.22909464498779,Period IV,2016-01-01
2020-06-05,GARCH,0.025,2.530660249279807,3.510276450421821,-3.7027297996869457,-5.22909464498779,Period IV,2016-01-01
2020-06-08,GARCH,0.025,1.2015009972408368,3.510276450421821,-3.7027297996869457,-5.22909464498779,Period IV,2016-01-01
2020-06-09,GARCH,0.025,-0.7484634342424462,3.510276450421821,-3.7027297996869457,-5.22909464498779,Period IV,2016-01-01
2020-06-10,GARCH,0.025,-0.5595627288950511,3.510276450421821,-3.7027297996869457,-5.22909464498779,Period IV,2016-01-01
2020-06-11,GARCH,0.025,-5.937740794860814,3.510276450421821,-3.7027297996869457,-5.22909464498779,Period IV,2016-01-01
2020-06-12,GARCH,0.025,1.1904529469550793,3.510276450421821,-3.7027297996869457,-5.22909464498779,Period IV,2016-01-01
2020-06-15,GARCH,0.025,0.9292336713778283,3.510276450421821,-3.7027297996869457,-5.22909464498779,Period IV,2016-01-01
2020-06-16,GARCH,0.025,1.9064798523327482,3.510276450421821,-3.7027297996869457,-5.22909464498779,Period IV,2016-01-01
2020-06-17,GARCH,0.025,-0.41624977750896663,5.373715153928123,-4.586607075930959,-6.4530116132618724,Period IV,2016-01-01
2020-06-18,GARCH,0.025,0.038494520146086855,5.373715153928123,-4.586607075930959,-6.4530116132618724,Period IV,2016-01-01
2020-06-19,GARCH,0.025,-1.0122210350604972,5.373715153928123,-4.586607075930959,-6.4530116132618724,Period IV,2016-01-01
2020-06-22,GARCH,0.025,0.6394687803636784,5.373715153928123,-4.586607075930959,-6.4530116132618724,Period IV,2016-01-01
2020-06-23,GARCH,0.025,0.45931078389241775,5.373715153928123,-4.586607075930959,-6.4530116132618724,Period IV,2016-01-01
2020-06-24,GARCH,0.025,-2.5839694081199536,5.373715153928123,-4.586607075930959,-6.4530116132618724,Period IV,2016-01-01
2020-06-25,GARCH,0.025,1.066348503151595,5.373715153928123,-4.586607075930959,-6.4530116132618724,Period IV,2016-01-01
2020-06-26,GARCH,0.025,-2.4038096459339244,5.373715153928123,-4.586607075930959,-6.4530116132618724,Period IV,2016-01-01
2020-06-29,GARCH,0.025,1.4590600813082581,5.373715153928123,-4.586607075930959,-6.4530116132618724,Period IV,2016-01-01
2020-06-30,GARCH,0.025,1.2728196521442903,5.373715153928123,-4.586607075930959,-6.4530116132618724,Period IV,2016-01-01
2020-07-01,GARCH,0.025,0.6980392070335714,5.373715153928123,-4.586607075930959,-6.4530116132618724,Period IV,2016-01-01
2020-07-02,GARCH,0.025,0.5491854742917902,5.373715153928123,-4.586607075930959,-6.4530116132618724,Period IV,2016-01-01
2020-07-06,GARCH,0.025,1.531932074415112,5.373715153928123,-4.586607075930959,-6.4530116132618724,Period IV,2016-01-01
2020-07-07,GARCH,0.025,-1.0367352129633485,5.373715153928123,-4.586607075930959,-6.4530116132618724,Period IV,2016-01-01
2020-07-08,GARCH,0.025,0.7619548988834753,5.373715153928123,-4.586607075930959,-6.4530116132618724,Period IV,2016-01-01
2020-07-09,GARCH,0.025,-0.5709187671675111,5.373715153928123,-4.586607075930959,-6.4530116132618724,Period IV,2016-01-01
2020-07-10,GARCH,0.025,1.0158770368597723,5.373715153928123,-4.586607075930959,-6.4530116132618724,Period IV,2016-01-01
2020-07-13,GARCH,0.025,-0.8696669557654455,5.373715153928123,-4.586607075930959,-6.4530116132618724,Period IV,2016-01-01
2020-07-14,GARCH,0.025,1.2875768095466746,5.373715153928123,-4.586607075930959,-6.4530116132618724,Period IV,2016-01-01
2020-07-15,GARCH,0.025,0.9145287724412186,5.373715153928123,-4.586607075930959,-6.4530116132618724,Period IV,2016-01-01
2020-07-16,GARCH,0.025,-0.329888738868124,1.2988152831307498,-2.2538911203216636,-3.175766038310445,Period IV,2016-01-01
2020-07-17,GARCH,0.025,0.28948757563760136,1.2988152831307498,-2.2538911203216636,-3.175766038310445,Period IV,2016-01-01
2020-07-20,GARCH,0.025,0.8049099456827503,1.2988152831307498,-2.2538911203216636,-3.175766038310445,Period IV,2016-01-01
2020-07-21,GARCH,0.025,0.2125275847297115,1.2988152831307498,-2.2538911203216636,-3.175766038310445,Period IV,2016-01-01
2020-07-22,GARCH,0.025,0.5675918714983156,1.2988152831307498,-2.2538911203216636,-3.175766038310445,Period IV,2016-01-01
2020-07-23,GARCH,0.025,-1.2003449762736862,1.2988152831307498,-2.2538911203216636,-3.175766038310445,Period IV,2016-01-01
2020-07-24,GARCH,0.025,-0.64612134078022,1.2988152831307498,-2.2538911203216636,-3.175766038310445,Period IV,2016-01-01
2020-07-27,GARCH,0.025,0.7265973018451793,1.2988152831307498,-2.2538911203216636,-3.175766038310445,Period IV,2016-01-01
2020-07-28,GARCH,0.025,-0.6362589928741833,1.2988152831307498,-2.2538911203216636,-3.175766038310445,Period IV,2016-01-01
2020-07-29,GARCH,0.025,1.2223710163119286,1.2988152831307498,-2.2538911203216636,-3.175766038310445,Period IV,2016-01-01
2020-07-30,GARCH,0.025,-0.3574304927252317,1.2988152831307498,-2.2538911203216636,-3.175766038310445,Period IV,2016-01-01
2020-07-31,GARCH,0.025,0.7871143932114598,1.2988152831307498,-2.2538911203216636,-3.175766038310445,Period IV,2016-01-01
2020-08-03,GARCH,0.025,0.6928106146781003,1.2988152831307498,-2.2538911203216636,-3.175766038310445,Period IV,2016-01-01
2020-08-04,GARCH,0.025,0.38551736353535687,1.2988152831307498,-2.2538911203216636,-3.175766038310445,Period IV,2016-01-01
2020-08-05,GARCH,0.025,0.619174651583392,1.2988152831307498,-2.2538911203216636,-3.175766038310445,Period IV,2016-01-01
2020-08-06,GARCH,0.025,0.6662293756877345,1.2988152831307498,-2.2538911203216636,-3.175766038310445,Period IV,2016-01-01
2020-08-07,GARCH,0.025,0.07176581385700892,1.2988152831307498,-2.2538911203216636,-3.175766038310445,Period IV,2016-01-01
2020-08-10,GARCH,0.025,0.2984453160198847,1.2988152831307498,-2.2538911203216636,-3.175766038310445,Period IV,2016-01-01
2020-08-11,GARCH,0.025,-0.8288928022774745,1.2988152831307498,-2.2538911203216636,-3.175766038310445,Period IV,2016-01-01
2020-08-12,GARCH,0.025,1.3846051698275443,1.2988152831307498,-2.2538911203216636,-3.175766038310445,Period IV,2016-01-01
2020-08-13,GARCH,0.025,-0.18094117950114885,0.7976461824357512,-1.7690508597896206,-2.479436390181773,Period IV,2016-01-01
2020-08-14,GARCH,0.025,0.0029717119300824812,0.7976461824357512,-1.7690508597896206,-2.479436390181773,Period IV,2016-01-01
2020-08-17,GARCH,0.025,0.3171569384628661,0.7976461824357512,-1.7690508597896206,-2.479436390181773,Period IV,2016-01-01
2020-08-18,GARCH,0.025,0.21580407948688998,0.7976461824357512,-1.7690508597896206,-2.479436390181773,Period IV,2016-01-01
2020-08-19,GARCH,0.025,-0.4172416749373015,0.7976461824357512,-1.7690508597896206,-2.479436390181773,Period IV,2016-01-01
2020-08-20,GARCH,0.025,0.31087285855023805,0.7976461824357512,-1.7690508597896206,-2.479436390181773,Period IV,2016-01-01
2020-08-21,GARCH,0.025,0.354111615823734,0.7976461824357512,-1.7690508597896206,-2.479436390181773,Period IV,2016-01-01
2020-08-24,GARCH,0.025,1.0082155503900299,0.7976461824357512,-1.7690508597896206,-2.479436390181773,Period IV,2016-01-01
2020-08-25,GARCH,0.025,0.3493196596273682,0.7976461824357512,-1.7690508597896206,-2.479436390181773,Period IV,2016-01-01
2020-08-26,GARCH,0.025,0.9975685076455696,0.7976461824357512,-1.7690508597896206,-2.479436390181773,Period IV,2016-01-01
2020-08-27,GARCH,0.025,0.2184163117804633,0.7976461824357512,-1.7690508597896206,-2.479436390181773,Period IV,2016-01-01
2020-08-28,GARCH,0.025,0.6438619734780553,0.7976461824357512,-1.7690508597896206,-2.479436390181773,Period IV,2016-01-01
2020-08-31,GARCH,0.025,-0.3629114393204243,0.7976461824357512,-1.7690508597896206,-2.479436390181773,Period IV,2016-01-01
2020-09-01,GARCH,0.025,0.9374514174085585,0.7976461824357512,-1.7690508597896206,-2.479436390181773,Period IV,2016-01-01
2020-09-02,GARCH,0.025,1.4360393117624624,0.7976461824357512,-1.7690508597896206,-2.479436390181773,Period IV,2016-01-01
2020-09-03,GARCH,0.025,-3.502042462644392,0.7976461824357512,-1.7690508597896206,-2.479436390181773,Period IV,2016-01-01
2020-09-04,GARCH,0.025,-0.8198218003101077,0.7976461824357512,-1.7690508597896206,-2.479436390181773,Period IV,2016-01-01
2020-09-08,GARCH,0.025,-2.7703141558992694,0.7976461824357512,-1.7690508597896206,-2.479436390181773,Period IV,2016-01-01
2020-09-09,GARCH,0.025,1.9554908673632088,0.7976461824357512,-1.7690508597896206,-2.479436390181773,Period IV,2016-01-01
2020-09-10,GARCH,0.025,-1.7516163589897775,0.7976461824357512,-1.7690508597896206,-2.479436390181773,Period IV,2016-01-01
2020-09-11,GARCH,0.025,0.05089689668963855,3.633504248384445,-3.7886318715500114,-5.237849680296875,Period IV,2016-01-01
2020-09-14,GARCH,0.025,1.3085281479949857,3.633504248384445,-3.7886318715500114,-5.237849680296875,Period IV,2016-01-01
2020-09-15,GARCH,0.025,0.5039640391992443,3.633504248384445,-3.7886318715500114,-5.237849680296875,Period IV,2016-01-01
2020-09-16,GARCH,0.025,-0.39765175958138604,3.633504248384445,-3.7886318715500114,-5.237849680296875,Period IV,2016-01-01
2020-09-17,GARCH,0.025,-0.8834169361647914,3.633504248384445,-3.7886318715500114,-5.237849680296875,Period IV,2016-01-01
2020-09-18,GARCH,0.025,-1.5574449506466947,3.633504248384445,-3.7886318715500114,-5.237849680296875,Period IV,2016-01-01
2020-09-21,GARCH,0.025,-1.1191968358818667,3.633504248384445,-3.7886318715500114,-5.237849680296875,Period IV,2016-01-01
2020-09-22,GARCH,0.025,1.0132868136627597,3.633504248384445,-3.7886318715500114,-5.237849680296875,Period IV,2016-01-01
2020-09-23,GARCH,0.025,-2.3464099472423143,3.633504248384445,-3.7886318715500114,-5.237849680296875,Period IV,2016-01-01
2020-09-24,GARCH,0.025,0.2661917974041229,3.633504248384445,-3.7886318715500114,-5.237849680296875,Period IV,2016-01-01
2020-09-25,GARCH,0.025,1.6037664619024166,3.633504248384445,-3.7886318715500114,-5.237849680296875,Period IV,2016-01-01
2020-09-28,GARCH,0.025,1.6472922256805596,3.633504248384445,-3.7886318715500114,-5.237849680296875,Period IV,2016-01-01
2020-09-29,GARCH,0.025,-0.5460909306988011,3.633504248384445,-3.7886318715500114,-5.237849680296875,Period IV,2016-01-01
2020-09-30,GARCH,0.025,0.7553371925994548,3.633504248384445,-3.7886318715500114,-5.237849680296875,Period IV,2016-01-01
2020-10-01,GARCH,0.025,0.6399479587811491,3.633504248384445,-3.7886318715500114,-5.237849680296875,Period IV,2016-01-01
2020-10-02,GARCH,0.025,-0.9539817709959986,3.633504248384445,-3.7886318715500114,-5.237849680296875,Period IV,2016-01-01
2020-10-05,GARCH,0.025,1.7577689434087953,3.633504248384445,-3.7886318715500114,-5.237849680296875,Period IV,2016-01-01
2020-10-06,GARCH,0.025,-1.4317981848638595,3.633504248384445,-3.7886318715500114,-5.237849680296875,Period IV,2016-01-01
2020-10-07,GARCH,0.025,1.7256912933913653,3.633504248384445,-3.7886318715500114,-5.237849680296875,Period IV,2016-01-01
2020-10-08,GARCH,0.025,0.8823468516178457,3.633504248384445,-3.7886318715500114,-5.237849680296875,Period IV,2016-01-01
2020-10-09,GARCH,0.025,0.8890513079114817,1.8153809994421701,-2.6783536393491123,-3.7003430523505325,Period IV,2016-01-01
2020-10-12,GARCH,0.025,1.5959572761759169,1.8153809994421701,-2.6783536393491123,-3.7003430523505325,Period IV,2016-01-01
2020-10-13,GARCH,0.025,-0.6547472151973233,1.8153809994421701,-2.6783536393491123,-3.7003430523505325,Period IV,2016-01-01
2020-10-14,GARCH,0.025,-0.6303238972997072,1.8153809994421701,-2.6783536393491123,-3.7003430523505325,Period IV,2016-01-01
2020-10-15,GARCH,0.025,-0.12366240602409524,1.8153809994421701,-2.6783536393491123,-3.7003430523505325,Period IV,2016-01-01
2020-10-16,GARCH,0.025,-0.06044746150335752,1.8153809994421701,-2.6783536393491123,-3.7003430523505325,Period IV,2016-01-01
2020-10-19,GARCH,0.025,-1.532018543497615,1.8153809994421701,-2.6783536393491123,-3.7003430523505325,Period IV,2016-01-01
2020-10-20,GARCH,0.025,0.3997714914079781,1.8153809994421701,-2.6783536393491123,-3.7003430523505325,Period IV,2016-01-01
2020-10-21,GARCH,0.025,-0.18947226418669316,1.8153809994421701,-2.6783536393491123,-3.7003430523505325,Period IV,2016-01-01
2020-10-22,GARCH,0.025,0.5470303091080673,1.8153809994421701,-2.6783536393491123,-3.7003430523505325,Period IV,2016-01-01
2020-10-23,GARCH,0.025,0.33894308282106866,1.8153809994421701,-2.6783536393491123,-3.7003430523505325,Period IV,2016-01-01
2020-10-26,GARCH,0.025,-1.865279937878164,1.8153809994421701,-2.6783536393491123,-3.7003430523505325,Period IV,2016-01-01
2020-10-27,GARCH,0.025,-0.3453356836822834,1.8153809994421701,-2.6783536393491123,-3.7003430523505325,Period IV,2016-01-01
2020-10-28,GARCH,0.025,-3.4776689094976296,1.8153809994421701,-2.6783536393491123,-3.7003430523505325,Period IV,2016-01-01
2020-10-29,GARCH,0.025,1.0112194021458154,1.8153809994421701,-2.6783536393491123,-3.7003430523505325,Period IV,2016-01-01
2020-10-30,GARCH,0.025,-1.0479600991130111,1.8153809994421701,-2.6783536393491123,-3.7003430523505325,Period IV,2016-01-01
2020-11-02,GARCH,0.025,1.1146089588536665,1.8153809994421701,-2.6783536393491123,-3.7003430523505325,Period IV,2016-01-01
2020-11-03,GARCH,0.025,1.7501869604411622,1.8153809994421701,-2.6783536393491123,-3.7003430523505325,Period IV,2016-01-01
2020-11-04,GARCH,0.025,2.2103140022991603,1.8153809994421701,-2.6783536393491123,-3.7003430523505325,Period IV,2016-01-01
2020-11-05,GARCH,0.025,1.9315027809857488,1.8153809994421701,-2.6783536393491123,-3.7003430523505325,Period IV,2016-01-01
2020-11-06,GARCH,0.025,-0.022840255085774322,3.0983179225927873,-3.504403427925303,-4.804305388277592,Period IV,2016-01-01
2020-11-09,GARCH,0.025,1.2487373892100522,3.0983179225927873,-3.504403427925303,-4.804305388277592,Period IV,2016-01-01
2020-11-10,GARCH,0.025,-0.1467651996983042,3.0983179225927873,-3.504403427925303,-4.804305388277592,Period IV,2016-01-01
2020-11-11,GARCH,0.025,0.7401096949917688,3.0983179225927873,-3.504403427925303,-4.804305388277592,Period IV,2016-01-01
2020-11-12,GARCH,0.025,-0.9748265478456679,3.0983179225927873,-3.504403427925303,-4.804305388277592,Period IV,2016-01-01
2020-11-13,GARCH,0.025,1.3749537340944966,3.0983179225927873,-3.504403427925303,-4.804305388277592,Period IV,2016-01-01
2020-11-16,GARCH,0.025,1.2405285253222402,3.0983179225927873,-3.504403427925303,-4.804305388277592,Period IV,2016-01-01
2020-11-17,GARCH,0.025,-0.5392820493601607,3.0983179225927873,-3.504403427925303,-4.804305388277592,Period IV,2016-01-01
2020-11-18,GARCH,0.025,-1.2107823670750926,3.0983179225927873,-3.504403427925303,-4.804305388277592,Period IV,2016-01-01
2020-11-19,GARCH,0.025,0.4201333813765502,3.0983179225927873,-3.504403427925303,-4.804305388277592,Period IV,2016-01-01
2020-11-20,GARCH,0.025,-0.6871371590023763,3.0983179225927873,-3.504403427925303,-4.804305388277592,Period IV,2016-01-01
2020-11-23,GARCH,0.025,0.5976546496514336,3.0983179225927873,-3.504403427925303,-4.804305388277592,Period IV,2016-01-01
2020-11-24,GARCH,0.025,1.5985270793455963,3.0983179225927873,-3.504403427925303,-4.804305388277592,Period IV,2016-01-01
2020-11-25,GARCH,0.025,-0.15429483273409825,3.0983179225927873,-3.504403427925303,-4.804305388277592,Period IV,2016-01-01
2020-11-27,GARCH,0.025,0.27811336248563356,3.0983179225927873,-3.504403427925303,-4.804305388277592,Period IV,2016-01-01
2020-11-30,GARCH,0.025,-0.4436962743950226,3.0983179225927873,-3.504403427925303,-4.804305388277592,Period IV,2016-01-01
2020-12-01,GARCH,0.025,1.0878009496786718,3.0983179225927873,-3.504403427925303,-4.804305388277592,Period IV,2016-01-01
2020-12-02,GARCH,0.025,0.2101553792160207,3.0983179225927873,-3.504403427925303,-4.804305388277592,Period IV,2016-01-01
2020-12-03,GARCH,0.025,-0.027268937840814113,3.0983179225927873,-3.504403427925303,-4.804305388277592,Period IV,2016-01-01
2020-12-04,GARCH,0.025,0.8580723421316999,3.0983179225927873,-3.504403427925303,-4.804305388277592,Period IV,2016-01-01
2020-12-07,GARCH,0.025,-0.20570277183633748,0.6541055509617195,-1.6102052731180572,-2.2073107411554025,Period IV,2016-01-01
2020-12-08,GARCH,0.025,0.2921889034867222,0.6541055509617195,-1.6102052731180572,-2.2073107411554025,Period IV,2016-01-01
2020-12-09,GARCH,0.025,-0.9009334055422739,0.6541055509617195,-1.6102052731180572,-2.2073107411554025,Period IV,2016-01-01
2020-12-10,GARCH,0.025,-0.0327149364656226,0.6541055509617195,-1.6102052731180572,-2.2073107411554025,Period IV,2016-01-01
2020-12-11,GARCH,0.025,-0.11732759734402676,0.6541055509617195,-1.6102052731180572,-2.2073107411554025,Period IV,2016-01-01
2020-12-14,GARCH,0.025,-0.44872138059499406,0.6541055509617195,-1.6102052731180572,-2.2073107411554025,Period IV,2016-01-01
2020-12-15,GARCH,0.025,1.3428850562282912,0.6541055509617195,-1.6102052731180572,-2.2073107411554025,Period IV,2016-01-01
2020-12-16,GARCH,0.025,0.1568122637186229,0.6541055509617195,-1.6102052731180572,-2.2073107411554025,Period IV,2016-01-01
2020-12-17,GARCH,0.025,0.55763854485796,0.6541055509617195,-1.6102052731180572,-2.2073107411554025,Period IV,2016-01-01
2020-12-18,GARCH,0.025,-0.8254471160338154,0.6541055509617195,-1.6102052731180572,-2.2073107411554025,Period IV,2016-01-01
2020-12-21,GARCH,0.025,-0.3581918959335216,0.6541055509617195,-1.6102052731180572,-2.2073107411554025,Period IV,2016-01-01
2020-12-22,GARCH,0.025,-0.16868324984086336,0.6541055509617195,-1.6102052731180572,-2.2073107411554025,Period IV,2016-01-01
2019-12-24,EGARCH,0.025,0.003116122791065835,0.2149924253362005,-0.9168442459001334,-1.2925758418232187,Period IV,2016-01-01
2019-12-26,EGARCH,0.025,0.5309143350541635,0.2149924253362005,-0.9168442459001334,-1.2925758418232187,Period IV,2016-01-01
2019-12-27,EGARCH,0.025,-0.02478076548954347,0.2149924253362005,-0.9168442459001334,-1.2925758418232187,Period IV,2016-01-01
2019-12-30,EGARCH,0.025,-0.5528475915667534,0.2149924253362005,-0.9168442459001334,-1.2925758418232187,Period IV,2016-01-01
2019-12-31,EGARCH,0.025,0.24263514356685495,0.2149924253362005,-0.9168442459001334,-1.2925758418232187,Period IV,2016-01-01
2020-01-02,EGARCH,0.025,0.9308464399828982,0.2149924253362005,-0.9168442459001334,-1.2925758418232187,Period IV,2016-01-01
2020-01-03,EGARCH,0.025,-0.7601048398627837,0.2149924253362005,-0.9168442459001334,-1.2925758418232187,Period IV,2016-01-01
2020-01-06,EGARCH,0.025,0.380779332143604,0.2149924253362005,-0.9168442459001334,-1.2925758418232187,Period IV,2016-01-01
2020-01-07,EGARCH,0.025,-0.2815737819690788,0.2149924253362005,-0.9168442459001334,-1.2925758418232187,Period IV,2016-01-01
2020-01-08,EGARCH,0.025,0.5315384309479368,0.2149924253362005,-0.9168442459001334,-1.2925758418232187,Period IV,2016-01-01
2020-01-09,EGARCH,0.025,0.6757763910630538,0.2149924253362005,-0.9168442459001334,-1.2925758418232187,Period IV,2016-01-01
2020-01-10,EGARCH,0.025,-0.2881853924458683,0.2149924253362005,-0.9168442459001334,-1.2925758418232187,Period IV,2016-01-01
2020-01-13,EGARCH,0.025,0.6853806284860935,0.2149924253362005,-0.9168442459001334,-1.2925758418232187,Period IV,2016-01-01
2020-01-14,EGARCH,0.025,-0.1525786018845352,0.2149924253362005,-0.9168442459001334,-1.2925758418232187,Period IV,2016-01-01
2020-01-15,EGARCH,0.025,0.22573074615838976,0.2149924253362005,-0.9168442459001334,-1.2925758418232187,Period IV,2016-01-01
2020-01-16,EGARCH,0.025,0.8283978494246641,0.2149924253362005,-0.9168442459001334,-1.2925758418232187,Period IV,2016-01-01
2020-01-17,EGARCH,0.025,0.31076970399105486,0.2149924253362005,-0.9168442459001334,-1.2925758418232187,Period IV,2016-01-01
2020-01-21,EGARCH,0.025,-0.1960119478876216,0.2149924253362005,-0.9168442459001334,-1.2925758418232187,Period IV,2016-01-01
2020-01-22,EGARCH,0.025,0.012075499797367417,0.2149924253362005,-0.9168442459001334,-1.2925758418232187,Period IV,2016-01-01
2020-01-23,EGARCH,0.025,0.11462158049533978,0.2149924253362005,-0.9168442459001334,-1.2925758418232187,Period IV,2016-01-01
2020-01-24,EGARCH,0.025,-0.8932858535968823,0.25078762367247986,-0.9892791216870856,-1.398953916870994,Period IV,2016-01-01
2020-01-27,EGARCH,0.025,-1.6159270785999107,0.25078762367247986,-0.9892791216870856,-1.398953916870994,Period IV,2016-01-01
2020-01-28,EGARCH,0.025,1.042465373821599,0.25078762367247986,-0.9892791216870856,-1.398953916870994,Period IV,2016-01-01
2020-01-29,EGARCH,0.025,-0.08263669800950708,0.25078762367247986,-0.9892791216870856,-1.398953916870994,Period IV,2016-01-01
2020-01-30,EGARCH,0.025,0.32400993602699546,0.25078762367247986,-0.9892791216870856,-1.398953916870994,Period IV,2016-01-01
2020-01-31,EGARCH,0.025,-1.8324781429623003,0.25078762367247986,-0.9892791216870856,-1.398953916870994,Period IV,2016-01-01
2020-02-03,EGARCH,0.025,0.7401083897971815,0.25078762367247986,-0.9892791216870856,-1.398953916870994,Period IV,2016-01-01
2020-02-04,EGARCH,0.025,1.5126295011474384,0.25078762367247986,-0.9892791216870856,-1.398953916870994,Period IV,2016-01-01
2020-02-05,EGARCH,0.025,1.1481839611606393,0.25078762367247986,-0.9892791216870856,-1.398953916870994,Period IV,2016-01-01
2020-02-06,EGARCH,0.025,0.3359206688677661,0.25078762367247986,-0.9892791216870856,-1.398953916870994,Period IV,2016-01-01
2020-02-07,EGARCH,0.025,-0.5343909914229443,0.25078762367247986,-0.9892791216870856,-1.398953916870994,Period IV,2016-01-01
2020-02-10,EGARCH,0.025,0.7437595617929694,0.25078762367247986,-0.9892791216870856,-1.398953916870994,Period IV,2016-01-01
2020-02-11,EGARCH,0.025,0.17315497884897968,0.25078762367247986,-0.9892791216870856,-1.398953916870994,Period IV,2016-01-01
2020-02-12,EGARCH,0.025,0.6422105641496987,0.25078762367247986,-0.9892791216870856,-1.398953916870994,Period IV,2016-01-01
2020-02-13,EGARCH,0.025,-0.10675361685061084,0.25078762367247986,-0.9892791216870856,-1.398953916870994,Period IV,2016-01-01
2020-02-14,EGARCH,0.025,0.160083199630131,0.25078762367247986,-0.9892791216870856,-1.398953916870994,Period IV,2016-01-01
2020-02-18,EGARCH,0.025,-0.25803258874645635,0.25078762367247986,-0.9892791216870856,-1.398953916870994,Period IV,2016-01-01
2020-02-19,EGARCH,0.025,0.4769841309919101,0.25078762367247986,-0.9892791216870856,-1.398953916870994,Period IV,2016-01-01
2020-02-20,EGARCH,0.025,-0.4116708603145274,0.25078762367247986,-0.9892791216870856,-1.398953916870994,Period IV,2016-01-01
2020-02-21,EGARCH,0.025,-1.0351661133344123,0.25078762367247986,-0.9892791216870856,-1.398953916870994,Period IV,2016-01-01
2020-02-24,EGARCH,0.025,-3.372784139233276,0.5935000436411126,-1.519951408600643,-2.1575432446290477,Period IV,2016-01-01
2020-02-25,EGARCH,0.025,-3.0770750603140917,0.5935000436411126,-1.519951408600643,-2.1575432446290477,Period IV,2016-01-01
2020-02-26,EGARCH,0.025,-0.36849962639194167,0.5935000436411126,-1.519951408600643,-2.1575432446290477,Period IV,2016-01-01
2020-02-27,EGARCH,0.025,-4.595146753683802,0.5935000436411126,-1.519951408600643,-2.1575432446290477,Period IV,2016-01-01
2020-02-28,EGARCH,0.025,-0.4210390573741874,0.5935000436411126,-1.519951408600643,-2.1575432446290477,Period IV,2016-01-01
2020-03-02,EGARCH,0.025,4.239500466012263,0.5935000436411126,-1.519951408600643,-2.1575432446290477,Period IV,2016-01-01
2020-03-03,EGARCH,0.025,-2.9050362476348153,0.5935000436411126,-1.519951408600643,-2.1575432446290477,Period IV,2016-01-01
2020-03-04,EGARCH,0.025,4.11736370118587,0.5935000436411126,-1.519951408600643,-2.1575432446290477,Period IV,2016-01-01
2020-03-05,EGARCH,0.025,-3.380675024137826,0.5935000436411126,-1.519951408600643,-2.1575432446290477,Period IV,2016-01-01
2020-03-06,EGARCH,0.025,-1.6669275633020058,0.5935000436411126,-1.519951408600643,-2.1575432446290477,Period IV,2016-01-01
2020-03-09,EGARCH,0.025,-8.131252304186743,0.5935000436411126,-1.519951408600643,-2.1575432446290477,Period IV,2016-01-01
2020-03-10,EGARCH,0.025,5.045058729381138,0.5935000436411126,-1.519951408600643,-2.1575432446290477,Period IV,2016-01-01
2020-03-11,EGARCH,0.025,-4.997673845028892,0.5935000436411126,-1.519951408600643,-2.1575432446290477,Period IV,2016-01-01
2020-03-12,EGARCH,0.025,-10.056886056624313,0.5935000436411126,-1.519951408600643,-2.1575432446290477,Period IV,2016-01-01
2020-03-13,EGARCH,0.025,8.202809219873311,0.5935000436411126,-1.519951408600643,-2.1575432446290477,Period IV,2016-01-01
2020-03-16,EGARCH,0.025,-11.588653747701535,0.5935000436411126,-1.519951408600643,-2.1575432446290477,Period IV,2016-01-01
2020-03-17,EGARCH,0.025,5.258492094923695,0.5935000436411126,-1.519951408600643,-2.1575432446290477,Period IV,2016-01-01
2020-03-18,EGARCH,0.025,-5.195975100253782,0.5935000436411126,-1.519951408600643,-2.1575432446290477,Period IV,2016-01-01
2020-03-19,EGARCH,0.025,0.21227225413289977,0.5935000436411126,-1.519951408600643,-2.1575432446290477,Period IV,2016-01-01
2020-03-20,EGARCH,0.025,-4.9913373039575335,0.5935000436411126,-1.519951408600643,-2.1575432446290477,Period IV,2016-01-01
2020-03-23,EGARCH,0.025,-2.5900755458341242,22.82813768475912,-9.405342975764427,-13.435445491666702,Period IV,2016-01-01
2020-03-24,EGARCH,0.025,8.673099436253732,22.82813768475912,-9.405342975764427,-13.435445491666702,Period IV,2016-01-01
2020-03-25,EGARCH,0.025,1.4859233619037202,22.82813768475912,-9.405342975764427,-13.435445491666702,Period IV,2016-01-01
2020-03-26,EGARCH,0.025,5.674869876971942,22.82813768475912,-9.405342975764427,-13.435445491666702,Period IV,2016-01-01
2020-03-27,EGARCH,0.025,-3.0238259991311156,22.82813768475912,-9.405342975764427,-13.435445491666702,Period IV,2016-01-01
2020-03-30,EGARCH,0.025,3.1959525345806683,22.82813768475912,-9.405342975764427,-13.435445491666702,Period IV,2016-01-01
2020-03-31,EGARCH,0.025,-1.501758659412402,22.82813768475912,-9.405342975764427,-13.435445491666702,Period IV,2016-01-01
2020-04-01,EGARCH,0.025,-4.604904148877963,22.82813768475912,-9.405342975764427,-13.435445491666702,Period IV,2016-01-01
2020-04-02,EGARCH,0.025,2.2813182552417124,22.82813768475912,-9.405342975764427,-13.435445491666702,Period IV,2016-01-01
2020-04-03,EGARCH,0.025,-1.4559672253661922,22.82813768475912,-9.405342975764427,-13.435445491666702,Period IV,2016-01-01
2020-04-06,EGARCH,0.025,6.500673748543067,22.82813768475912,-9.405342975764427,-13.435445491666702,Period IV,2016-01-01
2020-04-07,EGARCH,0.025,0.10189609599744974,22.82813768475912,-9.405342975764427,-13.435445491666702,Period IV,2016-01-01
2020-04-08,EGARCH,0.025,3.3017294838593205,22.82813768475912,-9.405342975764427,-13.435445491666702,Period IV,2016-01-01
2020-04-09,EGARCH,0.025,1.5102738376915348,22.82813768475912,-9.405342975764427,-13.435445491666702,Period IV,2016-01-01
2020-04-13,EGARCH,0.025,-0.9172087816788214,22.82813768475912,-9.405342975764427,-13.435445491666702,Period IV,2016-01-01
2020-04-14,EGARCH,0.025,2.906632258223601,22.82813768475912,-9.405342975764427,-13.435445491666702,Period IV,2016-01-01
2020-04-15,EGARCH,0.025,-2.1477091502921484,22.82813768475912,-9.405342975764427,-13.435445491666702,Period IV,2016-01-01
2020-04-16,EGARCH,0.025,0.4812695780353366,22.82813768475912,-9.405342975764427,-13.435445491666702,Period IV,2016-01-01
2020-04-17,EGARCH,0.025,2.6656961689813343,22.82813768475912,-9.405342975764427,-13.435445491666702,Period IV,2016-01-01
2020-04-20,EGARCH,0.025,-1.777502481605561,22.82813768475912,-9.405342975764427,-13.435445491666702,Period IV,2016-01-01
2020-04-21,EGARCH,0.025,-3.0833763390650035,5.570694006842485,-4.64512042871697,-6.639482318004293,Period IV,2016-01-01
2020-04-22,EGARCH,0.025,2.1951826516892337,5.570694006842485,-4.64512042871697,-6.639482318004293,Period IV,2016-01-01
2020-04-23,EGARCH,0.025,-0.007173145408748019,5.570694006842485,-4.64512042871697,-6.639482318004293,Period IV,2016-01-01
2020-04-24,EGARCH,0.025,1.3842458314098778,5.570694006842485,-4.64512042871697,-6.639482318004293,Period IV,2016-01-01
2020-04-27,EGARCH,0.025,1.4315484816994306,5.570694006842485,-4.64512042871697,-6.639482318004293,Period IV,2016-01-01
2020-04-28,EGARCH,0.025,-0.4609026663486172,5.570694006842485,-4.64512042871697,-6.639482318004293,Period IV,2016-01-01
2020-04-29,EGARCH,0.025,2.5841699275864904,5.570694006842485,-4.64512042871697,-6.639482318004293,Period IV,2016-01-01
2020-04-30,EGARCH,0.025,-0.9354281772853418,5.570694006842485,-4.64512042871697,-6.639482318004293,Period IV,2016-01-01
2020-05-01,EGARCH,0.025,-2.683016199258795,5.570694006842485,-4.64512042871697,-6.639482318004293,Period IV,2016-01-01
2020-05-04,EGARCH,0.025,0.2754429163740411,5.570694006842485,-4.64512042871697,-6.639482318004293,Period IV,2016-01-01
2020-05-05,EGARCH,0.025,0.9196902343131826,5.570694006842485,-4.64512042871697,-6.639482318004293,Period IV,2016-01-01
2020-05-06,EGARCH,0.025,-0.6801801811007939,5.570694006842485,-4.64512042871697,-6.639482318004293,Period IV,2016-01-01
2020-05-07,EGARCH,0.025,1.199459319300605,5.570694006842485,-4.64512042871697,-6.639482318004293,Period IV,2016-01-01
2020-05-08,EGARCH,0.025,1.641079994986407,5.570694006842485,-4.64512042871697,-6.639482318004293,Period IV,2016-01-01
2020-05-11,EGARCH,0.025,0.020514089839544992,5.570694006842485,-4.64512042871697,-6.639482318004293,Period IV,2016-01-01
2020-05-12,EGARCH,0.025,-2.0132891412706133,5.570694006842485,-4.64512042871697,-6.639482318004293,Period IV,2016-01-01
2020-05-13,EGARCH,0.025,-1.7844129300901634,5.570694006842485,-4.64512042871697,-6.639482318004293,Period IV,2016-01-01
2020-05-14,EGARCH,0.025,1.1896269895517233,5.570694006842485,-4.64512042871697,-6.639482318004293,Period IV,2016-01-01
2020-05-15,EGARCH,0.025,0.4586432752557939,5.570694006842485,-4.64512042871697,-6.639482318004293,Period IV,2016-01-01
2020-05-18,EGARCH,0.025,3.000500773344127,5.570694006842485,-4.64512042871697,-6.639482318004293,Period IV,2016-01-01
2020-05-19,EGARCH,0.025,-1.0324294894732977,3.6486806810717916,-3.753345714713832,-5.3870457482474325,Period IV,2016-01-01
2020-05-20,EGARCH,0.025,1.6845334676130814,3.6486806810717916,-3.753345714713832,-5.3870457482474325,Period IV,2016-01-01
2020-05-21,EGARCH,0.025,-0.6927885641062185,3.6486806810717916,-3.753345714713832,-5.3870457482474325,Period IV,2016-01-01
2020-05-22,EGARCH,0.025,0.18972683277800959,3.6486806810717916,-3.753345714713832,-5.3870457482474325,Period IV,2016-01-01
2020-05-26,EGARCH,0.025,1.2245272426979938,3.6486806810717916,-3.753345714713832,-5.3870457482474325,Period IV,2016-01-01
2020-05-27,EGARCH,0.025,1.4769397145406273,3.6486806810717916,-3.753345714713832,-5.3870457482474325,Period IV,2016-01-01
2020-05-28,EGARCH,0.025,-0.18466536446246287,3.6486806810717916,-3.753345714713832,-5.3870457482474325,Period IV,2016-01-01
2020-05-29,EGARCH,0.025,0.4446008688818559,3.6486806810717916,-3.753345714713832,-5.3870457482474325,Period IV,2016-01-01
2020-06-01,EGARCH,0.025,0.4033587965397369,3.6486806810717916,-3.753345714713832,-5.3870457482474325,Period IV,2016-01-01
2020-06-02,EGARCH,0.025,0.8246054531519834,3.6486806810717916,-3.753345714713832,-5.3870457482474325,Period IV,2016-01-01
2020-06-03,EGARCH,0.025,1.3220475147309174,3.6486806810717916,-3.753345714713832,-5.3870457482474325,Period IV,2016-01-01
2020-06-04,EGARCH,0.025,-0.26301691177292247,3.6486806810717916,-3.753345714713832,-5.3870457482474325,Period IV,2016-01-01
2020-06-05,EGARCH,0.025,2.530660249279807,3.6486806810717916,-3.753345714713832,-5.3870457482474325,Period IV,2016-01-01
2020-06-08,EGARCH,0.025,1.2015009972408368,3.6486806810717916,-3.753345714713832,-5.3870457482474325,Period IV,2016-01-01
2020-06-09,EGARCH,0.025,-0.7484634342424462,3.6486806810717916,-3.753345714713832,-5.3870457482474325,Period IV,2016-01-01
2020-06-10,EGARCH,0.025,-0.5595627288950511,3.6486806810717916,-3.753345714713832,-5.3870457482474325,Period IV,2016-01-01
2020-06-11,EGARCH,0.025,-5.937740794860814,3.6486806810717916,-3.753345714713832,-5.3870457482474325,Period IV,2016-01-01
2020-06-12,EGARCH,0.025,1.1904529469550793,3.6486806810717916,-3.753345714713832,-5.3870457482474325,Period IV,2016-01-01
2020-06-15,EGARCH,0.025,0.9292336713778283,3.6486806810717916,-3.753345714713832,-5.3870457482474325,Period IV,2016-01-01
2020-06-16,EGARCH,0.025,1.9064798523327482,3.6486806810717916,-3.753345714713832,-5.3870457482474325,Period IV,2016-01-01
2020-06-17,EGARCH,0.025,-0.41624977750896663,5.096524443127312,-4.445653611743246,-6.344282581136447,Period IV,2016-01-01
2020-06-18,EGARCH,0.025,0.038494520146086855,5.096524443127312,-4.445653611743246,-6.344282581136447,Period IV,2016-01-01
2020-06-19,EGARCH,0.025,-1.0122210350604972,5.096524443127312,-4.445653611743246,-6.344282581136447,Period IV,2016-01-01
2020-06-22,EGARCH,0.025,0.6394687803636784,5.096524443127312,-4.445653611743246,-6.344282581136447,Period IV,2016-01-01
2020-06-23,EGARCH,0.025,0.45931078389241775,5.096524443127312,-4.445653611743246,-6.344282581136447,Period IV,2016-01-01
2020-06-24,EGARCH,0.025,-2.5839694081199536,5.096524443127312,-4.445653611743246,-6.344282581136447,Period IV,2016-01-01
2020-06-25,EGARCH,0.025,1.066348503151595,5.096524443127312,-4.445653611743246,-6.344282581136447,Period IV,2016-01-01
2020-06-26,EGARCH,0.025,-2.4038096459339244,5.096524443127312,-4.445653611743246,-6.344282581136447,Period IV,2016-01-01
2020-06-29,EGARCH,0.025,1.4590600813082581,5.096524443127312,-4.445653611743246,-6.344282581136447,Period IV,2016-01-01
2020-06-30,EGARCH,0.025,1.2728196521442903,5.096524443127312,-4.445653611743246,-6.344282581136447,Period IV,2016-01-01
2020-07-01,EGARCH,0.025,0.6980392070335714,5.096524443127312,-4.445653611743246,-6.344282581136447,Period IV,2016-01-01
2020-07-02,EGARCH,0.025,0.5491854742917902,5.096524443127312,-4.445653611743246,-6.344282581136447,Period IV,2016-01-01
2020-07-06,EGARCH,0.025,1.531932074415112,5.096524443127312,-4.445653611743246,-6.344282581136447,Period IV,2016-01-01
2020-07-07,EGARCH,0.025,-1.0367352129633485,5.096524443127312,-4.445653611743246,-6.344282581136447,Period IV,2016-01-01
2020-07-08,EGARCH,0.025,0.7619548988834753,5.096524443127312,-4.445653611743246,-6.344282581136447,Period IV,2016-01-01
2020-07-09,EGARCH,0.025,-0.5709187671675111,5.096524443127312,-4.445653611743246,-6.344282581136447,Period IV,2016-01-01
2020-07-10,EGARCH,0.025,1.0158770368597723,5.096524443127312,-4.445653611743246,-6.344282581136447,Period IV,2016-01-01
2020-07-13,EGARCH,0.025,-0.8696669557654455,5.096524443127312,-4.445653611743246,-6.344282581136447,Period IV,2016-01-01
2020-07-14,EGARCH,0.025,1.2875768095466746,5.096524443127312,-4.445653611743246,-6.344282581136447,Period IV,2016-01-01
2020-07-15,EGARCH,0.025,0.9145287724412186,5.096524443127312,-4.445653611743246,-6.344282581136447,Period IV,2016-01-01
2020-07-16,EGARCH,0.025,-0.329888738868124,1.838481979509155,-2.6661856120324514,-3.8197043769454178,Period IV,2016-01-01
2020-07-17,EGARCH,0.025,0.28948757563760136,1.838481979509155,-2.6661856120324514,-3.8197043769454178,Period IV,2016-01-01
2020-07-20,EGARCH,0.025,0.8049099456827503,1.838481979509155,-2.6661856120324514,-3.8197043769454178,Period IV,2016-01-01
2020-07-21,EGARCH,0.025,0.2125275847297115,1.838481979509155,-2.6661856120324514,-3.8197043769454178,Period IV,2016-01-01
2020-07-22,EGARCH,0.025,0.5675918714983156,1.838481979509155,-2.6661856120324514,-3.8197043769454178,Period IV,2016-01-01
2020-07-23,EGARCH,0.025,-1.2003449762736862,1.838481979509155,-2.6661856120324514,-3.8197043769454178,Period IV,2016-01-01
2020-07-24,EGARCH,0.025,-0.64612134078022,1.838481979509155,-2.6661856120324514,-3.8197043769454178,Period IV,2016-01-01
2020-07-27,EGARCH,0.025,0.7265973018451793,1.838481979509155,-2.6661856120324514,-3.8197043769454178,Period IV,2016-01-01
2020-07-28,EGARCH,0.025,-0.6362589928741833,1.838481979509155,-2.6661856120324514,-3.8197043769454178,Period IV,2016-01-01
2020-07-29,EGARCH,0.025,1.2223710163119286,1.838481979509155,-2.6661856120324514,-3.8197043769454178,Period IV,2016-01-01
2020-07-30,EGARCH,0.025,-0.3574304927252317,1.838481979509155,-2.6661856120324514,-3.8197043769454178,Period IV,2016-01-01
2020-07-31,EGARCH,0.025,0.7871143932114598,1.838481979509155,-2.6661856120324514,-3.8197043769454178,Period IV,2016-01-01
2020-08-03,EGARCH,0.025,0.6928106146781003,1.838481979509155,-2.6661856120324514,-3.8197043769454178,Period IV,2016-01-01
2020-08-04,EGARCH,0.025,0.38551736353535687,1.838481979509155,-2.6661856120324514,-3.8197043769454178,Period IV,2016-01-01
2020-08-05,EGARCH,0.025,0.619174651583392,1.838481979509155,-2.6661856120324514,-3.8197043769454178,Period IV,2016-01-01
2020-08-06,EGARCH,0.025,0.6662293756877345,1.838481979509155,-2.6661856120324514,-3.8197043769454178,Period IV,2016-01-01
2020-08-07,EGARCH,0.025,0.07176581385700892,1.838481979509155,-2.6661856120324514,-3.8197043769454178,Period IV,2016-01-01
2020-08-10,EGARCH,0.025,0.2984453160198847,1.838481979509155,-2.6661856120324514,-3.8197043769454178,Period IV,2016-01-01
2020-08-11,EGARCH,0.025,-0.8288928022774745,1.838481979509155,-2.6661856120324514,-3.8197043769454178,Period IV,2016-01-01
2020-08-12,EGARCH,0.025,1.3846051698275443,1.838481979509155,-2.6661856120324514,-3.8197043769454178,Period IV,2016-01-01
2020-08-13,EGARCH,0.025,-0.18094117950114885,0.9783476111320776,-1.949704105460688,-2.77486043160989,Period IV,2016-01-01
2020-08-14,EGARCH,0.025,0.0029717119300824812,0.9783476111320776,-1.949704105460688,-2.77486043160989,Period IV,2016-01-01
2020-08-17,EGARCH,0.025,0.3171569384628661,0.9783476111320776,-1.949704105460688,-2.77486043160989,Period IV,2016-01-01
2020-08-18,EGARCH,0.025,0.21580407948688998,0.9783476111320776,-1.949704105460688,-2.77486043160989,Period IV,2016-01-01
2020-08-19,EGARCH,0.025,-0.4172416749373015,0.9783476111320776,-1.949704105460688,-2.77486043160989,Period IV,2016-01-01
2020-08-20,EGARCH,0.025,0.31087285855023805,0.9783476111320776,-1.949704105460688,-2.77486043160989,Period IV,2016-01-01
2020-08-21,EGARCH,0.025,0.354111615823734,0.9783476111320776,-1.949704105460688,-2.77486043160989,Period IV,2016-01-01
2020-08-24,EGARCH,0.025,1.0082155503900299,0.9783476111320776,-1.949704105460688,-2.77486043160989,Period IV,2016-01-01
2020-08-25,EGARCH,0.025,0.3493196596273682,0.9783476111320776,-1.949704105460688,-2.77486043160989,Period IV,2016-01-01
2020-08-26,EGARCH,0.025,0.9975685076455696,0.9783476111320776,-1.949704105460688,-2.77486043160989,Period IV,2016-01-01
2020-08-27,EGARCH,0.025,0.2184163117804633,0.9783476111320776,-1.949704105460688,-2.77486043160989,Period IV,2016-01-01
2020-08-28,EGARCH,0.025,0.6438619734780553,0.9783476111320776,-1.949704105460688,-2.77486043160989,Period IV,2016-01-01
2020-08-31,EGARCH,0.025,-0.3629114393204243,0.9783476111320776,-1.949704105460688,-2.77486043160989,Period IV,2016-01-01
2020-09-01,EGARCH,0.025,0.9374514174085585,0.9783476111320776,-1.949704105460688,-2.77486043160989,Period IV,2016-01-01
2020-09-02,EGARCH,0.025,1.4360393117624624,0.9783476111320776,-1.949704105460688,-2.77486043160989,Period IV,2016-01-01
2020-09-03,EGARCH,0.025,-3.502042462644392,0.9783476111320776,-1.949704105460688,-2.77486043160989,Period IV,2016-01-01
2020-09-04,EGARCH,0.025,-0.8198218003101077,0.9783476111320776,-1.949704105460688,-2.77486043160989,Period IV,2016-01-01
2020-09-08,EGARCH,0.025,-2.7703141558992694,0.9783476111320776,-1.949704105460688,-2.77486043160989,Period IV,2016-01-01
2020-09-09,EGARCH,0.025,1.9554908673632088,0.9783476111320776,-1.949704105460688,-2.77486043160989,Period IV,2016-01-01
2020-09-10,EGARCH,0.025,-1.7516163589897775,0.9783476111320776,-1.949704105460688,-2.77486043160989,Period IV,2016-01-01
2020-09-11,EGARCH,0.025,0.05089689668963855,3.8911226683069207,-3.9074687303571403,-5.4755363670502755,Period IV,2016-01-01
2020-09-14,EGARCH,0.025,1.3085281479949857,3.8911226683069207,-3.9074687303571403,-5.4755363670502755,Period IV,2016-01-01
2020-09-15,EGARCH,0.025,0.5039640391992443,3.8911226683069207,-3.9074687303571403,-5.4755363670502755,Period IV,2016-01-01
2020-09-16,EGARCH,0.025,-0.39765175958138604,3.8911226683069207,-3.9074687303571403,-5.4755363670502755,Period IV,2016-01-01
2020-09-17,EGARCH,0.025,-0.8834169361647914,3.8911226683069207,-3.9074687303571403,-5.4755363670502755,Period IV,2016-01-01
2020-09-18,EGARCH,0.025,-1.5574449506466947,3.8911226683069207,-3.9074687303571403,-5.4755363670502755,Period IV,2016-01-01
2020-09-21,EGARCH,0.025,-1.1191968358818667,3.8911226683069207,-3.9074687303571403,-5.4755363670502755,Period IV,2016-01-01
2020-09-22,EGARCH,0.025,1.0132868136627597,3.8911226683069207,-3.9074687303571403,-5.4755363670502755,Period IV,2016-01-01
2020-09-23,EGARCH,0.025,-2.3464099472423143,3.8911226683069207,-3.9074687303571403,-5.4755363670502755,Period IV,2016-01-01
2020-09-24,EGARCH,0.025,0.2661917974041229,3.8911226683069207,-3.9074687303571403,-5.4755363670502755,Period IV,2016-01-01
2020-09-25,EGARCH,0.025,1.6037664619024166,3.8911226683069207,-3.9074687303571403,-5.4755363670502755,Period IV,2016-01-01
2020-09-28,EGARCH,0.025,1.6472922256805596,3.8911226683069207,-3.9074687303571403,-5.4755363670502755,Period IV,2016-01-01
2020-09-29,EGARCH,0.025,-0.5460909306988011,3.8911226683069207,-3.9074687303571403,-5.4755363670502755,Period IV,2016-01-01
2020-09-30,EGARCH,0.025,0.7553371925994548,3.8911226683069207,-3.9074687303571403,-5.4755363670502755,Period IV,2016-01-01
2020-10-01,EGARCH,0.025,0.6399479587811491,3.8911226683069207,-3.9074687303571403,-5.4755363670502755,Period IV,2016-01-01
2020-10-02,EGARCH,0.025,-0.9539817709959986,3.8911226683069207,-3.9074687303571403,-5.4755363670502755,Period IV,2016-01-01
2020-10-05,EGARCH,0.025,1.7577689434087953,3.8911226683069207,-3.9074687303571403,-5.4755363670502755,Period IV,2016-01-01
2020-10-06,EGARCH,0.025,-1.4317981848638595,3.8911226683069207,-3.9074687303571403,-5.4755363670502755,Period IV,2016-01-01
2020-10-07,EGARCH,0.025,1.7256912933913653,3.8911226683069207,-3.9074687303571403,-5.4755363670502755,Period IV,2016-01-01
2020-10-08,EGARCH,0.025,0.8823468516178457,3.8911226683069207,-3.9074687303571403,-5.4755363670502755,Period IV,2016-01-01
2020-10-09,EGARCH,0.025,0.8890513079114817,2.3570309117247588,-3.040265805154912,-4.264807895209727,Period IV,2016-01-01
2020-10-12,EGARCH,0.025,1.5959572761759169,2.3570309117247588,-3.040265805154912,-4.264807895209727,Period IV,2016-01-01
2020-10-13,EGARCH,0.025,-0.6547472151973233,2.3570309117247588,-3.040265805154912,-4.264807895209727,Period IV,2016-01-01
2020-10-14,EGARCH,0.025,-0.6303238972997072,2.3570309117247588,-3.040265805154912,-4.264807895209727,Period IV,2016-01-01
2020-10-15,EGARCH,0.025,-0.12366240602409524,2.3570309117247588,-3.040265805154912,-4.264807895209727,Period IV,2016-01-01
2020-10-16,EGARCH,0.025,-0.06044746150335752,2.3570309117247588,-3.040265805154912,-4.264807895209727,Period IV,2016-01-01
2020-10-19,EGARCH,0.025,-1.532018543497615,2.3570309117247588,-3.040265805154912,-4.264807895209727,Period IV,2016-01-01
2020-10-20,EGARCH,0.025,0.3997714914079781,2.3570309117247588,-3.040265805154912,-4.264807895209727,Period IV,2016-01-01
2020-10-21,EGARCH,0.025,-0.18947226418669316,2.3570309117247588,-3.040265805154912,-4.264807895209727,Period IV,2016-01-01
2020-10-22,EGARCH,0.025,0.5470303091080673,2.3570309117247588,-3.040265805154912,-4.264807895209727,Period IV,2016-01-01
2020-10-23,EGARCH,0.025,0.33894308282106866,2.3570309117247588,-3.040265805154912,-4.264807895209727,Period IV,2016-01-01
2020-10-26,EGARCH,0.025,-1.865279937878164,2.3570309117247588,-3.040265805154912,-4.264807895209727,Period IV,2016-01-01
2020-10-27,EGARCH,0.025,-0.3453356836822834,2.3570309117247588,-3.040265805154912,-4.264807895209727,Period IV,2016-01-01
2020-10-28,EGARCH,0.025,-3.4776689094976296,2.3570309117247588,-3.040265805154912,-4.264807895209727,Period IV,2016-01-01
2020-10-29,EGARCH,0.025,1.0112194021458154,2.3570309117247588,-3.040265805154912,-4.264807895209727,Period IV,2016-01-01
2020-10-30,EGARCH,0.025,-1.0479600991130111,2.3570309117247588,-3.040265805154912,-4.264807895209727,Period IV,2016-01-01
2020-11-02,EGARCH,0.025,1.1146089588536665,2.3570309117247588,-3.040265805154912,-4.264807895209727,Period IV,2016-01-01
2020-11-03,EGARCH,0.025,1.7501869604411622,2.3570309117247588,-3.040265805154912,-4.264807895209727,Period IV,2016-01-01
2020-11-04,EGARCH,0.025,2.2103140022991603,2.3570309117247588,-3.040265805154912,-4.264807895209727,Period IV,2016-01-01
2020-11-05,EGARCH,0.025,1.9315027809857488,2.3570309117247588,-3.040265805154912,-4.264807895209727,Period IV,2016-01-01
2020-11-06,EGARCH,0.025,-0.022840255085774322,3.622439446784918,-3.7762102913579825,-5.259792962074012,Period IV,2016-01-01
2020-11-09,EGARCH,0.025,1.2487373892100522,3.622439446784918,-3.7762102913579825,-5.259792962074012,Period IV,2016-01-01
2020-11-10,EGARCH,0.025,-0.1467651996983042,3.622439446784918,-3.7762102913579825,-5.259792962074012,Period IV,2016-01-01
2020-11-11,EGARCH,0.025,0.7401096949917688,3.622439446784918,-3.7762102913579825,-5.259792962074012,Period IV,2016-01-01
2020-11-12,EGARCH,0.025,-0.9748265478456679,3.622439446784918,-3.7762102913579825,-5.259792962074012,Period IV,2016-01-01
2020-11-13,EGARCH,0.025,1.3749537340944966,3.622439446784918,-3.7762102913579825,-5.259792962074012,Period IV,2016-01-01
2020-11-16,EGARCH,0.025,1.2405285253222402,3.622439446784918,-3.7762102913579825,-5.259792962074012,Period IV,2016-01-01
2020-11-17,EGARCH,0.025,-0.5392820493601607,3.622439446784918,-3.7762102913579825,-5.259792962074012,Period IV,2016-01-01
2020-11-18,EGARCH,0.025,-1.2107823670750926,3.622439446784918,-3.7762102913579825,-5.259792962074012,Period IV,2016-01-01
2020-11-19,EGARCH,0.025,0.4201333813765502,3.622439446784918,-3.7762102913579825,-5.259792962074012,Period IV,2016-01-01
2020-11-20,EGARCH,0.025,-0.6871371590023763,3.622439446784918,-3.7762102913579825,-5.259792962074012,Period IV,2016-01-01
2020-11-23,EGARCH,0.025,0.5976546496514336,3.622439446784918,-3.7762102913579825,-5.259792962074012,Period IV,2016-01-01
2020-11-24,EGARCH,0.025,1.5985270793455963,3.622439446784918,-3.7762102913579825,-5.259792962074012,Period IV,2016-01-01
2020-11-25,EGARCH,0.025,-0.15429483273409825,3.622439446784918,-3.7762102913579825,-5.259792962074012,Period IV,2016-01-01
2020-11-27,EGARCH,0.025,0.27811336248563356,3.622439446784918,-3.7762102913579825,-5.259792962074012,Period IV,2016-01-01
2020-11-30,EGARCH,0.025,-0.4436962743950226,3.622439446784918,-3.7762102913579825,-5.259792962074012,Period IV,2016-01-01
2020-12-01,EGARCH,0.025,1.0878009496786718,3.622439446784918,-3.7762102913579825,-5.259792962074012,Period IV,2016-01-01
2020-12-02,EGARCH,0.025,0.2101553792160207,3.622439446784918,-3.7762102913579825,-5.259792962074012,Period IV,2016-01-01
2020-12-03,EGARCH,0.025,-0.027268937840814113,3.622439446784918,-3.7762102913579825,-5.259792962074012,Period IV,2016-01-01
2020-12-04,EGARCH,0.025,0.8580723421316999,3.622439446784918,-3.7762102913579825,-5.259792962074012,Period IV,2016-01-01
2020-12-07,EGARCH,0.025,-0.20570277183633748,0.7608657952001103,-1.7314412340139516,-2.4072576317238688,Period IV,2016-01-01
2020-12-08,EGARCH,0.025,0.2921889034867222,0.7608657952001103,-1.7314412340139516,-2.4072576317238688,Period IV,2016-01-01
2020-12-09,EGARCH,0.025,-0.9009334055422739,0.7608657952001103,-1.7314412340139516,-2.4072576317238688,Period IV,2016-01-01
2020-12-10,EGARCH,0.025,-0.0327149364656226,0.7608657952001103,-1.7314412340139516,-2.4072576317238688,Period IV,2016-01-01
2020-12-11,EGARCH,0.025,-0.11732759734402676,0.7608657952001103,-1.7314412340139516,-2.4072576317238688,Period IV,2016-01-01
2020-12-14,EGARCH,0.025,-0.44872138059499406,0.7608657952001103,-1.7314412340139516,-2.4072576317238688,Period IV,2016-01-01
2020-12-15,EGARCH,0.025,1.3428850562282912,0.7608657952001103,-1.7314412340139516,-2.4072576317238688,Period IV,2016-01-01
2020-12-16,EGARCH,0.025,0.1568122637186229,0.7608657952001103,-1.7314412340139516,-2.4072576317238688,Period IV,2016-01-01
2020-12-17,EGARCH,0.025,0.55763854485796,0.7608657952001103,-1.7314412340139516,-2.4072576317238688,Period IV,2016-01-01
2020-12-18,EGARCH,0.025,-0.8254471160338154,0.7608657952001103,-1.7314412340139516,-2.4072576317238688,Period IV,2016-01-01
2020-12-21,EGARCH,0.025,-0.3581918959335216,0.7608657952001103,-1.7314412340139516,-2.4072576317238688,Period IV,2016-01-01
2020-12-22,EGARCH,0.025,-0.16868324984086336,0.7608657952001103,-1.7314412340139516,-2.4072576317238688,Period IV,2016-01-01
2019-12-24,GJR-GARCH,0.025,0.003116122791065835,0.17750199937697897,-0.8390115043299141,-1.1485204721234827,Period IV,2016-01-01
2019-12-26,GJR-GARCH,0.025,0.5309143350541635,0.17750199937697897,-0.8390115043299141,-1.1485204721234827,Period IV,2016-01-01
2019-12-27,GJR-GARCH,0.025,-0.02478076548954347,0.17750199937697897,-0.8390115043299141,-1.1485204721234827,Period IV,2016-01-01
2019-12-30,GJR-GARCH,0.025,-0.5528475915667534,0.17750199937697897,-0.8390115043299141,-1.1485204721234827,Period IV,2016-01-01
2019-12-31,GJR-GARCH,0.025,0.24263514356685495,0.17750199937697897,-0.8390115043299141,-1.1485204721234827,Period IV,2016-01-01
2020-01-02,GJR-GARCH,0.025,0.9308464399828982,0.17750199937697897,-0.8390115043299141,-1.1485204721234827,Period IV,2016-01-01
2020-01-03,GJR-GARCH,0.025,-0.7601048398627837,0.17750199937697897,-0.8390115043299141,-1.1485204721234827,Period IV,2016-01-01
2020-01-06,GJR-GARCH,0.025,0.380779332143604,0.17750199937697897,-0.8390115043299141,-1.1485204721234827,Period IV,2016-01-01
2020-01-07,GJR-GARCH,0.025,-0.2815737819690788,0.17750199937697897,-0.8390115043299141,-1.1485204721234827,Period IV,2016-01-01
2020-01-08,GJR-GARCH,0.025,0.5315384309479368,0.17750199937697897,-0.8390115043299141,-1.1485204721234827,Period IV,2016-01-01
2020-01-09,GJR-GARCH,0.025,0.6757763910630538,0.17750199937697897,-0.8390115043299141,-1.1485204721234827,Period IV,2016-01-01
2020-01-10,GJR-GARCH,0.025,-0.2881853924458683,0.17750199937697897,-0.8390115043299141,-1.1485204721234827,Period IV,2016-01-01
2020-01-13,GJR-GARCH,0.025,0.6853806284860935,0.17750199937697897,-0.8390115043299141,-1.1485204721234827,Period IV,2016-01-01
2020-01-14,GJR-GARCH,0.025,-0.1525786018845352,0.17750199937697897,-0.8390115043299141,-1.1485204721234827,Period IV,2016-01-01
2020-01-15,GJR-GARCH,0.025,0.22573074615838976,0.17750199937697897,-0.8390115043299141,-1.1485204721234827,Period IV,2016-01-01
2020-01-16,GJR-GARCH,0.025,0.8283978494246641,0.17750199937697897,-0.8390115043299141,-1.1485204721234827,Period IV,2016-01-01
2020-01-17,GJR-GARCH,0.025,0.31076970399105486,0.17750199937697897,-0.8390115043299141,-1.1485204721234827,Period IV,2016-01-01
2020-01-21,GJR-GARCH,0.025,-0.1960119478876216,0.17750199937697897,-0.8390115043299141,-1.1485204721234827,Period IV,2016-01-01
2020-01-22,GJR-GARCH,0.025,0.012075499797367417,0.17750199937697897,-0.8390115043299141,-1.1485204721234827,Period IV,2016-01-01
2020-01-23,GJR-GARCH,0.025,0.11462158049533978,0.17750199937697897,-0.8390115043299141,-1.1485204721234827,Period IV,2016-01-01
2020-01-24,GJR-GARCH,0.025,-0.8932858535968823,0.18932311896505877,-0.8663446104821395,-1.1871297085950074,Period IV,2016-01-01
2020-01-27,GJR-GARCH,0.025,-1.6159270785999107,0.18932311896505877,-0.8663446104821395,-1.1871297085950074,Period IV,2016-01-01
2020-01-28,GJR-GARCH,0.025,1.042465373821599,0.18932311896505877,-0.8663446104821395,-1.1871297085950074,Period IV,2016-01-01
2020-01-29,GJR-GARCH,0.025,-0.08263669800950708,0.18932311896505877,-0.8663446104821395,-1.1871297085950074,Period IV,2016-01-01
2020-01-30,GJR-GARCH,0.025,0.32400993602699546,0.18932311896505877,-0.8663446104821395,-1.1871297085950074,Period IV,2016-01-01
2020-01-31,GJR-GARCH,0.025,-1.8324781429623003,0.18932311896505877,-0.8663446104821395,-1.1871297085950074,Period IV,2016-01-01
2020-02-03,GJR-GARCH,0.025,0.7401083897971815,0.18932311896505877,-0.8663446104821395,-1.1871297085950074,Period IV,2016-01-01
2020-02-04,GJR-GARCH,0.025,1.5126295011474384,0.18932311896505877,-0.8663446104821395,-1.1871297085950074,Period IV,2016-01-01
2020-02-05,GJR-GARCH,0.025,1.1481839611606393,0.18932311896505877,-0.8663446104821395,-1.1871297085950074,Period IV,2016-01-01
2020-02-06,GJR-GARCH,0.025,0.3359206688677661,0.18932311896505877,-0.8663446104821395,-1.1871297085950074,Period IV,2016-01-01
2020-02-07,GJR-GARCH,0.025,-0.5343909914229443,0.18932311896505877,-0.8663446104821395,-1.1871297085950074,Period IV,2016-01-01
2020-02-10,GJR-GARCH,0.025,0.7437595617929694,0.18932311896505877,-0.8663446104821395,-1.1871297085950074,Period IV,2016-01-01
2020-02-11,GJR-GARCH,0.025,0.17315497884897968,0.18932311896505877,-0.8663446104821395,-1.1871297085950074,Period IV,2016-01-01
2020-02-12,GJR-GARCH,0.025,0.6422105641496987,0.18932311896505877,-0.8663446104821395,-1.1871297085950074,Period IV,2016-01-01
2020-02-13,GJR-GARCH,0.025,-0.10675361685061084,0.18932311896505877,-0.8663446104821395,-1.1871297085950074,Period IV,2016-01-01
2020-02-14,GJR-GARCH,0.025,0.160083199630131,0.18932311896505877,-0.8663446104821395,-1.1871297085950074,Period IV,2016-01-01
2020-02-18,GJR-GARCH,0.025,-0.25803258874645635,0.18932311896505877,-0.8663446104821395,-1.1871297085950074,Period IV,2016-01-01
2020-02-19,GJR-GARCH,0.025,0.4769841309919101,0.18932311896505877,-0.8663446104821395,-1.1871297085950074,Period IV,2016-01-01
2020-02-20,GJR-GARCH,0.025,-0.4116708603145274,0.18932311896505877,-0.8663446104821395,-1.1871297085950074,Period IV,2016-01-01
2020-02-21,GJR-GARCH,0.025,-1.0351661133344123,0.18932311896505877,-0.8663446104821395,-1.1871297085950074,Period IV,2016-01-01
2020-02-24,GJR-GARCH,0.025,-3.372784139233276,0.6707613078096129,-1.6301444471857416,-2.237860890052185,Period IV,2016-01-01
2020-02-25,GJR-GARCH,0.025,-3.0770750603140917,0.6707613078096129,-1.6301444471857416,-2.237860890052185,Period IV,2016-01-01
2020-02-26,GJR-GARCH,0.025,-0.36849962639194167,0.6707613078096129,-1.6301444471857416,-2.237860890052185,Period IV,2016-01-01
2020-02-27,GJR-GARCH,0.025,-4.595146753683802,0.6707613078096129,-1.6301444471857416,-2.237860890052185,Period IV,2016-01-01
2020-02-28,GJR-GARCH,0.025,-0.4210390573741874,0.6707613078096129,-1.6301444471857416,-2.237860890052185,Period IV,2016-01-01
2020-03-02,GJR-GARCH,0.025,4.239500466012263,0.6707613078096129,-1.6301444471857416,-2.237860890052185,Period IV,2016-01-01
2020-03-03,GJR-GARCH,0.025,-2.9050362476348153,0.6707613078096129,-1.6301444471857416,-2.237860890052185,Period IV,2016-01-01
2020-03-04,GJR-GARCH,0.025,4.11736370118587,0.6707613078096129,-1.6301444471857416,-2.237860890052185,Period IV,2016-01-01
2020-03-05,GJR-GARCH,0.025,-3.380675024137826,0.6707613078096129,-1.6301444471857416,-2.237860890052185,Period IV,2016-01-01
2020-03-06,GJR-GARCH,0.025,-1.6669275633020058,0.6707613078096129,-1.6301444471857416,-2.237860890052185,Period IV,2016-01-01
2020-03-09,GJR-GARCH,0.025,-8.131252304186743,0.6707613078096129,-1.6301444471857416,-2.237860890052185,Period IV,2016-01-01
2020-03-10,GJR-GARCH,0.025,5.045058729381138,0.6707613078096129,-1.6301444471857416,-2.237860890052185,Period IV,2016-01-01
2020-03-11,GJR-GARCH,0.025,-4.997673845028892,0.6707613078096129,-1.6301444471857416,-2.237860890052185,Period IV,2016-01-01
2020-03-12,GJR-GARCH,0.025,-10.056886056624313,0.6707613078096129,-1.6301444471857416,-2.237860890052185,Period IV,2016-01-01
2020-03-13,GJR-GARCH,0.025,8.202809219873311,0.6707613078096129,-1.6301444471857416,-2.237860890052185,Period IV,2016-01-01
2020-03-16,GJR-GARCH,0.025,-11.588653747701535,0.6707613078096129,-1.6301444471857416,-2.237860890052185,Period IV,2016-01-01
2020-03-17,GJR-GARCH,0.025,5.258492094923695,0.6707613078096129,-1.6301444471857416,-2.237860890052185,Period IV,2016-01-01
2020-03-18,GJR-GARCH,0.025,-5.195975100253782,0.6707613078096129,-1.6301444471857416,-2.237860890052185,Period IV,2016-01-01
2020-03-19,GJR-GARCH,0.025,0.21227225413289977,0.6707613078096129,-1.6301444471857416,-2.237860890052185,Period IV,2016-01-01
2020-03-20,GJR-GARCH,0.025,-4.9913373039575335,0.6707613078096129,-1.6301444471857416,-2.237860890052185,Period IV,2016-01-01
2020-03-23,GJR-GARCH,0.025,-2.5900755458341242,51.289290016996716,-14.253662394458724,-19.574343586897314,Period IV,2016-01-01
2020-03-24,GJR-GARCH,0.025,8.673099436253732,51.289290016996716,-14.253662394458724,-19.574343586897314,Period IV,2016-01-01
2020-03-25,GJR-GARCH,0.025,1.4859233619037202,51.289290016996716,-14.253662394458724,-19.574343586897314,Period IV,2016-01-01
2020-03-26,GJR-GARCH,0.025,5.674869876971942,51.289290016996716,-14.253662394458724,-19.574343586897314,Period IV,2016-01-01
2020-03-27,GJR-GARCH,0.025,-3.0238259991311156,51.289290016996716,-14.253662394458724,-19.574343586897314,Period IV,2016-01-01
2020-03-30,GJR-GARCH,0.025,3.1959525345806683,51.289290016996716,-14.253662394458724,-19.574343586897314,Period IV,2016-01-01
2020-03-31,GJR-GARCH,0.025,-1.501758659412402,51.289290016996716,-14.253662394458724,-19.574343586897314,Period IV,2016-01-01
2020-04-01,GJR-GARCH,0.025,-4.604904148877963,51.289290016996716,-14.253662394458724,-19.574343586897314,Period IV,2016-01-01
2020-04-02,GJR-GARCH,0.025,2.2813182552417124,51.289290016996716,-14.253662394458724,-19.574343586897314,Period IV,2016-01-01
2020-04-03,GJR-GARCH,0.025,-1.4559672253661922,51.289290016996716,-14.253662394458724,-19.574343586897314,Period IV,2016-01-01
2020-04-06,GJR-GARCH,0.025,6.500673748543067,51.289290016996716,-14.253662394458724,-19.574343586897314,Period IV,2016-01-01
2020-04-07,GJR-GARCH,0.025,0.10189609599744974,51.289290016996716,-14.253662394458724,-19.574343586897314,Period IV,2016-01-01
2020-04-08,GJR-GARCH,0.025,3.3017294838593205,51.289290016996716,-14.253662394458724,-19.574343586897314,Period IV,2016-01-01
2020-04-09,GJR-GARCH,0.025,1.5102738376915348,51.289290016996716,-14.253662394458724,-19.574343586897314,Period IV,2016-01-01
2020-04-13,GJR-GARCH,0.025,-0.9172087816788214,51.289290016996716,-14.253662394458724,-19.574343586897314,Period IV,2016-01-01
2020-04-14,GJR-GARCH,0.025,2.906632258223601,51.289290016996716,-14.253662394458724,-19.574343586897314,Period IV,2016-01-01
2020-04-15,GJR-GARCH,0.025,-2.1477091502921484,51.289290016996716,-14.253662394458724,-19.574343586897314,Period IV,2016-01-01
2020-04-16,GJR-GARCH,0.025,0.4812695780353366,51.289290016996716,-14.253662394458724,-19.574343586897314,Period IV,2016-01-01
2020-04-17,GJR-GARCH,0.025,2.6656961689813343,51.289290016996716,-14.253662394458724,-19.574343586897314,Period IV,2016-01-01
2020-04-20,GJR-GARCH,0.025,-1.777502481605561,51.289290016996716,-14.253662394458724,-19.574343586897314,Period IV,2016-01-01
2020-04-21,GJR-GARCH,0.025,-3.0833763390650035,3.6642317231853654,-3.8110565656946296,-5.224519529830391,Period IV,2016-01-01
2020-04-22,GJR-GARCH,0.025,2.1951826516892337,3.6642317231853654,-3.8110565656946296,-5.224519529830391,Period IV,2016-01-01
2020-04-23,GJR-GARCH,0.025,-0.007173145408748019,3.6642317231853654,-3.8110565656946296,-5.224519529830391,Period IV,2016-01-01
2020-04-24,GJR-GARCH,0.025,1.3842458314098778,3.6642317231853654,-3.8110565656946296,-5.224519529830391,Period IV,2016-01-01
2020-04-27,GJR-GARCH,0.025,1.4315484816994306,3.6642317231853654,-3.8110565656946296,-5.224519529830391,Period IV,2016-01-01
2020-04-28,GJR-GARCH,0.025,-0.4609026663486172,3.6642317231853654,-3.8110565656946296,-5.224519529830391,Period IV,2016-01-01
2020-04-29,GJR-GARCH,0.025,2.5841699275864904,3.6642317231853654,-3.8110565656946296,-5.224519529830391,Period IV,2016-01-01
2020-04-30,GJR-GARCH,0.025,-0.9354281772853418,3.6642317231853654,-3.8110565656946296,-5.224519529830391,Period IV,2016-01-01
2020-05-01,GJR-GARCH,0.025,-2.683016199258795,3.6642317231853654,-3.8110565656946296,-5.224519529830391,Period IV,2016-01-01
2020-05-04,GJR-GARCH,0.025,0.2754429163740411,3.6642317231853654,-3.8110565656946296,-5.224519529830391,Period IV,2016-01-01
2020-05-05,GJR-GARCH,0.025,0.9196902343131826,3.6642317231853654,-3.8110565656946296,-5.224519529830391,Period IV,2016-01-01
2020-05-06,GJR-GARCH,0.025,-0.6801801811007939,3.6642317231853654,-3.8110565656946296,-5.224519529830391,Period IV,2016-01-01
2020-05-07,GJR-GARCH,0.025,1.199459319300605,3.6642317231853654,-3.8110565656946296,-5.224519529830391,Period IV,2016-01-01
2020-05-08,GJR-GARCH,0.025,1.641079994986407,3.6642317231853654,-3.8110565656946296,-5.224519529830391,Period IV,2016-01-01
2020-05-11,GJR-GARCH,0.025,0.020514089839544992,3.6642317231853654,-3.8110565656946296,-5.224519529830391,Period IV,2016-01-01
2020-05-12,GJR-GARCH,0.025,-2.0132891412706133,3.6642317231853654,-3.8110565656946296,-5.224519529830391,Period IV,2016-01-01
2020-05-13,GJR-GARCH,0.025,-1.7844129300901634,3.6642317231853654,-3.8110565656946296,-5.224519529830391,Period IV,2016-01-01
2020-05-14,GJR-GARCH,0.025,1.1896269895517233,3.6642317231853654,-3.8110565656946296,-5.224519529830391,Period IV,2016-01-01
2020-05-15,GJR-GARCH,0.025,0.4586432752557939,3.6642317231853654,-3.8110565656946296,-5.224519529830391,Period IV,2016-01-01
2020-05-18,GJR-GARCH,0.025,3.000500773344127,3.6642317231853654,-3.8110565656946296,-5.224519529830391,Period IV,2016-01-01
2020-05-19,GJR-GARCH,0.025,-1.0324294894732977,1.9218655957772592,-2.757337638116526,-3.799262480849778,Period IV,2016-01-01
2020-05-20,GJR-GARCH,0.025,1.6845334676130814,1.9218655957772592,-2.757337638116526,-3.799262480849778,Period IV,2016-01-01
2020-05-21,GJR-GARCH,0.025,-0.6927885641062185,1.9218655957772592,-2.757337638116526,-3.799262480849778,Period IV,2016-01-01
2020-05-22,GJR-GARCH,0.025,0.18972683277800959,1.9218655957772592,-2.757337638116526,-3.799262480849778,Period IV,2016-01-01
2020-05-26,GJR-GARCH,0.025,1.2245272426979938,1.9218655957772592,-2.757337638116526,-3.799262480849778,Period IV,2016-01-01
2020-05-27,GJR-GARCH,0.025,1.4769397145406273,1.9218655957772592,-2.757337638116526,-3.799262480849778,Period IV,2016-01-01
2020-05-28,GJR-GARCH,0.025,-0.18466536446246287,1.9218655957772592,-2.757337638116526,-3.799262480849778,Period IV,2016-01-01
2020-05-29,GJR-GARCH,0.025,0.4446008688818559,1.9218655957772592,-2.757337638116526,-3.799262480849778,Period IV,2016-01-01
2020-06-01,GJR-GARCH,0.025,0.4033587965397369,1.9218655957772592,-2.757337638116526,-3.799262480849778,Period IV,2016-01-01
2020-06-02,GJR-GARCH,0.025,0.8246054531519834,1.9218655957772592,-2.757337638116526,-3.799262480849778,Period IV,2016-01-01
2020-06-03,GJR-GARCH,0.025,1.3220475147309174,1.9218655957772592,-2.757337638116526,-3.799262480849778,Period IV,2016-01-01
2020-06-04,GJR-GARCH,0.025,-0.26301691177292247,1.9218655957772592,-2.757337638116526,-3.799262480849778,Period IV,2016-01-01
2020-06-05,GJR-GARCH,0.025,2.530660249279807,1.9218655957772592,-2.757337638116526,-3.799262480849778,Period IV,2016-01-01
2020-06-08,GJR-GARCH,0.025,1.2015009972408368,1.9218655957772592,-2.757337638116526,-3.799262480849778,Period IV,2016-01-01
2020-06-09,GJR-GARCH,0.025,-0.7484634342424462,1.9218655957772592,-2.757337638116526,-3.799262480849778,Period IV,2016-01-01
2020-06-10,GJR-GARCH,0.025,-0.5595627288950511,1.9218655957772592,-2.757337638116526,-3.799262480849778,Period IV,2016-01-01
2020-06-11,GJR-GARCH,0.025,-5.937740794860814,1.9218655957772592,-2.757337638116526,-3.799262480849778,Period IV,2016-01-01
2020-06-12,GJR-GARCH,0.025,1.1904529469550793,1.9218655957772592,-2.757337638116526,-3.799262480849778,Period IV,2016-01-01
2020-06-15,GJR-GARCH,0.025,0.9292336713778283,1.9218655957772592,-2.757337638116526,-3.799262480849778,Period IV,2016-01-01
2020-06-16,GJR-GARCH,0.025,1.9064798523327482,1.9218655957772592,-2.757337638116526,-3.799262480849778,Period IV,2016-01-01
2020-06-17,GJR-GARCH,0.025,-0.41624977750896663,7.118356406360141,-5.309697770299672,-7.294661829487456,Period IV,2016-01-01
2020-06-18,GJR-GARCH,0.025,0.038494520146086855,7.118356406360141,-5.309697770299672,-7.294661829487456,Period IV,2016-01-01
2020-06-19,GJR-GARCH,0.025,-1.0122210350604972,7.118356406360141,-5.309697770299672,-7.294661829487456,Period IV,2016-01-01
2020-06-22,GJR-GARCH,0.025,0.6394687803636784,7.118356406360141,-5.309697770299672,-7.294661829487456,Period IV,2016-01-01
2020-06-23,GJR-GARCH,0.025,0.45931078389241775,7.118356406360141,-5.309697770299672,-7.294661829487456,Period IV,2016-01-01
2020-06-24,GJR-GARCH,0.025,-2.5839694081199536,7.118356406360141,-5.309697770299672,-7.294661829487456,Period IV,2016-01-01
2020-06-25,GJR-GARCH,0.025,1.066348503151595,7.118356406360141,-5.309697770299672,-7.294661829487456,Period IV,2016-01-01
2020-06-26,GJR-GARCH,0.025,-2.4038096459339244,7.118356406360141,-5.309697770299672,-7.294661829487456,Period IV,2016-01-01
2020-06-29,GJR-GARCH,0.025,1.4590600813082581,7.118356406360141,-5.309697770299672,-7.294661829487456,Period IV,2016-01-01
2020-06-30,GJR-GARCH,0.025,1.2728196521442903,7.118356406360141,-5.309697770299672,-7.294661829487456,Period IV,2016-01-01
2020-07-01,GJR-GARCH,0.025,0.6980392070335714,7.118356406360141,-5.309697770299672,-7.294661829487456,Period IV,2016-01-01
2020-07-02,GJR-GARCH,0.025,0.5491854742917902,7.118356406360141,-5.309697770299672,-7.294661829487456,Period IV,2016-01-01
2020-07-06,GJR-GARCH,0.025,1.531932074415112,7.118356406360141,-5.309697770299672,-7.294661829487456,Period IV,2016-01-01
2020-07-07,GJR-GARCH,0.025,-1.0367352129633485,7.118356406360141,-5.309697770299672,-7.294661829487456,Period IV,2016-01-01
2020-07-08,GJR-GARCH,0.025,0.7619548988834753,7.118356406360141,-5.309697770299672,-7.294661829487456,Period IV,2016-01-01
2020-07-09,GJR-GARCH,0.025,-0.5709187671675111,7.118356406360141,-5.309697770299672,-7.294661829487456,Period IV,2016-01-01
2020-07-10,GJR-GARCH,0.025,1.0158770368597723,7.118356406360141,-5.309697770299672,-7.294661829487456,Period IV,2016-01-01
2020-07-13,GJR-GARCH,0.025,-0.8696669557654455,7.118356406360141,-5.309697770299672,-7.294661829487456,Period IV,2016-01-01
2020-07-14,GJR-GARCH,0.025,1.2875768095466746,7.118356406360141,-5.309697770299672,-7.294661829487456,Period IV,2016-01-01
2020-07-15,GJR-GARCH,0.025,0.9145287724412186,7.118356406360141,-5.309697770299672,-7.294661829487456,Period IV,2016-01-01
2020-07-16,GJR-GARCH,0.025,-0.329888738868124,0.9936123320017158,-1.9806933586675683,-2.741500153265684,Period IV,2016-01-01
2020-07-17,GJR-GARCH,0.025,0.28948757563760136,0.9936123320017158,-1.9806933586675683,-2.741500153265684,Period IV,2016-01-01
2020-07-20,GJR-GARCH,0.025,0.8049099456827503,0.9936123320017158,-1.9806933586675683,-2.741500153265684,Period IV,2016-01-01
2020-07-21,GJR-GARCH,0.025,0.2125275847297115,0.9936123320017158,-1.9806933586675683,-2.741500153265684,Period IV,2016-01-01
2020-07-22,GJR-GARCH,0.025,0.5675918714983156,0.9936123320017158,-1.9806933586675683,-2.741500153265684,Period IV,2016-01-01
2020-07-23,GJR-GARCH,0.025,-1.2003449762736862,0.9936123320017158,-1.9806933586675683,-2.741500153265684,Period IV,2016-01-01
2020-07-24,GJR-GARCH,0.025,-0.64612134078022,0.9936123320017158,-1.9806933586675683,-2.741500153265684,Period IV,2016-01-01
2020-07-27,GJR-GARCH,0.025,0.7265973018451793,0.9936123320017158,-1.9806933586675683,-2.741500153265684,Period IV,2016-01-01
2020-07-28,GJR-GARCH,0.025,-0.6362589928741833,0.9936123320017158,-1.9806933586675683,-2.741500153265684,Period IV,2016-01-01
2020-07-29,GJR-GARCH,0.025,1.2223710163119286,0.9936123320017158,-1.9806933586675683,-2.741500153265684,Period IV,2016-01-01
2020-07-30,GJR-GARCH,0.025,-0.3574304927252317,0.9936123320017158,-1.9806933586675683,-2.741500153265684,Period IV,2016-01-01
2020-07-31,GJR-GARCH,0.025,0.7871143932114598,0.9936123320017158,-1.9806933586675683,-2.741500153265684,Period IV,2016-01-01
2020-08-03,GJR-GARCH,0.025,0.6928106146781003,0.9936123320017158,-1.9806933586675683,-2.741500153265684,Period IV,2016-01-01
2020-08-04,GJR-GARCH,0.025,0.38551736353535687,0.9936123320017158,-1.9806933586675683,-2.741500153265684,Period IV,2016-01-01
2020-08-05,GJR-GARCH,0.025,0.619174651583392,0.9936123320017158,-1.9806933586675683,-2.741500153265684,Period IV,2016-01-01
2020-08-06,GJR-GARCH,0.025,0.6662293756877345,0.9936123320017158,-1.9806933586675683,-2.741500153265684,Period IV,2016-01-01
2020-08-07,GJR-GARCH,0.025,0.07176581385700892,0.9936123320017158,-1.9806933586675683,-2.741500153265684,Period IV,2016-01-01
2020-08-10,GJR-GARCH,0.025,0.2984453160198847,0.9936123320017158,-1.9806933586675683,-2.741500153265684,Period IV,2016-01-01
2020-08-11,GJR-GARCH,0.025,-0.8288928022774745,0.9936123320017158,-1.9806933586675683,-2.741500153265684,Period IV,2016-01-01
2020-08-12,GJR-GARCH,0.025,1.3846051698275443,0.9936123320017158,-1.9806933586675683,-2.741500153265684,Period IV,2016-01-01
2020-08-13,GJR-GARCH,0.025,-0.18094117950114885,0.49929722079633104,-1.4062349034020474,-1.931976387180382,Period IV,2016-01-01
2020-08-14,GJR-GARCH,0.025,0.0029717119300824812,0.49929722079633104,-1.4062349034020474,-1.931976387180382,Period IV,2016-01-01
2020-08-17,GJR-GARCH,0.025,0.3171569384628661,0.49929722079633104,-1.4062349034020474,-1.931976387180382,Period IV,2016-01-01
2020-08-18,GJR-GARCH,0.025,0.21580407948688998,0.49929722079633104,-1.4062349034020474,-1.931976387180382,Period IV,2016-01-01
2020-08-19,GJR-GARCH,0.025,-0.4172416749373015,0.49929722079633104,-1.4062349034020474,-1.931976387180382,Period IV,2016-01-01
2020-08-20,GJR-GARCH,0.025,0.31087285855023805,0.49929722079633104,-1.4062349034020474,-1.931976387180382,Period IV,2016-01-01
2020-08-21,GJR-GARCH,0.025,0.354111615823734,0.49929722079633104,-1.4062349034020474,-1.931976387180382,Period IV,2016-01-01
2020-08-24,GJR-GARCH,0.025,1.0082155503900299,0.49929722079633104,-1.4062349034020474,-1.931976387180382,Period IV,2016-01-01
2020-08-25,GJR-GARCH,0.025,0.3493196596273682,0.49929722079633104,-1.4062349034020474,-1.931976387180382,Period IV,2016-01-01
2020-08-26,GJR-GARCH,0.025,0.9975685076455696,0.49929722079633104,-1.4062349034020474,-1.931976387180382,Period IV,2016-01-01
2020-08-27,GJR-GARCH,0.025,0.2184163117804633,0.49929722079633104,-1.4062349034020474,-1.931976387180382,Period IV,2016-01-01
2020-08-28,GJR-GARCH,0.025,0.6438619734780553,0.49929722079633104,-1.4062349034020474,-1.931976387180382,Period IV,2016-01-01
2020-08-31,GJR-GARCH,0.025,-0.3629114393204243,0.49929722079633104,-1.4062349034020474,-1.931976387180382,Period IV,2016-01-01
2020-09-01,GJR-GARCH,0.025,0.9374514174085585,0.49929722079633104,-1.4062349034020474,-1.931976387180382,Period IV,2016-01-01
2020-09-02,GJR-GARCH,0.025,1.4360393117624624,0.49929722079633104,-1.4062349034020474,-1.931976387180382,Period IV,2016-01-01
2020-09-03,GJR-GARCH,0.025,-3.502042462644392,0.49929722079633104,-1.4062349034020474,-1.931976387180382,Period IV,2016-01-01
2020-09-04,GJR-GARCH,0.025,-0.8198218003101077,0.49929722079633104,-1.4062349034020474,-1.931976387180382,Period IV,2016-01-01
2020-09-08,GJR-GARCH,0.025,-2.7703141558992694,0.49929722079633104,-1.4062349034020474,-1.931976387180382,Period IV,2016-01-01
2020-09-09,GJR-GARCH,0.025,1.9554908673632088,0.49929722079633104,-1.4062349034020474,-1.931976387180382,Period IV,2016-01-01
2020-09-10,GJR-GARCH,0.025,-1.7516163589897775,0.49929722079633104,-1.4062349034020474,-1.931976387180382,Period IV,2016-01-01
2020-09-11,GJR-GARCH,0.025,0.05089689668963855,4.984684832047555,-4.45026693227515,-6.0575137787890805,Period IV,2016-01-01
2020-09-14,GJR-GARCH,0.025,1.3085281479949857,4.984684832047555,-4.45026693227515,-6.0575137787890805,Period IV,2016-01-01
2020-09-15,GJR-GARCH,0.025,0.5039640391992443,4.984684832047555,-4.45026693227515,-6.0575137787890805,Period IV,2016-01-01
2020-09-16,GJR-GARCH,0.025,-0.39765175958138604,4.984684832047555,-4.45026693227515,-6.0575137787890805,Period IV,2016-01-01
2020-09-17,GJR-GARCH,0.025,-0.8834169361647914,4.984684832047555,-4.45026693227515,-6.0575137787890805,Period IV,2016-01-01
2020-09-18,GJR-GARCH,0.025,-1.5574449506466947,4.984684832047555,-4.45026693227515,-6.0575137787890805,Period IV,2016-01-01
2020-09-21,GJR-GARCH,0.025,-1.1191968358818667,4.984684832047555,-4.45026693227515,-6.0575137787890805,Period IV,2016-01-01
2020-09-22,GJR-GARCH,0.025,1.0132868136627597,4.984684832047555,-4.45026693227515,-6.0575137787890805,Period IV,2016-01-01
2020-09-23,GJR-GARCH,0.025,-2.3464099472423143,4.984684832047555,-4.45026693227515,-6.0575137787890805,Period IV,2016-01-01
2020-09-24,GJR-GARCH,0.025,0.2661917974041229,4.984684832047555,-4.45026693227515,-6.0575137787890805,Period IV,2016-01-01
2020-09-25,GJR-GARCH,0.025,1.6037664619024166,4.984684832047555,-4.45026693227515,-6.0575137787890805,Period IV,2016-01-01
2020-09-28,GJR-GARCH,0.025,1.6472922256805596,4.984684832047555,-4.45026693227515,-6.0575137787890805,Period IV,2016-01-01
2020-09-29,GJR-GARCH,0.025,-0.5460909306988011,4.984684832047555,-4.45026693227515,-6.0575137787890805,Period IV,2016-01-01
2020-09-30,GJR-GARCH,0.025,0.7553371925994548,4.984684832047555,-4.45026693227515,-6.0575137787890805,Period IV,2016-01-01
2020-10-01,GJR-GARCH,0.025,0.6399479587811491,4.984684832047555,-4.45026693227515,-6.0575137787890805,Period IV,2016-01-01
2020-10-02,GJR-GARCH,0.025,-0.9539817709959986,4.984684832047555,-4.45026693227515,-6.0575137787890805,Period IV,2016-01-01
2020-10-05,GJR-GARCH,0.025,1.7577689434087953,4.984684832047555,-4.45026693227515,-6.0575137787890805,Period IV,2016-01-01
2020-10-06,GJR-GARCH,0.025,-1.4317981848638595,4.984684832047555,-4.45026693227515,-6.0575137787890805,Period IV,2016-01-01
2020-10-07,GJR-GARCH,0.025,1.7256912933913653,4.984684832047555,-4.45026693227515,-6.0575137787890805,Period IV,2016-01-01
2020-10-08,GJR-GARCH,0.025,0.8823468516178457,4.984684832047555,-4.45026693227515,-6.0575137787890805,Period IV,2016-01-01
2020-10-09,GJR-GARCH,0.025,0.8890513079114817,1.3552031923942847,-2.3202067501050245,-3.160212576427516,Period IV,2016-01-01
2020-10-12,GJR-GARCH,0.025,1.5959572761759169,1.3552031923942847,-2.3202067501050245,-3.160212576427516,Period IV,2016-01-01
2020-10-13,GJR-GARCH,0.025,-0.6547472151973233,1.3552031923942847,-2.3202067501050245,-3.160212576427516,Period IV,2016-01-01
2020-10-14,GJR-GARCH,0.025,-0.6303238972997072,1.3552031923942847,-2.3202067501050245,-3.160212576427516,Period IV,2016-01-01
2020-10-15,GJR-GARCH,0.025,-0.12366240602409524,1.3552031923942847,-2.3202067501050245,-3.160212576427516,Period IV,2016-01-01
2020-10-16,GJR-GARCH,0.025,-0.06044746150335752,1.3552031923942847,-2.3202067501050245,-3.160212576427516,Period IV,2016-01-01
2020-10-19,GJR-GARCH,0.025,-1.532018543497615,1.3552031923942847,-2.3202067501050245,-3.160212576427516,Period IV,2016-01-01
2020-10-20,GJR-GARCH,0.025,0.3997714914079781,1.3552031923942847,-2.3202067501050245,-3.160212576427516,Period IV,2016-01-01
2020-10-21,GJR-GARCH,0.025,-0.18947226418669316,1.3552031923942847,-2.3202067501050245,-3.160212576427516,Period IV,2016-01-01
2020-10-22,GJR-GARCH,0.025,0.5470303091080673,1.3552031923942847,-2.3202067501050245,-3.160212576427516,Period IV,2016-01-01
2020-10-23,GJR-GARCH,0.025,0.33894308282106866,1.3552031923942847,-2.3202067501050245,-3.160212576427516,Period IV,2016-01-01
2020-10-26,GJR-GARCH,0.025,-1.865279937878164,1.3552031923942847,-2.3202067501050245,-3.160212576427516,Period IV,2016-01-01
2020-10-27,GJR-GARCH,0.025,-0.3453356836822834,1.3552031923942847,-2.3202067501050245,-3.160212576427516,Period IV,2016-01-01
2020-10-28,GJR-GARCH,0.025,-3.4776689094976296,1.3552031923942847,-2.3202067501050245,-3.160212576427516,Period IV,2016-01-01
2020-10-29,GJR-GARCH,0.025,1.0112194021458154,1.3552031923942847,-2.3202067501050245,-3.160212576427516,Period IV,2016-01-01
2020-10-30,GJR-GARCH,0.025,-1.0479600991130111,1.3552031923942847,-2.3202067501050245,-3.160212576427516,Period IV,2016-01-01
2020-11-02,GJR-GARCH,0.025,1.1146089588536665,1.3552031923942847,-2.3202067501050245,-3.160212576427516,Period IV,2016-01-01
2020-11-03,GJR-GARCH,0.025,1.7501869604411622,1.3552031923942847,-2.3202067501050245,-3.160212576427516,Period IV,2016-01-01
2020-11-04,GJR-GARCH,0.025,2.2103140022991603,1.3552031923942847,-2.3202067501050245,-3.160212576427516,Period IV,2016-01-01
2020-11-05,GJR-GARCH,0.025,1.9315027809857488,1.3552031923942847,-2.3202067501050245,-3.160212576427516,Period IV,2016-01-01
2020-11-06,GJR-GARCH,0.025,-0.022840255085774322,2.2850387196183064,-3.014281074862734,-4.091843569639926,Period IV,2016-01-01
2020-11-09,GJR-GARCH,0.025,1.2487373892100522,2.2850387196183064,-3.014281074862734,-4.091843569639926,Period IV,2016-01-01
2020-11-10,GJR-GARCH,0.025,-0.1467651996983042,2.2850387196183064,-3.014281074862734,-4.091843569639926,Period IV,2016-01-01
2020-11-11,GJR-GARCH,0.025,0.7401096949917688,2.2850387196183064,-3.014281074862734,-4.091843569639926,Period IV,2016-01-01
2020-11-12,GJR-GARCH,0.025,-0.9748265478456679,2.2850387196183064,-3.014281074862734,-4.091843569639926,Period IV,2016-01-01
2020-11-13,GJR-GARCH,0.025,1.3749537340944966,2.2850387196183064,-3.014281074862734,-4.091843569639926,Period IV,2016-01-01
2020-11-16,GJR-GARCH,0.025,1.2405285253222402,2.2850387196183064,-3.014281074862734,-4.091843569639926,Period IV,2016-01-01
2020-11-17,GJR-GARCH,0.025,-0.5392820493601607,2.2850387196183064,-3.014281074862734,-4.091843569639926,Period IV,2016-01-01
2020-11-18,GJR-GARCH,0.025,-1.2107823670750926,2.2850387196183064,-3.014281074862734,-4.091843569639926,Period IV,2016-01-01
2020-11-19,GJR-GARCH,0.025,0.4201333813765502,2.2850387196183064,-3.014281074862734,-4.091843569639926,Period IV,2016-01-01
2020-11-20,GJR-GARCH,0.025,-0.6871371590023763,2.2850387196183064,-3.014281074862734,-4.091843569639926,Period IV,2016-01-01
2020-11-23,GJR-GARCH,0.025,0.5976546496514336,2.2850387196183064,-3.014281074862734,-4.091843569639926,Period IV,2016-01-01
2020-11-24,GJR-GARCH,0.025,1.5985270793455963,2.2850387196183064,-3.014281074862734,-4.091843569639926,Period IV,2016-01-01
2020-11-25,GJR-GARCH,0.025,-0.15429483273409825,2.2850387196183064,-3.014281074862734,-4.091843569639926,Period IV,2016-01-01
2020-11-27,GJR-GARCH,0.025,0.27811336248563356,2.2850387196183064,-3.014281074862734,-4.091843569639926,Period IV,2016-01-01
2020-11-30,GJR-GARCH,0.025,-0.4436962743950226,2.2850387196183064,-3.014281074862734,-4.091843569639926,Period IV,2016-01-01
2020-12-01,GJR-GARCH,0.025,1.0878009496786718,2.2850387196183064,-3.014281074862734,-4.091843569639926,Period IV,2016-01-01
2020-12-02,GJR-GARCH,0.025,0.2101553792160207,2.2850387196183064,-3.014281074862734,-4.091843569639926,Period IV,2016-01-01
2020-12-03,GJR-GARCH,0.025,-0.027268937840814113,2.2850387196183064,-3.014281074862734,-4.091843569639926,Period IV,2016-01-01
2020-12-04,GJR-GARCH,0.025,0.8580723421316999,2.2850387196183064,-3.014281074862734,-4.091843569639926,Period IV,2016-01-01
2020-12-07,GJR-GARCH,0.025,-0.20570277183633748,0.398622409153717,-1.259186143251964,-1.7072458649483033,Period IV,2016-01-01
2020-12-08,GJR-GARCH,0.025,0.2921889034867222,0.398622409153717,-1.259186143251964,-1.7072458649483033,Period IV,2016-01-01
2020-12-09,GJR-GARCH,0.025,-0.9009334055422739,0.398622409153717,-1.259186143251964,-1.7072458649483033,Period IV,2016-01-01
2020-12-10,GJR-GARCH,0.025,-0.0327149364656226,0.398622409153717,-1.259186143251964,-1.7072458649483033,Period IV,2016-01-01
2020-12-11,GJR-GARCH,0.025,-0.11732759734402676,0.398622409153717,-1.259186143251964,-1.7072458649483033,Period IV,2016-01-01
2020-12-14,GJR-GARCH,0.025,-0.44872138059499406,0.398622409153717,-1.259186143251964,-1.7072458649483033,Period IV,2016-01-01
2020-12-15,GJR-GARCH,0.025,1.3428850562282912,0.398622409153717,-1.259186143251964,-1.7072458649483033,Period IV,2016-01-01
2020-12-16,GJR-GARCH,0.025,0.1568122637186229,0.398622409153717,-1.259186143251964,-1.7072458649483033,Period IV,2016-01-01
2020-12-17,GJR-GARCH,0.025,0.55763854485796,0.398622409153717,-1.259186143251964,-1.7072458649483033,Period IV,2016-01-01
2020-12-18,GJR-GARCH,0.025,-0.8254471160338154,0.398622409153717,-1.259186143251964,-1.7072458649483033,Period IV,2016-01-01
2020-12-21,GJR-GARCH,0.025,-0.3581918959335216,0.398622409153717,-1.259186143251964,-1.7072458649483033,Period IV,2016-01-01
2020-12-22,GJR-GARCH,0.025,-0.16868324984086336,0.398622409153717,-1.259186143251964,-1.7072458649483033,Period IV,2016-01-01
2019-12-24,Original GARCHNet,0.025,0.003116122791065835,0.6042072772979736,-1.5355154658122256,-1.8710350265369777,Period IV,2016-01-01
2019-12-26,Original GARCHNet,0.025,0.5309143350541635,0.6048792004585266,-1.536366360336575,-1.8720615960953078,Period IV,2016-01-01
2019-12-27,Original GARCHNet,0.025,-0.02478076548954347,0.6037150621414185,-1.534889716764556,-1.870271892479976,Period IV,2016-01-01
2019-12-30,Original GARCHNet,0.025,-0.5528475915667534,0.6043723821640015,-1.535724279015254,-1.8712857489904755,Period IV,2016-01-01
2019-12-31,Original GARCHNet,0.025,0.24263514356685495,0.6073507070541382,-1.5394958136269121,-1.875851409777407,Period IV,2016-01-01
2020-01-02,Original GARCHNet,0.025,0.9308464399828982,0.6065093874931335,-1.5384278031441905,-1.874544823002918,Period IV,2016-01-01
2020-01-03,Original GARCHNet,0.025,-0.7601048398627837,0.6037097573280334,-1.5348796699918343,-1.8702469763393406,Period IV,2016-01-01
2020-01-06,Original GARCHNet,0.025,0.380779332143604,0.6070002317428589,-1.5390513597235291,-1.875309073940149,Period IV,2016-01-01
2020-01-07,Original GARCHNet,0.025,-0.2815737819690788,0.6056968569755554,-1.5373990466367056,-1.873299327368425,Period IV,2016-01-01
2020-01-08,Original GARCHNet,0.025,0.5315384309479368,0.6072668433189392,-1.5393865107860452,-1.8757066746956912,Period IV,2016-01-01
2020-01-09,Original GARCHNet,0.025,0.6757763910630538,0.6054010987281799,-1.5370237896017818,-1.8728426200895765,Period IV,2016-01-01
2020-01-10,Original GARCHNet,0.025,-0.2881853924458683,0.6035295128822327,-1.5346517107063418,-1.8699737579225353,Period IV,2016-01-01
2020-01-13,Original GARCHNet,0.025,0.6853806284860935,0.6048932075500488,-1.5363831411350337,-1.8720781769025083,Period IV,2016-01-01
2020-01-14,Original GARCHNet,0.025,-0.1525786018845352,0.6032115817070007,-1.534250201586974,-1.8694951127440107,Period IV,2016-01-01
2020-01-15,Original GARCHNet,0.025,0.22573074615838976,0.604321300983429,-1.5356593733377586,-1.8712066417190818,Period IV,2016-01-01
2020-01-16,Original GARCHNet,0.025,0.8283978494246641,0.6041955947875977,-1.535499735007998,-1.8710124591281783,Period IV,2016-01-01
2020-01-17,Original GARCHNet,0.025,0.31076970399105486,0.6022524833679199,-1.5330330009918915,-1.8680234693757778,Period IV,2016-01-01
2020-01-21,Original GARCHNet,0.025,-0.1960119478876216,0.6019977331161499,-1.5327120839251773,-1.8676452852570111,Period IV,2016-01-01
2020-01-22,Original GARCHNet,0.025,0.012075499797367417,0.6034507751464844,-1.5345577208160162,-1.8698827159561575,Period IV,2016-01-01
2020-01-23,Original GARCHNet,0.025,0.11462158049533978,0.6042689085006714,-1.535594071951114,-1.8711319375827682,Period IV,2016-01-01
2020-01-24,Original GARCHNet,0.025,-0.8932858535968823,0.5801330208778381,-1.5047620466341443,-1.8341324136121289,Period IV,2016-01-01
2020-01-27,Original GARCHNet,0.025,-1.6159270785999107,0.5863547325134277,-1.5127958105470076,-1.8438717451324926,Period IV,2016-01-01
2020-01-28,Original GARCHNet,0.025,1.042465373821599,0.6011897325515747,-1.5317595691283046,-1.8667783307831818,Period IV,2016-01-01
2020-01-29,Original GARCHNet,0.025,-0.08263669800950708,0.5904911160469055,-1.5180893931281974,-1.850196808533928,Period IV,2016-01-01
2020-01-30,Original GARCHNet,0.025,0.32400993602699546,0.5903580188751221,-1.517919398306433,-1.8499938751960414,Period IV,2016-01-01
2020-01-31,Original GARCHNet,0.025,-1.8324781429623003,0.5867840051651001,-1.5133282468902316,-1.844438937016856,Period IV,2016-01-01
2020-02-03,Original GARCHNet,0.025,0.7401083897971815,0.6026833653450012,-1.5336446420901269,-1.8690120590776047,Period IV,2016-01-01
2020-02-04,Original GARCHNet,0.025,1.5126295011474384,0.593909502029419,-1.5224586089105783,-1.8554502971266376,Period IV,2016-01-01
2020-02-05,Original GARCHNet,0.025,1.1481839611606393,0.5837111473083496,-1.5093631715944045,-1.8396163638583203,Period IV,2016-01-01
2020-02-06,Original GARCHNet,0.025,0.3359206688677661,0.5790585875511169,-1.503355770390288,-1.8323713492343223,Period IV,2016-01-01
2020-02-07,Original GARCHNet,0.025,-0.5343909914229443,0.5777114629745483,-1.5016183880210319,-1.830301313998229,Period IV,2016-01-01
2020-02-10,Original GARCHNet,0.025,0.7437595617929694,0.5802059769630432,-1.5048522794902823,-1.834225503870294,Period IV,2016-01-01
2020-02-11,Original GARCHNet,0.025,0.17315497884897968,0.5780221223831177,-1.502025579192319,-1.8308111453956015,Period IV,2016-01-01
2020-02-12,Original GARCHNet,0.025,0.6422105641496987,0.5781146883964539,-1.5021477679163249,-1.8309675013126305,Period IV,2016-01-01
2020-02-13,Original GARCHNet,0.025,-0.10675361685061084,0.5764868855476379,-1.5000384830775382,-1.82842353700389,Period IV,2016-01-01
2020-02-14,Original GARCHNet,0.025,0.160083199630131,0.5777953863143921,-1.50173713203128,-1.8304833744402162,Period IV,2016-01-01
2020-02-18,Original GARCHNet,0.025,-0.25803258874645635,0.5781949162483215,-1.5022546545342959,-1.831108043676965,Period IV,2016-01-01
2020-02-19,Original GARCHNet,0.025,0.4769841309919101,0.580426812171936,-1.5051453994042716,-1.8346088526446338,Period IV,2016-01-01
2020-02-20,Original GARCHNet,0.025,-0.4116708603145274,0.5791856646537781,-1.5035359451664891,-1.8326496484600674,Period IV,2016-01-01
2020-02-21,Original GARCHNet,0.025,-1.0351661133344123,0.582027792930603,-1.5072142916809084,-1.8371094561860608,Period IV,2016-01-01
2020-02-24,Original GARCHNet,0.025,-3.372784139233276,0.5484640598297119,-1.4633689430218575,-1.7846668356505515,Period IV,2016-01-01
2020-02-25,Original GARCHNet,0.025,-3.0770750603140917,0.5894942283630371,-1.516953504967039,-1.8493762438576171,Period IV,2016-01-01
2020-02-26,Original GARCHNet,0.025,-0.36849962639194167,0.6267451643943787,-1.5639791276304755,-1.9060535484477774,Period IV,2016-01-01
2020-02-27,Original GARCHNet,0.025,-4.595146753683802,0.6276995539665222,-1.5651254758987334,-1.907281490982141,Period IV,2016-01-01
2020-02-28,Original GARCHNet,0.025,-0.4210390573741874,0.674290657043457,-1.6220064276005952,-1.9759639020198614,Period IV,2016-01-01
2020-03-02,Original GARCHNet,0.025,4.239500466012263,0.6671329736709595,-1.6133533999770466,-1.9653417416117396,Period IV,2016-01-01
2020-03-03,Original GARCHNet,0.025,-2.9050362476348153,0.6103765964508057,-1.5433237949908698,-1.880507212266577,Period IV,2016-01-01
2020-03-04,Original GARCHNet,0.025,4.11736370118587,0.6364989876747131,-1.575954905589417,-1.9200841011955763,Period IV,2016-01-01
2020-03-05,Original GARCHNet,0.025,-3.380675024137826,0.5878644585609436,-1.5146946267352186,-1.8460032797414543,Period IV,2016-01-01
2020-03-06,Original GARCHNet,0.025,-1.6669275633020058,0.6192158460617065,-1.5544840654758558,-1.8942036688235173,Period IV,2016-01-01
2020-03-09,Original GARCHNet,0.025,-8.131252304186743,0.6317576169967651,-1.570104223440087,-1.913070979382963,Period IV,2016-01-01
2020-03-10,Original GARCHNet,0.025,5.045058729381138,0.6891189813613892,-1.6396702441295266,-1.99719987900982,Period IV,2016-01-01
2020-03-11,Original GARCHNet,0.025,-4.997673845028892,0.6434205770492554,-1.5844096848872535,-1.9300374723815727,Period IV,2016-01-01
2020-03-12,Original GARCHNet,0.025,-10.056886056624313,0.6780445575714111,-1.6264180211684682,-1.980967344763171,Period IV,2016-01-01
2020-03-13,Original GARCHNet,0.025,8.202809219873311,0.7020624279975891,-1.6549700020425597,-2.0157318606151136,Period IV,2016-01-01
2020-03-16,Original GARCHNet,0.025,-11.588653747701535,0.6552873849868774,-1.5988848449263515,-1.9474071478863348,Period IV,2016-01-01
2020-03-17,Original GARCHNet,0.025,5.258492094923695,0.6941660046577454,-1.6456256740291861,-2.004309048838614,Period IV,2016-01-01
2020-03-18,Original GARCHNet,0.025,-5.195975100253782,0.6630688905715942,-1.6083312447203562,-1.9588405569312117,Period IV,2016-01-01
2020-03-19,Original GARCHNet,0.025,0.21227225413289977,0.6840431690216064,-1.6335575063711467,-1.9895143238177437,Period IV,2016-01-01
2020-03-20,Original GARCHNet,0.025,-4.9913373039575335,0.6727549433708191,-1.620035032423686,-1.9730919299704697,Period IV,2016-01-01
2020-03-23,Original GARCHNet,0.025,-2.5900755458341242,0.7077181339263916,-1.6616505402355566,-2.0239747542320417,Period IV,2016-01-01
2020-03-24,Original GARCHNet,0.025,8.673099436253732,0.7086849212646484,-1.6627816185231965,-2.0253391372084475,Period IV,2016-01-01
2020-03-25,Original GARCHNet,0.025,1.4859233619037202,0.6492004990577698,-1.5914970073608203,-1.9386203037731957,Period IV,2016-01-01
2020-03-26,Original GARCHNet,0.025,5.674869876971942,0.6186657547950745,-1.553750455824541,-1.89314485797745,Period IV,2016-01-01
2020-03-27,Original GARCHNet,0.025,-3.0238259991311156,0.5666674971580505,-1.4872705214588564,-1.8131002230262823,Period IV,2016-01-01
2020-03-30,Original GARCHNet,0.025,3.1959525345806683,0.5781684517860413,-1.502272632895305,-1.8313320658192211,Period IV,2016-01-01
2020-03-31,Original GARCHNet,0.025,-1.501758659412402,0.5446717739105225,-1.458273257595044,-1.7783443934876348,Period IV,2016-01-01
2020-04-01,Original GARCHNet,0.025,-4.604904148877963,0.5487126111984253,-1.4636946794974481,-1.785041502827141,Period IV,2016-01-01
2020-04-02,Original GARCHNet,0.025,2.2813182552417124,0.6193633079528809,-1.5548418293411934,-1.8953043495095474,Period IV,2016-01-01
2020-04-03,Original GARCHNet,0.025,-1.4559672253661922,0.5797533988952637,-1.5044000631476433,-1.8341952017074372,Period IV,2016-01-01
2020-04-06,Original GARCHNet,0.025,6.500673748543067,0.5976372361183167,-1.5273824946874115,-1.862042932311006,Period IV,2016-01-01
2020-04-07,Original GARCHNet,0.025,0.10189609599744974,0.5296924710273743,-1.4381657408162716,-1.7541529327723906,Period IV,2016-01-01
2020-04-08,Original GARCHNet,0.025,3.3017294838593205,0.5208745002746582,-1.4262397651106855,-1.7399777855615788,Period IV,2016-01-01
2020-04-09,Original GARCHNet,0.025,1.5102738376915348,0.4946727454662323,-1.3900397309189705,-1.6963444020248057,Period IV,2016-01-01
2020-04-13,Original GARCHNet,0.025,-0.9172087816788214,0.4738491475582123,-1.3606184138741326,-1.6610333025854853,Period IV,2016-01-01
2020-04-14,Original GARCHNet,0.025,2.906632258223601,0.4752907156944275,-1.3627201940143099,-1.6637323104399115,Period IV,2016-01-01
2020-04-15,Original GARCHNet,0.025,-2.1477091502921484,0.4469476044178009,-1.3216587905309973,-1.6143745185991047,Period IV,2016-01-01
2020-04-16,Original GARCHNet,0.025,0.4812695780353366,0.4608924388885498,-1.3420636409018905,-1.6390804487822697,Period IV,2016-01-01
2020-04-17,Original GARCHNet,0.025,2.6656961689813343,0.447436660528183,-1.3224365929755306,-1.6155437356925073,Period IV,2016-01-01
2020-04-20,Original GARCHNet,0.025,-1.777502481605561,0.434719979763031,-1.3035799605863303,-1.5927934987209433,Period IV,2016-01-01
2020-04-21,Original GARCHNet,0.025,-3.0833763390650035,0.3819473385810852,-1.2227044951625647,-1.4972687364337167,Period IV,2016-01-01
2020-04-22,Original GARCHNet,0.025,2.1951826516892337,0.3912600874900818,-1.2375183353043717,-1.515398493061352,Period IV,2016-01-01
2020-04-23,Original GARCHNet,0.025,-0.007173145408748019,0.4114941358566284,-1.2688313466705783,-1.5525759780945423,Period IV,2016-01-01
2020-04-24,Original GARCHNet,0.025,1.3842458314098778,0.4195563495159149,-1.2811379996809675,-1.5673772841214553,Period IV,2016-01-01
2020-04-27,Original GARCHNet,0.025,1.4315484816994306,0.43329542875289917,-1.3017644123669674,-1.5918742145992757,Period IV,2016-01-01
2020-04-28,Original GARCHNet,0.025,-0.4609026663486172,0.4054985046386719,-1.2595720470517655,-1.5413211434693612,Period IV,2016-01-01
2020-04-29,Original GARCHNet,0.025,2.5841699275864904,0.420163094997406,-1.282016056124229,-1.5682555173203867,Period IV,2016-01-01
2020-04-30,Original GARCHNet,0.025,-0.9354281772853418,0.3961217701435089,-1.2450017406187617,-1.523812417015522,Period IV,2016-01-01
2020-05-01,Original GARCHNet,0.025,-2.683016199258795,0.37237104773521423,-1.207377518770698,-1.4789091373116254,Period IV,2016-01-01
2020-05-04,Original GARCHNet,0.025,0.2754429163740411,0.4019743800163269,-1.2542335479774602,-1.5353929916033684,Period IV,2016-01-01
2020-05-05,Original GARCHNet,0.025,0.9196902343131826,0.3937942683696747,-1.2414492540001687,-1.5199207285978773,Period IV,2016-01-01
2020-05-06,Original GARCHNet,0.025,-0.6801801811007939,0.4355643093585968,-1.3052108435067917,-1.5962619715731534,Period IV,2016-01-01
2020-05-07,Original GARCHNet,0.025,1.199459319300605,0.44859156012535095,-1.324513708095221,-1.6195766803705522,Period IV,2016-01-01
2020-05-08,Original GARCHNet,0.025,1.641079994986407,0.47102972865104675,-1.3569623992095723,-1.6581544516800077,Period IV,2016-01-01
2020-05-11,Original GARCHNet,0.025,0.020514089839544992,0.4679996371269226,-1.352537476697551,-1.6525338749033838,Period IV,2016-01-01
2020-05-12,Original GARCHNet,0.025,-2.0132891412706133,0.45808789134025574,-1.3382495635948004,-1.635523872833979,Period IV,2016-01-01
2020-05-13,Original GARCHNet,0.025,-1.7844129300901634,0.5099712610244751,-1.4117196843050077,-1.7241820634903295,Period IV,2016-01-01
2020-05-14,Original GARCHNet,0.025,1.1896269895517233,0.523751974105835,-1.4306800301381957,-1.747392218881946,Period IV,2016-01-01
2020-05-15,Original GARCHNet,0.025,0.4586432752557939,0.5103736519813538,-1.4122917699577093,-1.7249414297901189,Period IV,2016-01-01
2020-05-18,Original GARCHNet,0.025,3.000500773344127,0.5273800492286682,-1.4354627599193293,-1.7525829925173737,Period IV,2016-01-01
2020-05-19,Original GARCHNet,0.025,-1.0324294894732977,0.47584033012390137,-1.364168359763715,-1.668147285332998,Period IV,2016-01-01
2020-05-20,Original GARCHNet,0.025,1.6845334676130814,0.4506218135356903,-1.3279209679552497,-1.625433456492935,Period IV,2016-01-01
2020-05-21,Original GARCHNet,0.025,-0.6927885641062185,0.4628058671951294,-1.3455231682390103,-1.6460336359454741,Period IV,2016-01-01
2020-05-22,Original GARCHNet,0.025,0.18972683277800959,0.4702664911746979,-1.3563053092157298,-1.659143430057685,Period IV,2016-01-01
2020-05-26,Original GARCHNet,0.025,1.2245272426979938,0.48290663957595825,-1.3742634492770773,-1.680505475741709,Period IV,2016-01-01
2020-05-27,Original GARCHNet,0.025,1.4769397145406273,0.4818909168243408,-1.3727512572214253,-1.67838818795788,Period IV,2016-01-01
2020-05-28,Original GARCHNet,0.025,-0.18466536446246287,0.4649635851383209,-1.3485941238312469,-1.649537570449975,Period IV,2016-01-01
2020-05-29,Original GARCHNet,0.025,0.4446008688818559,0.47639915347099304,-1.3649586258775392,-1.669070912764838,Period IV,2016-01-01
2020-06-01,Original GARCHNet,0.025,0.4033587965397369,0.4608107805252075,-1.3426364722409982,-1.64257010393548,Period IV,2016-01-01
2020-06-02,Original GARCHNet,0.025,0.8246054531519834,0.4335750639438629,-1.30270423868296,-1.5951570396076062,Period IV,2016-01-01
2020-06-03,Original GARCHNet,0.025,1.3220475147309174,0.4295043349266052,-1.296620104945688,-1.5878966912177668,Period IV,2016-01-01
2020-06-04,Original GARCHNet,0.025,-0.26301691177292247,0.4265740215778351,-1.292210927021146,-1.5825865029218025,Period IV,2016-01-01
2020-06-05,Original GARCHNet,0.025,2.530660249279807,0.42120787501335144,-1.2841504573414138,-1.5731025630372777,Period IV,2016-01-01
2020-06-08,Original GARCHNet,0.025,1.2015009972408368,0.4145205020904541,-1.2739665553383583,-1.5608399665179704,Period IV,2016-01-01
2020-06-09,Original GARCHNet,0.025,-0.7484634342424462,0.41388940811157227,-1.2729976771449583,-1.5596582636509353,Period IV,2016-01-01
2020-06-10,Original GARCHNet,0.025,-0.5595627288950511,0.4136241674423218,-1.272628257055877,-1.5593671747298217,Period IV,2016-01-01
2020-06-11,Original GARCHNet,0.025,-5.937740794860814,0.4042285680770874,-1.2582553059157413,-1.5424468256203154,Period IV,2016-01-01
2020-06-12,Original GARCHNet,0.025,1.1904529469550793,0.45140549540519714,-1.3294368959948586,-1.6287920593028173,Period IV,2016-01-01
2020-06-15,Original GARCHNet,0.025,0.9292336713778283,0.4431481957435608,-1.3171538373811738,-1.6134604823200336,Period IV,2016-01-01
2020-06-16,Original GARCHNet,0.025,1.9064798523327482,0.4384582042694092,-1.310135124388313,-1.6047367612335222,Period IV,2016-01-01
2020-06-17,Original GARCHNet,0.025,-0.41624977750896663,0.4610787034034729,-1.344122229775934,-1.6489706141213638,Period IV,2016-01-01
2020-06-18,Original GARCHNet,0.025,0.038494520146086855,0.4618360996246338,-1.3453152983487018,-1.6508182345499869,Period IV,2016-01-01
2020-06-19,Original GARCHNet,0.025,-1.0122210350604972,0.48195403814315796,-1.3740979877044892,-1.6852540886547172,Period IV,2016-01-01
2020-06-22,Original GARCHNet,0.025,0.6394687803636784,0.5046914219856262,-1.4060657293203451,-1.724154691642626,Period IV,2016-01-01
2020-06-23,Original GARCHNet,0.025,0.45931078389241775,0.5016847252845764,-1.4018236073700874,-1.7187511967596247,Period IV,2016-01-01
2020-06-24,Original GARCHNet,0.025,-2.5839694081199536,0.5260078310966492,-1.4351574065006292,-1.7585830153111854,Period IV,2016-01-01
2020-06-25,Original GARCHNet,0.025,1.066348503151595,0.6652249097824097,-1.6131143849650902,-1.9732245665127377,Period IV,2016-01-01
2020-06-26,Original GARCHNet,0.025,-2.4038096459339244,0.6381738781929016,-1.579971576555618,-1.932665919374468,Period IV,2016-01-01
2020-06-29,Original GARCHNet,0.025,1.4590600813082581,0.7621700763702393,-1.72603329171058,-2.1088191053325738,Period IV,2016-01-01
2020-06-30,Original GARCHNet,0.025,1.2728196521442903,0.7257868647575378,-1.6842027980385805,-2.0571946330223843,Period IV,2016-01-01
2020-07-01,Original GARCHNet,0.025,0.6980392070335714,0.6864586472511292,-1.6378266437643785,-2.000111249770504,Period IV,2016-01-01
2020-07-02,Original GARCHNet,0.025,0.5491854742917902,0.6562856435775757,-1.6013320442396426,-1.9551668151619457,Period IV,2016-01-01
2020-07-06,Original GARCHNet,0.025,1.531932074415112,0.6257871389389038,-1.5638130647538908,-1.909880254408952,Period IV,2016-01-01
2020-07-07,Original GARCHNet,0.025,-1.0367352129633485,0.5791304111480713,-1.504360713098268,-1.8371649252430422,Period IV,2016-01-01
2020-07-08,Original GARCHNet,0.025,0.7619548988834753,0.5990163087844849,-1.5300209540343845,-1.8687016529839504,Period IV,2016-01-01
2020-07-09,Original GARCHNet,0.025,-0.5709187671675111,0.5636510848999023,-1.4844267906522515,-1.8140475006078964,Period IV,2016-01-01
2020-07-10,Original GARCHNet,0.025,1.0158770368597723,0.5687573552131653,-1.4913237889143875,-1.8232346708282712,Period IV,2016-01-01
2020-07-13,Original GARCHNet,0.025,-0.8696669557654455,0.46968531608581543,-1.3563675114285871,-1.6629647856746843,Period IV,2016-01-01
2020-07-14,Original GARCHNet,0.025,1.2875768095466746,0.504446268081665,-1.4054012669611704,-1.7219779203880676,Period IV,2016-01-01
2020-07-15,Original GARCHNet,0.025,0.9145287724412186,0.48549696803092957,-1.3787171460421654,-1.6891371889001157,Period IV,2016-01-01
2020-07-16,Original GARCHNet,0.025,-0.329888738868124,0.47350990772247314,-1.3626332007318804,-1.6738954270298314,Period IV,2016-01-01
2020-07-17,Original GARCHNet,0.025,0.28948757563760136,0.4688444435596466,-1.356125300168979,-1.6668758304428613,Period IV,2016-01-01
2020-07-20,Original GARCHNet,0.025,0.8049099456827503,0.46252158284187317,-1.347067587403932,-1.6562642074033824,Period IV,2016-01-01
2020-07-21,Original GARCHNet,0.025,0.2125275847297115,0.4472635090351105,-1.3249752495389482,-1.6305026442215202,Period IV,2016-01-01
2020-07-22,Original GARCHNet,0.025,0.5675918714983156,0.44809314608573914,-1.3262028733691844,-1.632010339738324,Period IV,2016-01-01
2020-07-23,Original GARCHNet,0.025,-1.2003449762736862,0.4447349011898041,-1.3212756387807638,-1.6261805437284294,Period IV,2016-01-01
2020-07-24,Original GARCHNet,0.025,-0.64612134078022,0.4387992322444916,-1.3127423026650036,-1.6171062599189876,Period IV,2016-01-01
2020-07-27,Original GARCHNet,0.025,0.7265973018451793,0.44706979393959045,-1.3249268646315815,-1.6315252139871568,Period IV,2016-01-01
2020-07-28,Original GARCHNet,0.025,-0.6362589928741833,0.43265295028686523,-1.3036200386582244,-1.6063475583401157,Period IV,2016-01-01
2020-07-29,Original GARCHNet,0.025,1.2223710163119286,0.44271528720855713,-1.3185634630072907,-1.62416880743491,Period IV,2016-01-01
2020-07-30,Original GARCHNet,0.025,-0.3574304927252317,0.44102033972740173,-1.3159593207629199,-1.6206057833202665,Period IV,2016-01-01
2020-07-31,Original GARCHNet,0.025,0.7871143932114598,0.4485911428928375,-1.3271233386610115,-1.6339751904764834,Period IV,2016-01-01
2020-08-03,Original GARCHNet,0.025,0.6928106146781003,0.44683194160461426,-1.324484705459825,-1.6305726287019326,Period IV,2016-01-01
2020-08-04,Original GARCHNet,0.025,0.38551736353535687,0.4521632194519043,-1.3322071141004688,-1.6393758330557906,Period IV,2016-01-01
2020-08-05,Original GARCHNet,0.025,0.619174651583392,0.44289475679397583,-1.3186895137856924,-1.623679000644679,Period IV,2016-01-01
2020-08-06,Original GARCHNet,0.025,0.6662293756877345,0.4437158703804016,-1.3198608020218028,-1.624891292822175,Period IV,2016-01-01
2020-08-07,Original GARCHNet,0.025,0.07176581385700892,0.4369238018989563,-1.3098459249107017,-1.6131350953537942,Period IV,2016-01-01
2020-08-10,Original GARCHNet,0.025,0.2984453160198847,0.44238758087158203,-1.3179138372345858,-1.6226309936484846,Period IV,2016-01-01
2020-08-11,Original GARCHNet,0.025,-0.8288928022774745,0.43635237216949463,-1.3090269509562604,-1.612299629410408,Period IV,2016-01-01
2020-08-12,Original GARCHNet,0.025,1.3846051698275443,0.4490523040294647,-1.327753476460871,-1.634515486525495,Period IV,2016-01-01
2020-08-13,Original GARCHNet,0.025,-0.18094117950114885,0.4486011862754822,-1.3281640519032063,-1.6400466069532835,Period IV,2016-01-01
2020-08-14,Original GARCHNet,0.025,0.0029717119300824812,0.4492405951023102,-1.3291763889184096,-1.6416140972952449,Period IV,2016-01-01
2020-08-17,Original GARCHNet,0.025,0.3171569384628661,0.45058852434158325,-1.3311485969411248,-1.6439520035606958,Period IV,2016-01-01
2020-08-18,Original GARCHNet,0.025,0.21580407948688998,0.4518275856971741,-1.3329232390421848,-1.6458830115791523,Period IV,2016-01-01
2020-08-19,Original GARCHNet,0.025,-0.4172416749373015,0.45128974318504333,-1.3321488291593109,-1.6450186022921611,Period IV,2016-01-01
2020-08-20,Original GARCHNet,0.025,0.31087285855023805,0.45918548107147217,-1.343680096783193,-1.6589145516058963,Period IV,2016-01-01
2020-08-21,Original GARCHNet,0.025,0.354111615823734,0.44947171211242676,-1.3295655990337574,-1.642322755025411,Period IV,2016-01-01
2020-08-24,Original GARCHNet,0.025,1.0082155503900299,0.4457121193408966,-1.324078367091258,-1.63595543695986,Period IV,2016-01-01
2020-08-25,Original GARCHNet,0.025,0.3493196596273682,0.44234755635261536,-1.3190759846818527,-1.62979726861137,Period IV,2016-01-01
2020-08-26,Original GARCHNet,0.025,0.9975685076455696,0.43974876403808594,-1.315278548927849,-1.625508546322209,Period IV,2016-01-01
2020-08-27,Original GARCHNet,0.025,0.2184163117804633,0.4381026327610016,-1.312784570716373,-1.6222809607755666,Period IV,2016-01-01
2020-08-28,Original GARCHNet,0.025,0.6438619734780553,0.4373709261417389,-1.3117425247435055,-1.621259370316683,Period IV,2016-01-01
2020-08-31,Original GARCHNet,0.025,-0.3629114393204243,0.43669310212135315,-1.310706464846306,-1.6198852628968332,Period IV,2016-01-01
2020-09-01,Original GARCHNet,0.025,0.9374514174085585,0.4426049292087555,-1.3194849562296338,-1.6304251396226792,Period IV,2016-01-01
2020-09-02,Original GARCHNet,0.025,1.4360393117624624,0.43815508484840393,-1.3128527276896702,-1.6223145459557458,Period IV,2016-01-01
2020-09-03,Original GARCHNet,0.025,-3.502042462644392,0.4325437545776367,-1.3044516816963936,-1.6120921964070285,Period IV,2016-01-01
2020-09-04,Original GARCHNet,0.025,-0.8198218003101077,0.4723584055900574,-1.3628193889648392,-1.6825540549896403,Period IV,2016-01-01
2020-09-08,Original GARCHNet,0.025,-2.7703141558992694,0.49057331681251526,-1.3887330584381927,-1.7140041488413846,Period IV,2016-01-01
2020-09-09,Original GARCHNet,0.025,1.9554908673632088,0.620053768157959,-1.5605439676504198,-1.9226057327931834,Period IV,2016-01-01
2020-09-10,Original GARCHNet,0.025,-1.7516163589897775,0.5379859209060669,-1.4539575566288245,-1.7929195559484856,Period IV,2016-01-01
2020-09-11,Original GARCHNet,0.025,0.05089689668963855,0.709053099155426,-1.6704177110940368,-2.065736182766222,Period IV,2016-01-01
2020-09-14,Original GARCHNet,0.025,1.3085281479949857,0.750709056854248,-1.718545101889888,-2.124078714946758,Period IV,2016-01-01
2020-09-15,Original GARCHNet,0.025,0.5039640391992443,0.7307642102241516,-1.6956063366496907,-2.0959419928709946,Period IV,2016-01-01
2020-09-16,Original GARCHNet,0.025,-0.39765175958138604,0.7779828906059265,-1.7492691089231414,-2.1610071977443606,Period IV,2016-01-01
2020-09-17,Original GARCHNet,0.025,-0.8834169361647914,0.8986773490905762,-1.8794263439654406,-2.318739334118666,Period IV,2016-01-01
2020-09-18,Original GARCHNet,0.025,-1.5574449506466947,1.0494576692581177,-2.0302485735730467,-2.501403058377438,Period IV,2016-01-01
2020-09-21,Original GARCHNet,0.025,-1.1191968358818667,1.2988159656524658,-2.2572354235590866,-2.774876752283546,Period IV,2016-01-01
2020-09-22,Original GARCHNet,0.025,1.0132868136627597,1.4691959619522095,-2.3996521120755325,-2.9452532147806845,Period IV,2016-01-01
2020-09-23,Original GARCHNet,0.025,-2.3464099472423143,1.510312795639038,-2.4323068181188003,-2.9823741233175416,Period IV,2016-01-01
2020-09-24,Original GARCHNet,0.025,0.2661917974041229,1.6337517499923706,-2.5290279463414014,-3.0979231824887647,Period IV,2016-01-01
2020-09-25,Original GARCHNet,0.025,1.6037664619024166,1.6259366273880005,-2.522495380245623,-3.0879432830031943,Period IV,2016-01-01
2020-09-28,Original GARCHNet,0.025,1.6472922256805596,1.5551940202713013,-2.4668319921672164,-3.019069725452791,Period IV,2016-01-01
2020-09-29,Original GARCHNet,0.025,-0.5460909306988011,1.4743837118148804,-2.401729208789459,-2.9387453653306608,Period IV,2016-01-01
2020-09-30,Original GARCHNet,0.025,0.7553371925994548,1.479214072227478,-2.405813051743243,-2.9443697722158455,Period IV,2016-01-01
2020-10-01,Original GARCHNet,0.025,0.6399479587811491,1.418218731880188,-2.355572075126119,-2.8824013887272475,Period IV,2016-01-01
2020-10-02,Original GARCHNet,0.025,-0.9539817709959986,1.3552305698394775,-2.302493769773373,-2.8167375238548,Period IV,2016-01-01
2020-10-05,Original GARCHNet,0.025,1.7577689434087953,1.313019871711731,-2.2682462814151303,-2.7827613553302455,Period IV,2016-01-01
2020-10-06,Original GARCHNet,0.025,-1.4317981848638595,1.071479320526123,-2.0503068106427498,-2.52099507823701,Period IV,2016-01-01
2020-10-07,Original GARCHNet,0.025,1.7256912933913653,0.8223298192024231,-1.79797255518472,-2.2189631937884435,Period IV,2016-01-01
2020-10-08,Original GARCHNet,0.025,0.8823468516178457,0.8002254962921143,-1.7733024598964604,-2.1869112751274393,Period IV,2016-01-01
2020-10-09,Original GARCHNet,0.025,0.8890513079114817,0.6074767112731934,-1.549123669193827,-1.9316052739088416,Period IV,2016-01-01
2020-10-12,Original GARCHNet,0.025,1.5959572761759169,0.4906975030899048,-1.3928769179390352,-1.7402804869037236,Period IV,2016-01-01
2020-10-13,Original GARCHNet,0.025,-0.6547472151973233,0.44096046686172485,-1.3205431005479522,-1.6507727793874416,Period IV,2016-01-01
2020-10-14,Original GARCHNet,0.025,-0.6303238972997072,0.43970999121665955,-1.318712600388122,-1.6487491741570468,Period IV,2016-01-01
2020-10-15,Original GARCHNet,0.025,-0.12366240602409524,0.42919737100601196,-1.3028796048221585,-1.6291151642788841,Period IV,2016-01-01
2020-10-16,Original GARCHNet,0.025,-0.06044746150335752,0.4234621524810791,-1.2941638684754915,-1.6183308931487346,Period IV,2016-01-01
2020-10-19,Original GARCHNet,0.025,-1.532018543497615,0.4216986894607544,-1.2914854431504081,-1.6150991749532353,Period IV,2016-01-01
2020-10-20,Original GARCHNet,0.025,0.3997714914079781,0.4490322768688202,-1.332536543646219,-1.6655331858568339,Period IV,2016-01-01
2020-10-21,Original GARCHNet,0.025,-0.18947226418669316,0.4440581202507019,-1.3251595124945956,-1.6564597108850394,Period IV,2016-01-01
2020-10-22,Original GARCHNet,0.025,0.5470303091080673,0.45112141966819763,-1.33566746288523,-1.6696580679773352,Period IV,2016-01-01
2020-10-23,Original GARCHNet,0.025,0.33894308282106866,0.4433619976043701,-1.324183225225346,-1.6556237384424415,Period IV,2016-01-01
2020-10-26,Original GARCHNet,0.025,-1.865279937878164,0.44979870319366455,-1.333767428625085,-1.667647537690315,Period IV,2016-01-01
2020-10-27,Original GARCHNet,0.025,-0.3453356836822834,0.5825533270835876,-1.5172224455467926,-1.8930520764358911,Period IV,2016-01-01
2020-10-28,Original GARCHNet,0.025,-3.4776689094976296,0.630888044834137,-1.5786573335619305,-1.9682301183913309,Period IV,2016-01-01
2020-10-29,Original GARCHNet,0.025,1.0112194021458154,1.0056126117706299,-1.9910436985592603,-2.4711044349398743,Period IV,2016-01-01
2020-10-30,Original GARCHNet,0.025,-1.0479600991130111,1.0767524242401123,-2.0598428726278764,-2.554279057352784,Period IV,2016-01-01
2020-11-02,Original GARCHNet,0.025,1.1146089588536665,1.3204599618911743,-2.280014860009683,-2.821926854753093,Period IV,2016-01-01
2020-11-03,Original GARCHNet,0.025,1.7501869604411622,1.483996868133545,-2.416015213712991,-2.9850013320568958,Period IV,2016-01-01
2020-11-04,Original GARCHNet,0.025,2.2103140022991603,1.4053723812103271,-2.3514209216017927,-2.906549952119,Period IV,2016-01-01
2020-11-05,Original GARCHNet,0.025,1.9315027809857488,1.461665391921997,-2.397453790293632,-2.960555135089989,Period IV,2016-01-01
2020-11-06,Original GARCHNet,0.025,-0.022840255085774322,1.1456146240234375,-2.128168662326037,-2.658401911542788,Period IV,2016-01-01
2020-11-09,Original GARCHNet,0.025,1.2487373892100522,1.2429494857788086,-2.2164106085140123,-2.766701251687057,Period IV,2016-01-01
2020-11-10,Original GARCHNet,0.025,-0.1467651996983042,1.325311303138733,-2.2880980599390264,-2.8528634529469805,Period IV,2016-01-01
2020-11-11,Original GARCHNet,0.025,0.7401096949917688,0.9692620635032654,-1.9584272837922407,-2.4519317503349782,Period IV,2016-01-01
2020-11-12,Original GARCHNet,0.025,-0.9748265478456679,0.603878378868103,-1.5472481345708589,-1.9466327944236255,Period IV,2016-01-01
2020-11-13,Original GARCHNet,0.025,1.3749537340944966,0.5414841175079346,-1.4655058661035811,-1.8464598132970513,Period IV,2016-01-01
2020-11-16,Original GARCHNet,0.025,1.2405285253222402,0.42107266187667847,-1.2926755299231742,-1.6313032692898912,Period IV,2016-01-01
2020-11-17,Original GARCHNet,0.025,-0.5392820493601607,0.40399715304374695,-1.2662553948181567,-1.5984370986524146,Period IV,2016-01-01
2020-11-18,Original GARCHNet,0.025,-1.2107823670750926,0.4106786549091339,-1.2766059627045017,-1.6109069545873902,Period IV,2016-01-01
2020-11-19,Original GARCHNet,0.025,0.4201333813765502,0.4237084686756134,-1.2965432572663733,-1.634879638819611,Period IV,2016-01-01
2020-11-20,Original GARCHNet,0.025,-0.6871371590023763,0.4195898473262787,-1.2902197552585328,-1.6268560979015831,Period IV,2016-01-01
2020-11-23,Original GARCHNet,0.025,0.5976546496514336,0.4311664402484894,-1.307872689845037,-1.648929714931073,Period IV,2016-01-01
2020-11-24,Original GARCHNet,0.025,1.5985270793455963,0.42636218667030334,-1.300530495171494,-1.6394090466093638,Period IV,2016-01-01
2020-11-25,Original GARCHNet,0.025,-0.15429483273409825,0.4140678346157074,-1.2817019268391299,-1.6161177957273773,Period IV,2016-01-01
2020-11-27,Original GARCHNet,0.025,0.27811336248563356,0.42014169692993164,-1.2910349161738812,-1.6276366122257233,Period IV,2016-01-01
2020-11-30,Original GARCHNet,0.025,-0.4436962743950226,0.4190814197063446,-1.2894329189776754,-1.6258271705662313,Period IV,2016-01-01
2020-12-01,Original GARCHNet,0.025,1.0878009496786718,0.42706742882728577,-1.3016555174795008,-1.6411999910108523,Period IV,2016-01-01
2020-12-02,Original GARCHNet,0.025,0.2101553792160207,0.41642001271247864,-1.285366433388256,-1.620958050294058,Period IV,2016-01-01
2020-12-03,Original GARCHNet,0.025,-0.027268937840814113,0.41665104031562805,-1.2857634077107016,-1.6217642544282305,Period IV,2016-01-01
2020-12-04,Original GARCHNet,0.025,0.8580723421316999,0.418539434671402,-1.288697210124382,-1.6256417692201803,Period IV,2016-01-01
2020-12-07,Original GARCHNet,0.025,-0.20570277183633748,0.42656847834587097,-1.3035310391758583,-1.6679509171074043,Period IV,2016-01-01
2020-12-08,Original GARCHNet,0.025,0.2921889034867222,0.4348856806755066,-1.316158166308314,-1.6838741037141975,Period IV,2016-01-01
2020-12-09,Original GARCHNet,0.025,-0.9009334055422739,0.4312467873096466,-1.3106588145787048,-1.6770612172944843,Period IV,2016-01-01
2020-12-10,Original GARCHNet,0.025,-0.0327149364656226,0.4834171533584595,-1.3875016983880322,-1.7733586328845876,Period IV,2016-01-01
2020-12-11,Original GARCHNet,0.025,-0.11732759734402676,0.49495449662208557,-1.403935812146206,-1.7940722372940368,Period IV,2016-01-01
2020-12-14,Original GARCHNet,0.025,-0.44872138059499406,0.5232816338539124,-1.4434393536009416,-1.8432906192848428,Period IV,2016-01-01
2020-12-15,Original GARCHNet,0.025,1.3428850562282912,0.5711782574653625,-1.507966822224579,-1.9247448981893018,Period IV,2016-01-01
2020-12-16,Original GARCHNet,0.025,0.1568122637186229,0.4861563444137573,-1.3915376852364603,-1.779800167845992,Period IV,2016-01-01
2020-12-17,Original GARCHNet,0.025,0.55763854485796,0.49494752287864685,-1.4040410345481504,-1.7955352213164122,Period IV,2016-01-01
2020-12-18,Original GARCHNet,0.025,-0.8254471160338154,0.4763585925102234,-1.3774474945870336,-1.7618181088423859,Period IV,2016-01-01
2020-12-21,Original GARCHNet,0.025,-0.3581918959335216,0.5467265844345093,-1.475465958920291,-1.8846927696671885,Period IV,2016-01-01
2020-12-22,Original GARCHNet,0.025,-0.16868324984086336,0.5887622237205505,-1.5309736302231176,-1.9537960328928239,Period IV,2016-01-01
2019-12-24,GARCHNet++,0.025,0.003116122791065835,0.5920988917350769,-1.520013918284584,-1.8520016311242418,Period IV,2016-01-01
2019-12-26,GARCHNet++,0.025,0.5309143350541635,0.5921777486801147,-1.520114506238631,-1.8521217819971472,Period IV,2016-01-01
2019-12-27,GARCHNet++,0.025,-0.02478076548954347,0.5915762782096863,-1.5193437465087372,-1.8511881262781016,Period IV,2016-01-01
2019-12-30,GARCHNet++,0.025,-0.5528475915667534,0.5918049216270447,-1.5196362018638088,-1.8515401330821422,Period IV,2016-01-01
2019-12-31,GARCHNet++,0.025,0.24263514356685495,0.5972768068313599,-1.526647261501766,-1.8600896575887207,Period IV,2016-01-01
2020-01-02,GARCHNet++,0.025,0.9308464399828982,0.5954340100288391,-1.5242911376554902,-1.8572219943592945,Period IV,2016-01-01
2020-01-03,GARCHNet++,0.025,-0.7601048398627837,0.5957188606262207,-1.5246570627567801,-1.857673074281519,Period IV,2016-01-01
2020-01-06,GARCHNet++,0.025,0.380779332143604,0.6063821911811829,-1.538243295309895,-1.8742311189702738,Period IV,2016-01-01
2020-01-07,GARCHNet++,0.025,-0.2815737819690788,0.6013311743736267,-1.5318235535317453,-1.8664101253166154,Period IV,2016-01-01
2020-01-08,GARCHNet++,0.025,0.5315384309479368,0.6010752320289612,-1.5314971609999575,-1.8660110393197487,Period IV,2016-01-01
2020-01-09,GARCHNet++,0.025,0.6757763910630538,0.5980442762374878,-1.5276320598451691,-1.8613059642136056,Period IV,2016-01-01
2020-01-10,GARCHNet++,0.025,-0.2881853924458683,0.596320629119873,-1.5254289758756023,-1.8586213981584616,Period IV,2016-01-01
2020-01-13,GARCHNet++,0.025,0.6853806284860935,0.5973267555236816,-1.5267138889709961,-1.860181546495639,Period IV,2016-01-01
2020-01-14,GARCHNet++,0.025,-0.1525786018845352,0.5958346128463745,-1.5248067200011144,-1.8578613179960184,Period IV,2016-01-01
2020-01-15,GARCHNet++,0.025,0.22573074615838976,0.5957958102226257,-1.5247554793858558,-1.8577927919115336,Period IV,2016-01-01
2020-01-16,GARCHNet++,0.025,0.8283978494246641,0.594463050365448,-1.5230482845236988,-1.855709467454063,Period IV,2016-01-01
2020-01-17,GARCHNet++,0.025,0.31076970399105486,0.5941581726074219,-1.5226593304850924,-1.855241895214099,Period IV,2016-01-01
2020-01-21,GARCHNet++,0.025,-0.1960119478876216,0.5929051637649536,-1.5210518368261763,-1.8532791011964882,Period IV,2016-01-01
2020-01-22,GARCHNet++,0.025,0.012075499797367417,0.5938088297843933,-1.522209111157758,-1.8546836789588057,Period IV,2016-01-01
2020-01-23,GARCHNet++,0.025,0.11462158049533978,0.5935433506965637,-1.521868113371049,-1.8542655713123195,Period IV,2016-01-01
2020-01-24,GARCHNet++,0.025,-0.8932858535968823,0.5140605568885803,-1.416364869836594,-1.725934245505335,Period IV,2016-01-01
2020-01-27,GARCHNet++,0.025,-1.6159270785999107,0.5291526913642883,-1.4370021869125473,-1.751068448946192,Period IV,2016-01-01
2020-01-28,GARCHNet++,0.025,1.042465373821599,0.6011370420455933,-1.5316654312070601,-1.8665597266865195,Period IV,2016-01-01
2020-01-29,GARCHNet++,0.025,-0.08263669800950708,0.5864943861961365,-1.5129063060894294,-1.8437383164646324,Period IV,2016-01-01
2020-01-30,GARCHNet++,0.025,0.32400993602699546,0.5694697499275208,-1.4907586291154664,-1.8166406568977684,Period IV,2016-01-01
2020-01-31,GARCHNet++,0.025,-1.8324781429623003,0.5561800003051758,-1.4732568007751825,-1.7952968531254256,Period IV,2016-01-01
2020-02-03,GARCHNet++,0.025,0.7401083897971815,0.6582148671150208,-1.6027608941039817,-1.9533096897789501,Period IV,2016-01-01
2020-02-04,GARCHNet++,0.025,1.5126295011474384,0.6259828209877014,-1.5630171197560374,-1.9048405714273482,Period IV,2016-01-01
2020-02-05,GARCHNet++,0.025,1.1481839611606393,0.6222336292266846,-1.5583476538016836,-1.8992201102580337,Period IV,2016-01-01
2020-02-06,GARCHNet++,0.025,0.3359206688677661,0.6056817173957825,-1.5374786062538013,-1.8737757822085668,Period IV,2016-01-01
2020-02-07,GARCHNet++,0.025,-0.5343909914229443,0.5823296308517456,-1.5075194977389252,-1.8371520700622381,Period IV,2016-01-01
2020-02-10,GARCHNet++,0.025,0.7437595617929694,0.5778505802154541,-1.5016988021090465,-1.8300129611503433,Period IV,2016-01-01
2020-02-11,GARCHNet++,0.025,0.17315497884897968,0.5646772980690002,-1.4844757982643706,-1.8089969367286693,Period IV,2016-01-01
2020-02-12,GARCHNet++,0.025,0.6422105641496987,0.5536876320838928,-1.4699576591126307,-1.7912979209485773,Period IV,2016-01-01
2020-02-13,GARCHNet++,0.025,-0.10675361685061084,0.5454062819480896,-1.4589233971754172,-1.7778516060969294,Period IV,2016-01-01
2020-02-14,GARCHNet++,0.025,0.160083199630131,0.5405778884887695,-1.4524471421011393,-1.7699438853139133,Period IV,2016-01-01
2020-02-18,GARCHNet++,0.025,-0.25803258874645635,0.5354688763618469,-1.4455655671128083,-1.7615513994651966,Period IV,2016-01-01
2020-02-19,GARCHNet++,0.025,0.4769841309919101,0.5341366529464722,-1.4437633320046748,-1.759344217898817,Period IV,2016-01-01
2020-02-20,GARCHNet++,0.025,-0.4116708603145274,0.529676616191864,-1.437723848659709,-1.751987908276585,Period IV,2016-01-01
2020-02-21,GARCHNet++,0.025,-1.0351661133344123,0.5310294032096863,-1.4395557514669162,-1.7542091361091132,Period IV,2016-01-01
2020-02-24,GARCHNet++,0.025,-3.372784139233276,0.45675894618034363,-1.3351542172290705,-1.6272088323334153,Period IV,2016-01-01
2020-02-25,GARCHNet++,0.025,-3.0770750603140917,0.81413733959198,-1.782599944002275,-2.1728010343289283,Period IV,2016-01-01
2020-02-26,GARCHNet++,0.025,-0.36849962639194167,0.8760183453559875,-1.8491121913861734,-2.2538988686789083,Period IV,2016-01-01
2020-02-27,GARCHNet++,0.025,-4.595146753683802,0.8456788063049316,-1.8166510600839043,-2.2137220936884705,Period IV,2016-01-01
2020-02-28,GARCHNet++,0.025,-0.4210390573741874,0.901862621307373,-1.8761696639953254,-2.286800408608942,Period IV,2016-01-01
2020-03-02,GARCHNet++,0.025,4.239500466012263,0.8642623424530029,-1.83648719076188,-2.237834040856035,Period IV,2016-01-01
2020-03-03,GARCHNet++,0.025,-2.9050362476348153,0.8725959658622742,-1.8452972076908511,-2.248481609806548,Period IV,2016-01-01
2020-03-04,GARCHNet++,0.025,4.11736370118587,0.887441873550415,-1.8610153454774427,-2.2679676890355696,Period IV,2016-01-01
2020-03-05,GARCHNet++,0.025,-3.380675024137826,0.8857067227363586,-1.8591335068746715,-2.265437698949388,Period IV,2016-01-01
2020-03-06,GARCHNet++,0.025,-1.6669275633020058,0.9011083245277405,-1.8753335543987804,-2.2855834851819616,Period IV,2016-01-01
2020-03-09,GARCHNet++,0.025,-8.131252304186743,0.8877604007720947,-1.8613172434150451,-2.268212391997648,Period IV,2016-01-01
2020-03-10,GARCHNet++,0.025,5.045058729381138,0.9176645278930664,-1.8925381684841507,-2.3067641816626137,Period IV,2016-01-01
2020-03-11,GARCHNet++,0.025,-4.997673845028892,0.8942083120346069,-1.8680018404055156,-2.276117747139394,Period IV,2016-01-01
2020-03-12,GARCHNet++,0.025,-10.056886056624313,0.9131328463554382,-1.8878348360522097,-2.3009365721036676,Period IV,2016-01-01
2020-03-13,GARCHNet++,0.025,8.202809219873311,0.9179394841194153,-1.8928537790034845,-2.3072726899675584,Period IV,2016-01-01
2020-03-16,GARCHNet++,0.025,-11.588653747701535,0.8548524379730225,-1.8263219404702375,-2.2249099251998423,Period IV,2016-01-01
2020-03-17,GARCHNet++,0.025,5.258492094923695,0.9016107320785522,-1.8758714196531454,-2.2862973376891627,Period IV,2016-01-01
2020-03-18,GARCHNet++,0.025,-5.195975100253782,0.8822769522666931,-1.8554690293103473,-2.260736949831604,Period IV,2016-01-01
2020-03-19,GARCHNet++,0.025,0.21227225413289977,0.9078284502029419,-1.8823428558429651,-2.2942398537126523,Period IV,2016-01-01
2020-03-20,GARCHNet++,0.025,-4.9913373039575335,0.8796232342720032,-1.8527359367272414,-2.2576349577721357,Period IV,2016-01-01
2020-03-23,GARCHNet++,0.025,-2.5900755458341242,0.9890077114105225,-1.9651175521554507,-2.3967371405669384,Period IV,2016-01-01
2020-03-24,GARCHNet++,0.025,8.673099436253732,0.9855892658233643,-1.9616660788360436,-2.3923238073914055,Period IV,2016-01-01
2020-03-25,GARCHNet++,0.025,1.4859233619037202,0.9356928467750549,-1.9111341422584058,-2.3298013077022217,Period IV,2016-01-01
2020-03-26,GARCHNet++,0.025,5.674869876971942,0.9161815643310547,-1.8910526816296227,-2.3051245206047883,Period IV,2016-01-01
2020-03-27,GARCHNet++,0.025,-3.0238259991311156,0.9328302145004272,-1.908206413197282,-2.32622426803629,Period IV,2016-01-01
2020-03-30,GARCHNet++,0.025,3.1959525345806683,0.9526033401489258,-1.928461918433839,-2.3514493593407924,Period IV,2016-01-01
2020-03-31,GARCHNet++,0.025,-1.501758659412402,0.9536734819412231,-1.9294873341653591,-2.35247692698915,Period IV,2016-01-01
2020-04-01,GARCHNet++,0.025,-4.604904148877963,0.935706615447998,-1.9111860161957903,-2.330010751390385,Period IV,2016-01-01
2020-04-02,GARCHNet++,0.025,2.2813182552417124,0.9839211106300354,-1.9600357094528107,-2.3904539023677716,Period IV,2016-01-01
2020-04-03,GARCHNet++,0.025,-1.4559672253661922,0.9586800932884216,-1.9345664284018207,-2.358750807437857,Period IV,2016-01-01
2020-04-06,GARCHNet++,0.025,6.500673748543067,0.9389998912811279,-1.9145529108979842,-2.33414094315116,Period IV,2016-01-01
2020-04-07,GARCHNet++,0.025,0.10189609599744974,0.9361592531204224,-1.9116050528917317,-2.330354732607237,Period IV,2016-01-01
2020-04-08,GARCHNet++,0.025,3.3017294838593205,0.8979191184043884,-1.8720680719663054,-2.281819583361726,Period IV,2016-01-01
2020-04-09,GARCHNet++,0.025,1.5102738376915348,0.9170718193054199,-1.8919956965979021,-2.3063684897718275,Period IV,2016-01-01
2020-04-13,GARCHNet++,0.025,-0.9172087816788214,0.8942229151725769,-1.8682219448379305,-2.2771738358109226,Period IV,2016-01-01
2020-04-14,GARCHNet++,0.025,2.906632258223601,0.8807353377342224,-1.854056067117008,-2.2598178669089797,Period IV,2016-01-01
2020-04-15,GARCHNet++,0.025,-2.1477091502921484,0.8946555852890015,-1.868700692598227,-2.2778608931399136,Period IV,2016-01-01
2020-04-16,GARCHNet++,0.025,0.4812695780353366,0.9130887389183044,-1.887929553950916,-2.301593595881074,Period IV,2016-01-01
2020-04-17,GARCHNet++,0.025,2.6656961689813343,0.8813807964324951,-1.8547486827686523,-2.2607135417231383,Period IV,2016-01-01
2020-04-20,GARCHNet++,0.025,-1.777502481605561,0.8898621797561646,-1.8636860308934295,-2.2717410899433745,Period IV,2016-01-01
2020-04-21,GARCHNet++,0.025,-3.0833763390650035,0.9892035722732544,-1.9653566534863962,-2.3972022079455453,Period IV,2016-01-01
2020-04-22,GARCHNet++,0.025,2.1951826516892337,1.0444799661636353,-2.0197727178791967,-2.464555273448017,Period IV,2016-01-01
2020-04-23,GARCHNet++,0.025,-0.007173145408748019,1.0253504514694214,-2.0010498538588193,-2.441155601159411,Period IV,2016-01-01
2020-04-24,GARCHNet++,0.025,1.3842458314098778,0.9797375202178955,-1.9558634863382667,-2.3853623962303536,Period IV,2016-01-01
2020-04-27,GARCHNet++,0.025,1.4315484816994306,0.9603369235992432,-1.936340634244792,-2.3613145327649363,Period IV,2016-01-01
2020-04-28,GARCHNet++,0.025,-0.4609026663486172,0.9423230886459351,-1.9180459066135513,-2.33881832960123,Period IV,2016-01-01
2020-04-29,GARCHNet++,0.025,2.5841699275864904,0.9166201949119568,-1.8916340705986687,-2.3063310306397606,Period IV,2016-01-01
2020-04-30,GARCHNet++,0.025,-0.9354281772853418,0.9366385340690613,-1.912267581694601,-2.331833396925753,Period IV,2016-01-01
2020-05-01,GARCHNet++,0.025,-2.683016199258795,0.9201818704605103,-1.8953400983469533,-2.3109830521901173,Period IV,2016-01-01
2020-05-04,GARCHNet++,0.025,0.2754429163740411,0.9889916181564331,-1.965205826648178,-2.3972512608255445,Period IV,2016-01-01
2020-05-05,GARCHNet++,0.025,0.9196902343131826,0.949985146522522,-1.925868153238309,-2.348512596770341,Period IV,2016-01-01
2020-05-06,GARCHNet++,0.025,-0.6801801811007939,0.9227925539016724,-1.898018868713585,-2.3142182783301664,Period IV,2016-01-01
2020-05-07,GARCHNet++,0.025,1.199459319300605,0.9045088291168213,-1.8790756355542086,-2.2909430534271022,Period IV,2016-01-01
2020-05-08,GARCHNet++,0.025,1.641079994986407,0.8868387937545776,-1.8605975685190292,-2.268286421862366,Period IV,2016-01-01
2020-05-11,GARCHNet++,0.025,0.020514089839544992,0.8816136717796326,-1.855116269616264,-2.26163494026818,Period IV,2016-01-01
2020-05-12,GARCHNet++,0.025,-2.0132891412706133,0.8574848175048828,-1.8294821425945567,-2.2301064435406066,Period IV,2016-01-01
2020-05-13,GARCHNet++,0.025,-1.7844129300901634,0.9101069569587708,-1.8849719648789005,-2.298481986530078,Period IV,2016-01-01
2020-05-14,GARCHNet++,0.025,1.1896269895517233,0.9399176836013794,-1.915664168315858,-2.336177621691659,Period IV,2016-01-01
2020-05-15,GARCHNet++,0.025,0.4586432752557939,0.9187146425247192,-1.8938368989631065,-2.309183004781984,Period IV,2016-01-01
2020-05-18,GARCHNet++,0.025,3.000500773344127,0.8897712826728821,-1.863679716014507,-2.2720767532816004,Period IV,2016-01-01
2020-05-19,GARCHNet++,0.025,-1.0324294894732977,1.0468131303787231,-2.022097337352419,-2.46766654506669,Period IV,2016-01-01
2020-05-20,GARCHNet++,0.025,1.6845334676130814,1.0266039371490479,-2.0023790229378498,-2.4431935057637517,Period IV,2016-01-01
2020-05-21,GARCHNet++,0.025,-0.6927885641062185,1.020870566368103,-1.996758490213903,-2.436252325137384,Period IV,2016-01-01
2020-05-22,GARCHNet++,0.025,0.18972683277800959,1.0006262063980103,-1.9767711501811744,-2.411514201763921,Period IV,2016-01-01
2020-05-26,GARCHNet++,0.025,1.2245272426979938,0.9692437648773193,-1.945413108642975,-2.372820539911133,Period IV,2016-01-01
2020-05-27,GARCHNet++,0.025,1.4769397145406273,0.9545249938964844,-1.930560889192079,-2.354610430114878,Period IV,2016-01-01
2020-05-28,GARCHNet++,0.025,-0.18466536446246287,0.9476953148841858,-1.9236423315033273,-2.3461740576275423,Period IV,2016-01-01
2020-05-29,GARCHNet++,0.025,0.4446008688818559,0.9188377857208252,-1.8940358513860038,-2.3097051231224084,Period IV,2016-01-01
2020-06-01,GARCHNet++,0.025,0.4033587965397369,0.8926839232444763,-1.8668235027866593,-2.2762809820671936,Period IV,2016-01-01
2020-06-02,GARCHNet++,0.025,0.8246054531519834,0.8619772791862488,-1.834398400213639,-2.236602356453347,Period IV,2016-01-01
2020-06-03,GARCHNet++,0.025,1.3220475147309174,0.8348837494850159,-1.8053899892181915,-2.2014314374521766,Period IV,2016-01-01
2020-06-04,GARCHNet++,0.025,-0.26301691177292247,0.812609076499939,-1.7812288558654255,-2.1723024995788567,Period IV,2016-01-01
2020-06-05,GARCHNet++,0.025,2.530660249279807,0.7626360058784485,-1.7256004908887466,-2.1045027363355007,Period IV,2016-01-01
2020-06-08,GARCHNet++,0.025,1.2015009972408368,0.8672997951507568,-1.840278215915964,-2.2446458468496275,Period IV,2016-01-01
2020-06-09,GARCHNet++,0.025,-0.7484634342424462,0.8410415649414062,-1.8121992090743382,-2.2103700497610306,Period IV,2016-01-01
2020-06-10,GARCHNet++,0.025,-0.5595627288950511,0.8494365215301514,-1.8211640077788671,-2.221082287603983,Period IV,2016-01-01
2020-06-11,GARCHNet++,0.025,-5.937740794860814,0.7694066166877747,-1.7333358250549387,-2.114296493208465,Period IV,2016-01-01
2020-06-12,GARCHNet++,0.025,1.1904529469550793,1.0911312103271484,-2.0649471906298573,-2.5218938271125704,Period IV,2016-01-01
2020-06-15,GARCHNet++,0.025,0.9292336713778283,1.0571491718292236,-2.0321589578592762,-2.480351358509596,Period IV,2016-01-01
2020-06-16,GARCHNet++,0.025,1.9064798523327482,1.028732180595398,-2.0044978305634693,-2.4459525447583,Period IV,2016-01-01
2020-06-17,GARCHNet++,0.025,-0.41624977750896663,1.207423210144043,-2.172508303086355,-2.6544792883092594,Period IV,2016-01-01
2020-06-18,GARCHNet++,0.025,0.038494520146086855,1.1761584281921387,-2.1440208953693705,-2.61896970818495,Period IV,2016-01-01
2020-06-19,GARCHNet++,0.025,-1.0122210350604972,1.14451003074646,-2.1148224288706614,-2.5826828197011813,Period IV,2016-01-01
2020-06-22,GARCHNet++,0.025,0.6394687803636784,1.1502752304077148,-2.120173625792117,-2.589342794078623,Period IV,2016-01-01
2020-06-23,GARCHNet++,0.025,0.45931078389241775,1.123866319656372,-2.095573209599787,-2.5588189256856855,Period IV,2016-01-01
2020-06-24,GARCHNet++,0.025,-2.5839694081199536,1.0948083400726318,-2.0681912486122482,-2.524933998970123,Period IV,2016-01-01
2020-06-25,GARCHNet++,0.025,1.066348503151595,1.2305266857147217,-2.193345409736031,-2.6805436530813647,Period IV,2016-01-01
2020-06-26,GARCHNet++,0.025,-2.4038096459339244,1.2035809755325317,-2.1689824656204095,-2.6499053388418456,Period IV,2016-01-01
2020-06-29,GARCHNet++,0.025,1.4590600813082581,1.2895764112472534,-2.2456011890546668,-2.7453987220264806,Period IV,2016-01-01
2020-06-30,GARCHNet++,0.025,1.2728196521442903,1.2668726444244385,-2.225545308479476,-2.7200701415937956,Period IV,2016-01-01
2020-07-01,GARCHNet++,0.025,0.6980392070335714,1.2398332357406616,-2.2015212158140423,-2.6901228253080465,Period IV,2016-01-01
2020-07-02,GARCHNet++,0.025,0.5491854742917902,1.204758882522583,-2.169987772842394,-2.65091055892126,Period IV,2016-01-01
2020-07-06,GARCHNet++,0.025,1.531932074415112,1.1739447116851807,-2.141921680770438,-2.6160843944702483,Period IV,2016-01-01
2020-07-07,GARCHNet++,0.025,-1.0367352129633485,1.1726588010787964,-2.140770704577763,-2.614768025769972,Period IV,2016-01-01
2020-07-08,GARCHNet++,0.025,0.7619548988834753,1.171667218208313,-2.139863241620125,-2.613650995492174,Period IV,2016-01-01
2020-07-09,GARCHNet++,0.025,-0.5709187671675111,1.144639015197754,-2.114917024861169,-2.582700739969108,Period IV,2016-01-01
2020-07-10,GARCHNet++,0.025,1.0158770368597723,1.125126838684082,-2.09673362870952,-2.5601786205044745,Period IV,2016-01-01
2020-07-13,GARCHNet++,0.025,-0.8696669557654455,1.082319974899292,-2.0563323331214,-2.510340484771985,Period IV,2016-01-01
2020-07-14,GARCHNet++,0.025,1.2875768095466746,1.081202507019043,-2.0552726713639875,-2.509055430521199,Period IV,2016-01-01
2020-07-15,GARCHNet++,0.025,0.9145287724412186,1.074447751045227,-2.0488300529705286,-2.50114114279205,Period IV,2016-01-01
2020-07-16,GARCHNet++,0.025,-0.329888738868124,1.2550376653671265,-2.215351779361907,-2.708524681157722,Period IV,2016-01-01
2020-07-17,GARCHNet++,0.025,0.28948757563760136,1.2275432348251343,-2.1908170283960957,-2.6779858243203982,Period IV,2016-01-01
2020-07-20,GARCHNet++,0.025,0.8049099456827503,1.193756341934204,-2.1603072076833167,-2.6400899772422917,Period IV,2016-01-01
2020-07-21,GARCHNet++,0.025,0.2125275847297115,1.1609724760055542,-2.1303248016647585,-2.602999813386444,Period IV,2016-01-01
2020-07-22,GARCHNet++,0.025,0.5675918714983156,1.1247750520706177,-2.0967084719329354,-2.5613520845881093,Period IV,2016-01-01
2020-07-23,GARCHNet++,0.025,-1.2003449762736862,1.0927302837371826,-2.0665203419051124,-2.524056259936035,Period IV,2016-01-01
2020-07-24,GARCHNet++,0.025,-0.64612134078022,0.9418293833732605,-1.9185318743550523,-2.3432973799399948,Period IV,2016-01-01
2020-07-27,GARCHNet++,0.025,0.7265973018451793,0.9157652854919434,-1.8918146766904378,-2.310727446257497,Period IV,2016-01-01
2020-07-28,GARCHNet++,0.025,-0.6362589928741833,0.4754648506641388,-1.3636326012800735,-1.6675025788644573,Period IV,2016-01-01
2020-07-29,GARCHNet++,0.025,1.2223710163119286,0.5073876976966858,-1.4086024646430264,-1.7222346040349987,Period IV,2016-01-01
2020-07-30,GARCHNet++,0.025,-0.3574304927252317,0.4963461756706238,-1.393246883485269,-1.7036844726738407,Period IV,2016-01-01
2020-07-31,GARCHNet++,0.025,0.7871143932114598,0.49250364303588867,-1.387802443784817,-1.6968609022390944,Period IV,2016-01-01
2020-08-03,GARCHNet++,0.025,0.6928106146781003,0.4551149010658264,-1.334130017649979,-1.6314189608594378,Period IV,2016-01-01
2020-08-04,GARCHNet++,0.025,0.38551736353535687,0.4029109477996826,-1.2553418792479687,-1.5353073637638994,Period IV,2016-01-01
2020-08-05,GARCHNet++,0.025,0.619174651583392,0.3494511544704437,-1.1691184718451952,-1.4299399196218556,Period IV,2016-01-01
2020-08-06,GARCHNet++,0.025,0.6662293756877345,0.3284645974636078,-1.133472397672504,-1.3863561698820424,Period IV,2016-01-01
2020-08-07,GARCHNet++,0.025,0.07176581385700892,0.3041655123233795,-1.09076040709439,-1.334193858531079,Period IV,2016-01-01
2020-08-10,GARCHNet++,0.025,0.2984453160198847,0.291202574968338,-1.0672523118512127,-1.3053903935116362,Period IV,2016-01-01
2020-08-11,GARCHNet++,0.025,-0.8288928022774745,0.2697050869464874,-1.0271286922436216,-1.2564179796036439,Period IV,2016-01-01
2020-08-12,GARCHNet++,0.025,1.3846051698275443,0.32232555747032166,-1.1228283336603904,-1.3733302717545794,Period IV,2016-01-01
2020-08-13,GARCHNet++,0.025,-0.18094117950114885,0.3266976475715637,-1.1309627185198112,-1.3855282886619853,Period IV,2016-01-01
2020-08-14,GARCHNet++,0.025,0.0029717119300824812,0.31630000472068787,-1.1127860928543498,-1.3631190846294952,Period IV,2016-01-01
2020-08-17,GARCHNet++,0.025,0.3171569384628661,0.30186206102371216,-1.0870726901678078,-1.3315400241555675,Period IV,2016-01-01
2020-08-18,GARCHNet++,0.025,0.21580407948688998,0.28383171558380127,-1.0541060002016172,-1.2911545843189969,Period IV,2016-01-01
2020-08-19,GARCHNet++,0.025,-0.4172416749373015,0.2694093585014343,-1.0269727245363576,-1.2579071831500266,Period IV,2016-01-01
2020-08-20,GARCHNet++,0.025,0.31087285855023805,0.284384161233902,-1.0550988491220132,-1.2922353070482366,Period IV,2016-01-01
2020-08-21,GARCHNet++,0.025,0.354111615823734,0.2615915536880493,-1.011963631486782,-1.239527630986694,Period IV,2016-01-01
2020-08-24,GARCHNet++,0.025,1.0082155503900299,0.24841062724590302,-0.986155501343876,-1.2079847897383003,Period IV,2016-01-01
2020-08-25,GARCHNet++,0.025,0.3493196596273682,0.24753981828689575,-0.9844637046486295,-1.2060720937457465,Period IV,2016-01-01
2020-08-26,GARCHNet++,0.025,0.9975685076455696,0.23594902455806732,-0.9611462763016818,-1.1775355838328503,Period IV,2016-01-01
2020-08-27,GARCHNet++,0.025,0.2184163117804633,0.23583531379699707,-0.9609458335639831,-1.1774206247812817,Period IV,2016-01-01
2020-08-28,GARCHNet++,0.025,0.6438619734780553,0.22830569744110107,-0.9454744584738861,-1.1584360217753873,Period IV,2016-01-01
2020-08-31,GARCHNet++,0.025,-0.3629114393204243,0.22338537871837616,-0.9352424771156719,-1.1459483280927787,Period IV,2016-01-01
2020-09-01,GARCHNet++,0.025,0.9374514174085585,0.23859085142612457,-0.9665083589999742,-1.1840892858053675,Period IV,2016-01-01
2020-09-02,GARCHNet++,0.025,1.4360393117624624,0.2365795224905014,-0.9624593156537362,-1.179268691115572,Period IV,2016-01-01
2020-09-03,GARCHNet++,0.025,-3.502042462644392,0.25407183170318604,-0.9974523744762811,-1.2223382779094403,Period IV,2016-01-01
2020-09-04,GARCHNet++,0.025,-0.8198218003101077,1.362754464149475,-2.309908757627754,-2.830079212965357,Period IV,2016-01-01
2020-09-08,GARCHNet++,0.025,-2.7703141558992694,1.403518557548523,-2.344152537571042,-2.8718259068670347,Period IV,2016-01-01
2020-09-09,GARCHNet++,0.025,1.9554908673632088,1.7022075653076172,-2.5833435086302883,-3.1724487813918953,Period IV,2016-01-01
2020-09-10,GARCHNet++,0.025,-1.7516163589897775,1.7343562841415405,-2.607585250568736,-3.202047694113654,Period IV,2016-01-01
2020-09-11,GARCHNet++,0.025,0.05089689668963855,2.091797113418579,-2.8666625791483358,-3.5334483404963235,Period IV,2016-01-01
2020-09-14,GARCHNet++,0.025,1.3085281479949857,2.0025579929351807,-2.803979387066494,-3.4521957831244934,Period IV,2016-01-01
2020-09-15,GARCHNet++,0.025,0.5039640391992443,1.9809081554412842,-2.7885869628209616,-3.43236402573865,Period IV,2016-01-01
2020-09-16,GARCHNet++,0.025,-0.39765175958138604,1.9117465019226074,-2.738945854639278,-3.3688870789336596,Period IV,2016-01-01
2020-09-17,GARCHNet++,0.025,-0.8834169361647914,1.8596224784851074,-2.7009835805952354,-3.320566860897072,Period IV,2016-01-01
2020-09-18,GARCHNet++,0.025,-1.5574449506466947,1.8529735803604126,-2.6961169547552184,-3.3144342692692454,Period IV,2016-01-01
2020-09-21,GARCHNet++,0.025,-1.1191968358818667,1.934576153755188,-2.7554854000463367,-3.3902804526598396,Period IV,2016-01-01
2020-09-22,GARCHNet++,0.025,1.0132868136627597,1.9320917129516602,-2.7536510935769236,-3.387734269579623,Period IV,2016-01-01
2020-09-23,GARCHNet++,0.025,-2.3464099472423143,1.8825305700302124,-2.717702281850661,-3.341712907199204,Period IV,2016-01-01
2020-09-24,GARCHNet++,0.025,0.2661917974041229,2.0711522102355957,-2.8522440165117797,-3.5145781720933535,Period IV,2016-01-01
2020-09-25,GARCHNet++,0.025,1.6037664619024166,1.9701837301254272,-2.7808649389733877,-3.422121860840861,Period IV,2016-01-01
2020-09-28,GARCHNet++,0.025,1.6472922256805596,1.9655709266662598,-2.777594380268047,-3.4180375034641637,Period IV,2016-01-01
2020-09-29,GARCHNet++,0.025,-0.5460909306988011,1.962805151939392,-2.7756319065726585,-3.4155882949408034,Period IV,2016-01-01
2020-09-30,GARCHNet++,0.025,0.7553371925994548,1.8982187509536743,-2.7291072131902014,-3.3562012424383156,Period IV,2016-01-01
2020-10-01,GARCHNet++,0.025,0.6399479587811491,1.8423130512237549,-2.688227471865598,-3.304192795948109,Period IV,2016-01-01
2020-10-02,GARCHNet++,0.025,-0.9539817709959986,1.7809268236160278,-2.642683500527063,-3.246548495526487,Period IV,2016-01-01
2020-10-05,GARCHNet++,0.025,1.7577689434087953,1.7339519262313843,-2.6073818778878897,-3.2022359876118647,Period IV,2016-01-01
2020-10-06,GARCHNet++,0.025,-1.4317981848638595,1.7593297958374023,-2.6266202652732207,-3.226855700124465,Period IV,2016-01-01
2020-10-07,GARCHNet++,0.025,1.7256912933913653,1.7520802021026611,-2.621258924653779,-3.220514447525278,Period IV,2016-01-01
2020-10-08,GARCHNet++,0.025,0.8823468516178457,1.7613672018051147,-2.628250261919162,-3.229338732093375,Period IV,2016-01-01
2020-10-09,GARCHNet++,0.025,0.8890513079114817,1.7662543058395386,-2.6322778312574084,-3.2359812580315594,Period IV,2016-01-01
2020-10-12,GARCHNet++,0.025,1.5959572761759169,1.7002116441726685,-2.582192698037272,-3.1726273681291106,Period IV,2016-01-01
2020-10-13,GARCHNet++,0.025,-0.6547472151973233,1.7020468711853027,-2.583690552935071,-3.174927443713373,Period IV,2016-01-01
2020-10-14,GARCHNet++,0.025,-0.6303238972997072,1.6657917499542236,-2.5557574983078144,-3.1394292159525747,Period IV,2016-01-01
2020-10-15,GARCHNet++,0.025,-0.12366240602409524,1.6253688335418701,-2.524307445987484,-3.0997070560529267,Period IV,2016-01-01
2020-10-16,GARCHNet++,0.025,-0.06044746150335752,1.5251939296722412,-2.4447005713235312,-2.9994483820851325,Period IV,2016-01-01
2020-10-19,GARCHNet++,0.025,-1.532018543497615,1.3757678270339966,-2.3212697869904115,-2.8455051977676784,Period IV,2016-01-01
2020-10-20,GARCHNet++,0.025,0.3997714914079781,1.5090529918670654,-2.4318356623673125,-2.9841168493768406,Period IV,2016-01-01
2020-10-21,GARCHNet++,0.025,-0.18947226418669316,1.4252434968948364,-2.362919331955213,-2.897744176873164,Period IV,2016-01-01
2020-10-22,GARCHNet++,0.025,0.5470303091080673,1.1454880237579346,-2.118082255965686,-2.596316577019853,Period IV,2016-01-01
2020-10-23,GARCHNet++,0.025,0.33894308282106866,1.0307674407958984,-2.009254682233725,-2.463055869886633,Period IV,2016-01-01
2020-10-26,GARCHNet++,0.025,-1.865279937878164,0.8489965200424194,-1.8236090348311946,-2.235909992309004,Period IV,2016-01-01
2020-10-27,GARCHNet++,0.025,-0.3453356836822834,1.3899129629135132,-2.3335182354162254,-2.861986509107046,Period IV,2016-01-01
2020-10-28,GARCHNet++,0.025,-3.4776689094976296,1.3496185541152954,-2.2991870451355814,-2.8187876042133975,Period IV,2016-01-01
2020-10-29,GARCHNet++,0.025,1.0112194021458154,2.070838212966919,-2.8529677149079435,-3.5198556321115344,Period IV,2016-01-01
2020-10-30,GARCHNet++,0.025,-1.0479600991130111,2.0275964736938477,-2.8221719081550276,-3.47788395704528,Period IV,2016-01-01
2020-11-02,GARCHNet++,0.025,1.1146089588536665,2.039264440536499,-2.830299524347799,-3.4879880839519806,Period IV,2016-01-01
2020-11-03,GARCHNet++,0.025,1.7501869604411622,1.9936987161636353,-2.79805729969731,-3.4462146829805707,Period IV,2016-01-01
2020-11-04,GARCHNet++,0.025,2.2103140022991603,2.0193967819213867,-2.8162595869722695,-3.469675400986674,Period IV,2016-01-01
2020-11-05,GARCHNet++,0.025,1.9315027809857488,2.1083943843841553,-2.8783627424203604,-3.549500243400007,Period IV,2016-01-01
2020-11-06,GARCHNet++,0.025,-0.022840255085774322,2.343367099761963,-3.0365890730137877,-3.754541528267454,Period IV,2016-01-01
2020-11-09,GARCHNet++,0.025,1.2487373892100522,2.196364641189575,-2.9384799884756667,-3.6268541117644966,Period IV,2016-01-01
2020-11-10,GARCHNet++,0.025,-0.1467651996983042,2.135629415512085,-2.8971163210784345,-3.5736710250807864,Period IV,2016-01-01
2020-11-11,GARCHNet++,0.025,0.7401096949917688,2.0125539302825928,-2.8114598990615676,-3.4636512400335016,Period IV,2016-01-01
2020-11-12,GARCHNet++,0.025,-0.9748265478456679,1.9045952558517456,-2.7342940621680243,-3.3653047995787566,Period IV,2016-01-01
2020-11-13,GARCHNet++,0.025,1.3749537340944966,1.9099457263946533,-2.7382392063489385,-3.370645615604285,Period IV,2016-01-01
2020-11-16,GARCHNet++,0.025,1.2405285253222402,1.8713825941085815,-2.71025970866218,-3.3353221303401415,Period IV,2016-01-01
2020-11-17,GARCHNet++,0.025,-0.5392820493601607,1.8002326488494873,-2.6578559096873065,-3.2691146718616713,Period IV,2016-01-01
2020-11-18,GARCHNet++,0.025,-1.2107823670750926,1.7259033918380737,-2.6019386060567773,-3.198251430971595,Period IV,2016-01-01
2020-11-19,GARCHNet++,0.025,0.4201333813765502,1.8033586740493774,-2.6602319414371274,-3.2723477203866858,Period IV,2016-01-01
2020-11-20,GARCHNet++,0.025,-0.6871371590023763,1.6869678497314453,-2.572202772629191,-3.1607342537482266,Period IV,2016-01-01
2020-11-23,GARCHNet++,0.025,0.5976546496514336,1.6440801620483398,-2.539060929615203,-3.118979338435583,Period IV,2016-01-01
2020-11-24,GARCHNet++,0.025,1.5985270793455963,1.4790496826171875,-2.407587805347951,-2.954571360513284,Period IV,2016-01-01
2020-11-25,GARCHNet++,0.025,-0.15429483273409825,1.4733421802520752,-2.4031565228210816,-2.950075971303948,Period IV,2016-01-01
2020-11-27,GARCHNet++,0.025,0.27811336248563356,0.8809608817100525,-1.8586144951879668,-2.2831081566048486,Period IV,2016-01-01
2020-11-30,GARCHNet++,0.025,-0.4436962743950226,0.7188919186592102,-1.6790572345335502,-2.062925642093485,Period IV,2016-01-01
2020-12-01,GARCHNet++,0.025,1.0878009496786718,0.6319654583930969,-1.5742847803064361,-1.9342465143242389,Period IV,2016-01-01
2020-12-02,GARCHNet++,0.025,0.2101553792160207,0.5463091731071472,-1.463838494037732,-1.7990996856811396,Period IV,2016-01-01
2020-12-03,GARCHNet++,0.025,-0.027268937840814113,0.436484694480896,-1.3084782679477878,-1.6082650536986751,Period IV,2016-01-01
2020-12-04,GARCHNet++,0.025,0.8580723421316999,0.3674037754535675,-1.2005130733771465,-1.4757237235527196,Period IV,2016-01-01
2020-12-07,GARCHNet++,0.025,-0.20570277183633748,0.2869478166103363,-1.0615999307483948,-1.3078801760970546,Period IV,2016-01-01
2020-12-08,GARCHNet++,0.025,0.2921889034867222,0.28227055072784424,-1.0528533588428233,-1.2968338368899064,Period IV,2016-01-01
2020-12-09,GARCHNet++,0.025,-0.9009334055422739,0.2592879831790924,-1.0090688480408334,-1.2428445135760602,Period IV,2016-01-01
2020-12-10,GARCHNet++,0.025,-0.0327149364656226,0.394497275352478,-1.2444831399948917,-1.5319809011287058,Period IV,2016-01-01
2020-12-11,GARCHNet++,0.025,-0.11732759734402676,0.36066770553588867,-1.1899226461697565,-1.4647922027051241,Period IV,2016-01-01
2020-12-14,GARCHNet++,0.025,-0.44872138059499406,0.33578816056251526,-1.1481722299536308,-1.4135084838080043,Period IV,2016-01-01
2020-12-15,GARCHNet++,0.025,1.3428850562282912,0.3649508059024811,-1.196889919307837,-1.4730189626348147,Period IV,2016-01-01
2020-12-16,GARCHNet++,0.025,0.1568122637186229,0.3738534450531006,-1.2115776603713302,-1.4918993253798867,Period IV,2016-01-01
2020-12-17,GARCHNet++,0.025,0.55763854485796,0.32983455061912537,-1.1380457784874898,-1.4014870988497636,Period IV,2016-01-01
2020-12-18,GARCHNet++,0.025,-0.8254471160338154,0.28865891695022583,-1.0647349680320821,-1.3116254337745055,Period IV,2016-01-01
2020-12-21,GARCHNet++,0.025,-0.3581918959335216,0.4110895097255707,-1.270402175911026,-1.5639675967771882,Period IV,2016-01-01
2020-12-22,GARCHNet++,0.025,-0.16868324984086336,0.4132283926010132,-1.2736544484287518,-1.5677520695883087,Period IV,2016-01-01
